Row, County ,Year,REGION,Age,Vaccine,Percent
1,Adams,2014,Southern,19–26 years old,HPV Complete,15.9%
2,Adams,2015,Southern,19–26 years old,HPV Complete,17.5%
3,Adams,2016,Southern,19–26 years old,HPV Complete,19.8%
4,Adams,2017,Southern,19–26 years old,HPV Complete,22.1%
5,Adams,2018,Southern,19–26 years old,HPV Complete,25.0%
6,Adams,2018,Southern,50 years and older,Zoster (Shingles) Complete,0.8%
7,Adams,2019,Southern,19–26 years old,HPV Complete,27.7%
8,Adams,2019,Southern,19–49 years old,HepA Complete,5.9%
9,Adams,2019,Southern,50 years and older,Zoster (Shingles) Complete,4.1%
10,Adams,2020,Southern,19–26 years old,HPV Complete,28.7%
11,Adams,2020,Southern,19–49 years old,HepA Complete,6.9%
12,Adams,2020,Southern,50 years and older,Zoster (Shingles) Complete,10.1%
13,Adams,2021,Southern,19–26 years old,HPV Complete,30.3%
14,Adams,2021,Southern,19–49 years old,HepA Complete,8.2%
15,Adams,2021,Southern,50 years and older,Zoster (Shingles) Complete,15.1%
16,Adams,2022,Southern,19–26 years old,HPV Complete,33.7%
17,Adams,2022,Southern,19–49 years old,HepA Complete,8.8%
18,Adams,2022,Southern,19–59 years old,HepB (1),44.4%
19,Adams,2022,Southern,19–59 years old,HepB Complete,38.1%
20,Adams,2022,Southern,50 years and older,Zoster (Shingles) Complete,19.4%
21,Adams,2023,Southern,19–26 years old,HPV Complete,41.6%
22,Adams,2023,Southern,19–49 years old,HepA Complete,12.3%
23,Adams,2023,Southern,19–59 years old,HepB (1),47.8%
24,Adams,2023,Southern,19–59 years old,HepB Complete,41.6%
25,Adams,2023,Southern,19–64 years old,Td or Tdap,61.3%
26,Adams,2023,Southern,19–64 years old,Tdap,51.7%
27,Adams,2023,Southern,50 years and older,Zoster (Shingles) Complete,25.7%
28,Adams,2024,Southern,19–26 years old,HPV Complete,45.6%
29,Adams,2024,Southern,19–49 years old,HepA Complete,14.6%
30,Adams,2024,Southern,19–59 years old,HepB (1),50.0%
31,Adams,2024,Southern,19–59 years old,HepB Complete,43.6%
32,Adams,2024,Southern,19–64 years old,Td or Tdap,61.3%
33,Adams,2024,Southern,19–64 years old,Tdap,51.5%
34,Adams,2024,Southern,50 years and older,Zoster (Shingles) Complete,31.2%
35,Adams,2025,Southern,19–26 years old,HPV Complete,49.4%
36,Adams,2025,Southern,19–49 years old,HepA Complete,16.8%
37,Adams,2025,Southern,19–59 years old,HepB (1),52.4%
38,Adams,2025,Southern,19–59 years old,HepB Complete,46.0%
39,Adams,2025,Southern,19–64 years old,Td or Tdap,61.2%
40,Adams,2025,Southern,19–64 years old,Tdap,51.5%
41,Adams,2025,Southern,50 years and older,Pneumo Complete,49.3%
42,Adams,2025,Southern,50 years and older,Zoster (Shingles) Complete,34.2%
43,Ashland,2014,Northern,19–26 years old,HPV Complete,16.3%
44,Ashland,2015,Northern,19–26 years old,HPV Complete,17.4%
45,Ashland,2016,Northern,19–26 years old,HPV Complete,20.0%
46,Ashland,2017,Northern,19–26 years old,HPV Complete,23.6%
47,Ashland,2018,Northern,19–26 years old,HPV Complete,27.5%
48,Ashland,2018,Northern,50 years and older,Zoster (Shingles) Complete,1.1%
49,Ashland,2019,Northern,19–26 years old,HPV Complete,30.6%
50,Ashland,2019,Northern,19–49 years old,HepA Complete,6.5%
51,Ashland,2019,Northern,50 years and older,Zoster (Shingles) Complete,4.6%
52,Ashland,2020,Northern,19–26 years old,HPV Complete,31.8%
53,Ashland,2020,Northern,19–49 years old,HepA Complete,7.9%
54,Ashland,2020,Northern,50 years and older,Zoster (Shingles) Complete,9.2%
55,Ashland,2021,Northern,19–26 years old,HPV Complete,34.5%
56,Ashland,2021,Northern,19–49 years old,HepA Complete,8.9%
57,Ashland,2021,Northern,50 years and older,Zoster (Shingles) Complete,14.1%
58,Ashland,2022,Northern,19–26 years old,HPV Complete,37.3%
59,Ashland,2022,Northern,19–49 years old,HepA Complete,9.2%
60,Ashland,2022,Northern,19–59 years old,HepB (1),41.0%
61,Ashland,2022,Northern,19–59 years old,HepB Complete,35.9%
62,Ashland,2022,Northern,50 years and older,Zoster (Shingles) Complete,18.1%
63,Ashland,2023,Northern,19–26 years old,HPV Complete,43.3%
64,Ashland,2023,Northern,19–49 years old,HepA Complete,13.6%
65,Ashland,2023,Northern,19–59 years old,HepB (1),51.7%
66,Ashland,2023,Northern,19–59 years old,HepB Complete,46.1%
67,Ashland,2023,Northern,19–64 years old,Td or Tdap,54.1%
68,Ashland,2023,Northern,19–64 years old,Tdap,48.3%
69,Ashland,2023,Northern,50 years and older,Zoster (Shingles) Complete,27.1%
70,Ashland,2024,Northern,19–26 years old,HPV Complete,45.6%
71,Ashland,2024,Northern,19–49 years old,HepA Complete,15.5%
72,Ashland,2024,Northern,19–59 years old,HepB (1),53.5%
73,Ashland,2024,Northern,19–59 years old,HepB Complete,47.8%
74,Ashland,2024,Northern,19–64 years old,Td or Tdap,54.4%
75,Ashland,2024,Northern,19–64 years old,Tdap,47.9%
76,Ashland,2024,Northern,50 years and older,Zoster (Shingles) Complete,30.6%
77,Ashland,2025,Northern,19–26 years old,HPV Complete,48.1%
78,Ashland,2025,Northern,19–49 years old,HepA Complete,17.6%
79,Ashland,2025,Northern,19–59 years old,HepB (1),55.4%
80,Ashland,2025,Northern,19–59 years old,HepB Complete,49.4%
81,Ashland,2025,Northern,19–64 years old,Td or Tdap,54.7%
82,Ashland,2025,Northern,19–64 years old,Tdap,48.1%
83,Ashland,2025,Northern,50 years and older,Pneumo Complete,43.1%
84,Ashland,2025,Northern,50 years and older,Zoster (Shingles) Complete,34.2%
85,Barron,2014,Western,19–26 years old,HPV Complete,20.4%
86,Barron,2015,Western,19–26 years old,HPV Complete,22.0%
87,Barron,2016,Western,19–26 years old,HPV Complete,24.0%
88,Barron,2017,Western,19–26 years old,HPV Complete,24.4%
89,Barron,2018,Western,19–26 years old,HPV Complete,29.7%
90,Barron,2018,Western,50 years and older,Zoster (Shingles) Complete,1.1%
91,Barron,2019,Western,19–26 years old,HPV Complete,33.3%
92,Barron,2019,Western,19–49 years old,HepA Complete,4.9%
93,Barron,2019,Western,50 years and older,Zoster (Shingles) Complete,3.8%
94,Barron,2020,Western,19–26 years old,HPV Complete,34.6%
95,Barron,2020,Western,19–49 years old,HepA Complete,5.5%
96,Barron,2020,Western,50 years and older,Zoster (Shingles) Complete,9.5%
97,Barron,2021,Western,19–26 years old,HPV Complete,36.3%
98,Barron,2021,Western,19–49 years old,HepA Complete,6.0%
99,Barron,2021,Western,50 years and older,Zoster (Shingles) Complete,15.9%
100,Barron,2022,Western,19–26 years old,HPV Complete,38.1%
101,Barron,2022,Western,19–49 years old,HepA Complete,6.1%
102,Barron,2022,Western,19–59 years old,HepB (1),53.5%
103,Barron,2022,Western,19–59 years old,HepB Complete,48.0%
104,Barron,2022,Western,50 years and older,Zoster (Shingles) Complete,19.9%
105,Barron,2023,Western,19–26 years old,HPV Complete,45.0%
106,Barron,2023,Western,19–49 years old,HepA Complete,9.2%
107,Barron,2023,Western,19–59 years old,HepB (1),56.6%
108,Barron,2023,Western,19–59 years old,HepB Complete,51.5%
109,Barron,2023,Western,19–64 years old,Td or Tdap,62.5%
110,Barron,2023,Western,19–64 years old,Tdap,52.1%
111,Barron,2023,Western,50 years and older,Zoster (Shingles) Complete,24.9%
112,Barron,2024,Western,19–26 years old,HPV Complete,47.4%
113,Barron,2024,Western,19–49 years old,HepA Complete,11.5%
114,Barron,2024,Western,19–59 years old,HepB (1),58.1%
115,Barron,2024,Western,19–59 years old,HepB Complete,53.1%
116,Barron,2024,Western,19–64 years old,Td or Tdap,61.7%
117,Barron,2024,Western,19–64 years old,Tdap,51.2%
118,Barron,2024,Western,50 years and older,Zoster (Shingles) Complete,28.0%
119,Barron,2025,Western,19–26 years old,HPV Complete,50.2%
120,Barron,2025,Western,19–49 years old,HepA Complete,14.0%
121,Barron,2025,Western,19–59 years old,HepB (1),59.9%
122,Barron,2025,Western,19–59 years old,HepB Complete,54.9%
123,Barron,2025,Western,19–64 years old,Td or Tdap,61.1%
124,Barron,2025,Western,19–64 years old,Tdap,51.0%
125,Barron,2025,Western,50 years and older,Pneumo Complete,45.7%
126,Barron,2025,Western,50 years and older,Zoster (Shingles) Complete,32.1%
127,Bayfield,2014,Northern,19–26 years old,HPV Complete,19.2%
128,Bayfield,2015,Northern,19–26 years old,HPV Complete,21.7%
129,Bayfield,2016,Northern,19–26 years old,HPV Complete,24.8%
130,Bayfield,2017,Northern,19–26 years old,HPV Complete,29.2%
131,Bayfield,2018,Northern,19–26 years old,HPV Complete,32.6%
132,Bayfield,2018,Northern,50 years and older,Zoster (Shingles) Complete,1.3%
133,Bayfield,2019,Northern,19–26 years old,HPV Complete,36.0%
134,Bayfield,2019,Northern,19–49 years old,HepA Complete,8.5%
135,Bayfield,2019,Northern,50 years and older,Zoster (Shingles) Complete,6.0%
136,Bayfield,2020,Northern,19–26 years old,HPV Complete,38.0%
137,Bayfield,2020,Northern,19–49 years old,HepA Complete,10.0%
138,Bayfield,2020,Northern,50 years and older,Zoster (Shingles) Complete,11.9%
139,Bayfield,2021,Northern,19–26 years old,HPV Complete,41.0%
140,Bayfield,2021,Northern,19–49 years old,HepA Complete,11.5%
141,Bayfield,2021,Northern,50 years and older,Zoster (Shingles) Complete,17.5%
142,Bayfield,2022,Northern,19–26 years old,HPV Complete,43.6%
143,Bayfield,2022,Northern,19–49 years old,HepA Complete,12.1%
144,Bayfield,2022,Northern,19–59 years old,HepB (1),44.7%
145,Bayfield,2022,Northern,19–59 years old,HepB Complete,39.4%
146,Bayfield,2022,Northern,50 years and older,Zoster (Shingles) Complete,22.0%
147,Bayfield,2023,Northern,19–26 years old,HPV Complete,47.1%
148,Bayfield,2023,Northern,19–49 years old,HepA Complete,16.1%
149,Bayfield,2023,Northern,19–59 years old,HepB (1),52.5%
150,Bayfield,2023,Northern,19–59 years old,HepB Complete,46.7%
151,Bayfield,2023,Northern,19–64 years old,Td or Tdap,56.9%
152,Bayfield,2023,Northern,19–64 years old,Tdap,48.0%
153,Bayfield,2023,Northern,50 years and older,Zoster (Shingles) Complete,30.8%
154,Bayfield,2024,Northern,19–26 years old,HPV Complete,50.0%
155,Bayfield,2024,Northern,19–49 years old,HepA Complete,17.7%
156,Bayfield,2024,Northern,19–59 years old,HepB (1),55.0%
157,Bayfield,2024,Northern,19–59 years old,HepB Complete,49.1%
158,Bayfield,2024,Northern,19–64 years old,Td or Tdap,57.4%
159,Bayfield,2024,Northern,19–64 years old,Tdap,47.7%
160,Bayfield,2024,Northern,50 years and older,Zoster (Shingles) Complete,33.8%
161,Bayfield,2025,Northern,19–26 years old,HPV Complete,50.9%
162,Bayfield,2025,Northern,19–49 years old,HepA Complete,19.5%
163,Bayfield,2025,Northern,19–59 years old,HepB (1),57.2%
164,Bayfield,2025,Northern,19–59 years old,HepB Complete,51.0%
165,Bayfield,2025,Northern,19–64 years old,Td or Tdap,58.7%
166,Bayfield,2025,Northern,19–64 years old,Tdap,48.1%
167,Bayfield,2025,Northern,50 years and older,Pneumo Complete,46.9%
168,Bayfield,2025,Northern,50 years and older,Zoster (Shingles) Complete,38.1%
169,Brown,2014,Northeastern,19–26 years old,HPV Complete,19.6%
170,Brown,2015,Northeastern,19–26 years old,HPV Complete,21.6%
171,Brown,2016,Northeastern,19–26 years old,HPV Complete,24.7%
172,Brown,2017,Northeastern,19–26 years old,HPV Complete,29.0%
173,Brown,2018,Northeastern,19–26 years old,HPV Complete,32.0%
174,Brown,2018,Northeastern,50 years and older,Zoster (Shingles) Complete,2.3%
175,Brown,2019,Northeastern,19–26 years old,HPV Complete,36.7%
176,Brown,2019,Northeastern,19–49 years old,HepA Complete,13.7%
177,Brown,2019,Northeastern,50 years and older,Zoster (Shingles) Complete,8.4%
178,Brown,2020,Northeastern,19–26 years old,HPV Complete,39.4%
179,Brown,2020,Northeastern,19–49 years old,HepA Complete,15.9%
180,Brown,2020,Northeastern,50 years and older,Zoster (Shingles) Complete,17.5%
181,Brown,2021,Northeastern,19–26 years old,HPV Complete,42.3%
182,Brown,2021,Northeastern,19–49 years old,HepA Complete,17.7%
183,Brown,2021,Northeastern,50 years and older,Zoster (Shingles) Complete,24.7%
184,Brown,2022,Northeastern,19–26 years old,HPV Complete,45.3%
185,Brown,2022,Northeastern,19–49 years old,HepA Complete,18.2%
186,Brown,2022,Northeastern,19–59 years old,HepB (1),47.0%
187,Brown,2022,Northeastern,19–59 years old,HepB Complete,41.5%
188,Brown,2022,Northeastern,50 years and older,Zoster (Shingles) Complete,30.0%
189,Brown,2023,Northeastern,19–26 years old,HPV Complete,53.1%
190,Brown,2023,Northeastern,19–49 years old,HepA Complete,21.9%
191,Brown,2023,Northeastern,19–59 years old,HepB (1),51.1%
192,Brown,2023,Northeastern,19–59 years old,HepB Complete,45.5%
193,Brown,2023,Northeastern,19–64 years old,Td or Tdap,64.2%
194,Brown,2023,Northeastern,19–64 years old,Tdap,57.2%
195,Brown,2023,Northeastern,50 years and older,Zoster (Shingles) Complete,36.2%
196,Brown,2024,Northeastern,19–26 years old,HPV Complete,56.3%
197,Brown,2024,Northeastern,19–49 years old,HepA Complete,24.3%
198,Brown,2024,Northeastern,19–59 years old,HepB (1),54.5%
199,Brown,2024,Northeastern,19–59 years old,HepB Complete,48.1%
200,Brown,2024,Northeastern,19–64 years old,Td or Tdap,64.7%
201,Brown,2024,Northeastern,19–64 years old,Tdap,57.1%
202,Brown,2024,Northeastern,50 years and older,Zoster (Shingles) Complete,39.4%
203,Brown,2025,Northeastern,19–26 years old,HPV Complete,59.6%
204,Brown,2025,Northeastern,19–49 years old,HepA Complete,27.1%
205,Brown,2025,Northeastern,19–59 years old,HepB (1),57.7%
206,Brown,2025,Northeastern,19–59 years old,HepB Complete,51.4%
207,Brown,2025,Northeastern,19–64 years old,Td or Tdap,65.1%
208,Brown,2025,Northeastern,19–64 years old,Tdap,57.6%
209,Brown,2025,Northeastern,50 years and older,Pneumo Complete,48.6%
210,Brown,2025,Northeastern,50 years and older,Zoster (Shingles) Complete,42.2%
211,Buffalo,2014,Western,19–26 years old,HPV Complete,18.3%
212,Buffalo,2015,Western,19–26 years old,HPV Complete,19.2%
213,Buffalo,2016,Western,19–26 years old,HPV Complete,21.3%
214,Buffalo,2017,Western,19–26 years old,HPV Complete,26.1%
215,Buffalo,2018,Western,19–26 years old,HPV Complete,28.2%
216,Buffalo,2018,Western,50 years and older,Zoster (Shingles) Complete,2.7%
217,Buffalo,2019,Western,19–26 years old,HPV Complete,32.0%
218,Buffalo,2019,Western,19–49 years old,HepA Complete,5.3%
219,Buffalo,2019,Western,50 years and older,Zoster (Shingles) Complete,8.0%
220,Buffalo,2020,Western,19–26 years old,HPV Complete,33.7%
221,Buffalo,2020,Western,19–49 years old,HepA Complete,7.3%
222,Buffalo,2020,Western,50 years and older,Zoster (Shingles) Complete,13.1%
223,Buffalo,2021,Western,19–26 years old,HPV Complete,37.5%
224,Buffalo,2021,Western,19–49 years old,HepA Complete,8.5%
225,Buffalo,2021,Western,50 years and older,Zoster (Shingles) Complete,18.4%
226,Buffalo,2022,Western,19–26 years old,HPV Complete,41.7%
227,Buffalo,2022,Western,19–49 years old,HepA Complete,8.9%
228,Buffalo,2022,Western,19–59 years old,HepB (1),46.0%
229,Buffalo,2022,Western,19–59 years old,HepB Complete,39.8%
230,Buffalo,2022,Western,50 years and older,Zoster (Shingles) Complete,23.1%
231,Buffalo,2023,Western,19–26 years old,HPV Complete,53.4%
232,Buffalo,2023,Western,19–49 years old,HepA Complete,13.1%
233,Buffalo,2023,Western,19–59 years old,HepB (1),50.9%
234,Buffalo,2023,Western,19–59 years old,HepB Complete,45.1%
235,Buffalo,2023,Western,19–64 years old,Td or Tdap,65.3%
236,Buffalo,2023,Western,19–64 years old,Tdap,57.6%
237,Buffalo,2023,Western,50 years and older,Zoster (Shingles) Complete,29.5%
238,Buffalo,2024,Western,19–26 years old,HPV Complete,57.2%
239,Buffalo,2024,Western,19–49 years old,HepA Complete,15.3%
240,Buffalo,2024,Western,19–59 years old,HepB (1),53.5%
241,Buffalo,2024,Western,19–59 years old,HepB Complete,47.1%
242,Buffalo,2024,Western,19–64 years old,Td or Tdap,65.9%
243,Buffalo,2024,Western,19–64 years old,Tdap,57.9%
244,Buffalo,2024,Western,50 years and older,Zoster (Shingles) Complete,33.7%
245,Buffalo,2025,Western,19–26 years old,HPV Complete,58.7%
246,Buffalo,2025,Western,19–49 years old,HepA Complete,17.4%
247,Buffalo,2025,Western,19–59 years old,HepB (1),55.7%
248,Buffalo,2025,Western,19–59 years old,HepB Complete,49.3%
249,Buffalo,2025,Western,19–64 years old,Td or Tdap,64.2%
250,Buffalo,2025,Western,19–64 years old,Tdap,56.7%
251,Buffalo,2025,Western,50 years and older,Pneumo Complete,45.5%
252,Buffalo,2025,Western,50 years and older,Zoster (Shingles) Complete,37.1%
253,Burnett,2014,Western,19–26 years old,HPV Complete,15.9%
254,Burnett,2015,Western,19–26 years old,HPV Complete,16.8%
255,Burnett,2016,Western,19–26 years old,HPV Complete,18.2%
256,Burnett,2017,Western,19–26 years old,HPV Complete,21.2%
257,Burnett,2018,Western,19–26 years old,HPV Complete,23.8%
258,Burnett,2018,Western,50 years and older,Zoster (Shingles) Complete,1.3%
259,Burnett,2019,Western,19–26 years old,HPV Complete,25.9%
260,Burnett,2019,Western,19–49 years old,HepA Complete,7.1%
261,Burnett,2019,Western,50 years and older,Zoster (Shingles) Complete,6.2%
262,Burnett,2020,Western,19–26 years old,HPV Complete,27.3%
263,Burnett,2020,Western,19–49 years old,HepA Complete,8.4%
264,Burnett,2020,Western,50 years and older,Zoster (Shingles) Complete,11.7%
265,Burnett,2021,Western,19–26 years old,HPV Complete,28.9%
266,Burnett,2021,Western,19–49 years old,HepA Complete,9.4%
267,Burnett,2021,Western,50 years and older,Zoster (Shingles) Complete,16.5%
268,Burnett,2022,Western,19–26 years old,HPV Complete,29.9%
269,Burnett,2022,Western,19–49 years old,HepA Complete,9.7%
270,Burnett,2022,Western,19–59 years old,HepB (1),48.7%
271,Burnett,2022,Western,19–59 years old,HepB Complete,43.2%
272,Burnett,2022,Western,50 years and older,Zoster (Shingles) Complete,20.1%
273,Burnett,2023,Western,19–26 years old,HPV Complete,36.6%
274,Burnett,2023,Western,19–49 years old,HepA Complete,14.2%
275,Burnett,2023,Western,19–59 years old,HepB (1),52.2%
276,Burnett,2023,Western,19–59 years old,HepB Complete,46.9%
277,Burnett,2023,Western,19–64 years old,Td or Tdap,56.3%
278,Burnett,2023,Western,19–64 years old,Tdap,49.8%
279,Burnett,2023,Western,50 years and older,Zoster (Shingles) Complete,27.1%
280,Burnett,2024,Western,19–26 years old,HPV Complete,39.7%
281,Burnett,2024,Western,19–49 years old,HepA Complete,16.2%
282,Burnett,2024,Western,19–59 years old,HepB (1),53.7%
283,Burnett,2024,Western,19–59 years old,HepB Complete,48.2%
284,Burnett,2024,Western,19–64 years old,Td or Tdap,56.7%
285,Burnett,2024,Western,19–64 years old,Tdap,50.0%
286,Burnett,2024,Western,50 years and older,Zoster (Shingles) Complete,30.3%
287,Burnett,2025,Western,19–26 years old,HPV Complete,41.5%
288,Burnett,2025,Western,19–49 years old,HepA Complete,18.4%
289,Burnett,2025,Western,19–59 years old,HepB (1),55.2%
290,Burnett,2025,Western,19–59 years old,HepB Complete,49.7%
291,Burnett,2025,Western,19–64 years old,Td or Tdap,56.6%
292,Burnett,2025,Western,19–64 years old,Tdap,49.5%
293,Burnett,2025,Western,50 years and older,Pneumo Complete,44.1%
294,Burnett,2025,Western,50 years and older,Zoster (Shingles) Complete,34.2%
295,Calumet,2014,Northeastern,19–26 years old,HPV Complete,23.4%
296,Calumet,2015,Northeastern,19–26 years old,HPV Complete,26.5%
297,Calumet,2016,Northeastern,19–26 years old,HPV Complete,29.8%
298,Calumet,2017,Northeastern,19–26 years old,HPV Complete,33.9%
299,Calumet,2018,Northeastern,19–26 years old,HPV Complete,36.8%
300,Calumet,2018,Northeastern,50 years and older,Zoster (Shingles) Complete,1.9%
301,Calumet,2019,Northeastern,19–26 years old,HPV Complete,41.8%
302,Calumet,2019,Northeastern,19–49 years old,HepA Complete,14.5%
303,Calumet,2019,Northeastern,50 years and older,Zoster (Shingles) Complete,9.1%
304,Calumet,2020,Northeastern,19–26 years old,HPV Complete,44.4%
305,Calumet,2020,Northeastern,19–49 years old,HepA Complete,16.0%
306,Calumet,2020,Northeastern,50 years and older,Zoster (Shingles) Complete,18.6%
307,Calumet,2021,Northeastern,19–26 years old,HPV Complete,47.0%
308,Calumet,2021,Northeastern,19–49 years old,HepA Complete,17.5%
309,Calumet,2021,Northeastern,50 years and older,Zoster (Shingles) Complete,25.4%
310,Calumet,2022,Northeastern,19–26 years old,HPV Complete,49.4%
311,Calumet,2022,Northeastern,19–49 years old,HepA Complete,17.9%
312,Calumet,2022,Northeastern,19–59 years old,HepB (1),50.3%
313,Calumet,2022,Northeastern,19–59 years old,HepB Complete,45.6%
314,Calumet,2022,Northeastern,50 years and older,Zoster (Shingles) Complete,30.0%
315,Calumet,2023,Northeastern,19–26 years old,HPV Complete,56.3%
316,Calumet,2023,Northeastern,19–49 years old,HepA Complete,23.0%
317,Calumet,2023,Northeastern,19–59 years old,HepB (1),54.1%
318,Calumet,2023,Northeastern,19–59 years old,HepB Complete,49.5%
319,Calumet,2023,Northeastern,19–64 years old,Td or Tdap,67.2%
320,Calumet,2023,Northeastern,19–64 years old,Tdap,59.5%
321,Calumet,2023,Northeastern,50 years and older,Zoster (Shingles) Complete,35.2%
322,Calumet,2024,Northeastern,19–26 years old,HPV Complete,58.0%
323,Calumet,2024,Northeastern,19–49 years old,HepA Complete,25.5%
324,Calumet,2024,Northeastern,19–59 years old,HepB (1),57.2%
325,Calumet,2024,Northeastern,19–59 years old,HepB Complete,52.1%
326,Calumet,2024,Northeastern,19–64 years old,Td or Tdap,67.5%
327,Calumet,2024,Northeastern,19–64 years old,Tdap,59.4%
328,Calumet,2024,Northeastern,50 years and older,Zoster (Shingles) Complete,38.9%
329,Calumet,2025,Northeastern,19–26 years old,HPV Complete,58.5%
330,Calumet,2025,Northeastern,19–49 years old,HepA Complete,28.0%
331,Calumet,2025,Northeastern,19–59 years old,HepB (1),60.4%
332,Calumet,2025,Northeastern,19–59 years old,HepB Complete,55.1%
333,Calumet,2025,Northeastern,19–64 years old,Td or Tdap,67.1%
334,Calumet,2025,Northeastern,19–64 years old,Tdap,59.1%
335,Calumet,2025,Northeastern,50 years and older,Pneumo Complete,46.9%
336,Calumet,2025,Northeastern,50 years and older,Zoster (Shingles) Complete,41.6%
337,Chippewa,2014,Western,19–26 years old,HPV Complete,20.2%
338,Chippewa,2015,Western,19–26 years old,HPV Complete,22.3%
339,Chippewa,2016,Western,19–26 years old,HPV Complete,25.7%
340,Chippewa,2017,Western,19–26 years old,HPV Complete,30.4%
341,Chippewa,2018,Western,19–26 years old,HPV Complete,34.5%
342,Chippewa,2018,Western,50 years and older,Zoster (Shingles) Complete,1.9%
343,Chippewa,2019,Western,19–26 years old,HPV Complete,38.3%
344,Chippewa,2019,Western,19–49 years old,HepA Complete,5.6%
345,Chippewa,2019,Western,50 years and older,Zoster (Shingles) Complete,5.6%
346,Chippewa,2020,Western,19–26 years old,HPV Complete,41.9%
347,Chippewa,2020,Western,19–49 years old,HepA Complete,6.5%
348,Chippewa,2020,Western,50 years and older,Zoster (Shingles) Complete,13.4%
349,Chippewa,2021,Western,19–26 years old,HPV Complete,46.0%
350,Chippewa,2021,Western,19–49 years old,HepA Complete,7.5%
351,Chippewa,2021,Western,50 years and older,Zoster (Shingles) Complete,20.7%
352,Chippewa,2022,Western,19–26 years old,HPV Complete,48.9%
353,Chippewa,2022,Western,19–49 years old,HepA Complete,7.6%
354,Chippewa,2022,Western,19–59 years old,HepB (1),51.9%
355,Chippewa,2022,Western,19–59 years old,HepB Complete,47.0%
356,Chippewa,2022,Western,50 years and older,Zoster (Shingles) Complete,25.5%
357,Chippewa,2023,Western,19–26 years old,HPV Complete,56.0%
358,Chippewa,2023,Western,19–49 years old,HepA Complete,11.1%
359,Chippewa,2023,Western,19–59 years old,HepB (1),55.6%
360,Chippewa,2023,Western,19–59 years old,HepB Complete,50.7%
361,Chippewa,2023,Western,19–64 years old,Td or Tdap,66.8%
362,Chippewa,2023,Western,19–64 years old,Tdap,55.9%
363,Chippewa,2023,Western,50 years and older,Zoster (Shingles) Complete,30.9%
364,Chippewa,2024,Western,19–26 years old,HPV Complete,58.6%
365,Chippewa,2024,Western,19–49 years old,HepA Complete,13.6%
366,Chippewa,2024,Western,19–59 years old,HepB (1),58.1%
367,Chippewa,2024,Western,19–59 years old,HepB Complete,53.1%
368,Chippewa,2024,Western,19–64 years old,Td or Tdap,66.6%
369,Chippewa,2024,Western,19–64 years old,Tdap,55.3%
370,Chippewa,2024,Western,50 years and older,Zoster (Shingles) Complete,34.0%
371,Chippewa,2025,Western,19–26 years old,HPV Complete,60.5%
372,Chippewa,2025,Western,19–49 years old,HepA Complete,16.5%
373,Chippewa,2025,Western,19–59 years old,HepB (1),60.3%
374,Chippewa,2025,Western,19–59 years old,HepB Complete,55.4%
375,Chippewa,2025,Western,19–64 years old,Td or Tdap,66.2%
376,Chippewa,2025,Western,19–64 years old,Tdap,55.2%
377,Chippewa,2025,Western,50 years and older,Pneumo Complete,46.6%
378,Chippewa,2025,Western,50 years and older,Zoster (Shingles) Complete,38.6%
379,Clark,2014,Western,19–26 years old,HPV Complete,17.0%
380,Clark,2015,Western,19–26 years old,HPV Complete,18.6%
381,Clark,2016,Western,19–26 years old,HPV Complete,20.4%
382,Clark,2017,Western,19–26 years old,HPV Complete,23.1%
383,Clark,2018,Western,19–26 years old,HPV Complete,24.6%
384,Clark,2018,Western,50 years and older,Zoster (Shingles) Complete,0.9%
385,Clark,2019,Western,19–26 years old,HPV Complete,27.2%
386,Clark,2019,Western,19–49 years old,HepA Complete,3.5%
387,Clark,2019,Western,50 years and older,Zoster (Shingles) Complete,3.8%
388,Clark,2020,Western,19–26 years old,HPV Complete,28.1%
389,Clark,2020,Western,19–49 years old,HepA Complete,4.1%
390,Clark,2020,Western,50 years and older,Zoster (Shingles) Complete,10.1%
391,Clark,2021,Western,19–26 years old,HPV Complete,30.0%
392,Clark,2021,Western,19–49 years old,HepA Complete,4.7%
393,Clark,2021,Western,50 years and older,Zoster (Shingles) Complete,17.0%
394,Clark,2022,Western,19–26 years old,HPV Complete,31.3%
395,Clark,2022,Western,19–49 years old,HepA Complete,4.8%
396,Clark,2022,Western,19–59 years old,HepB (1),45.9%
397,Clark,2022,Western,19–59 years old,HepB Complete,41.8%
398,Clark,2022,Western,50 years and older,Zoster (Shingles) Complete,21.3%
399,Clark,2023,Western,19–26 years old,HPV Complete,37.5%
400,Clark,2023,Western,19–49 years old,HepA Complete,7.9%
401,Clark,2023,Western,19–59 years old,HepB (1),50.5%
402,Clark,2023,Western,19–59 years old,HepB Complete,46.5%
403,Clark,2023,Western,19–64 years old,Td or Tdap,63.3%
404,Clark,2023,Western,19–64 years old,Tdap,50.1%
405,Clark,2023,Western,50 years and older,Zoster (Shingles) Complete,26.3%
406,Clark,2024,Western,19–26 years old,HPV Complete,38.4%
407,Clark,2024,Western,19–49 years old,HepA Complete,10.1%
408,Clark,2024,Western,19–59 years old,HepB (1),51.8%
409,Clark,2024,Western,19–59 years old,HepB Complete,47.6%
410,Clark,2024,Western,19–64 years old,Td or Tdap,62.4%
411,Clark,2024,Western,19–64 years old,Tdap,48.9%
412,Clark,2024,Western,50 years and older,Zoster (Shingles) Complete,29.8%
413,Clark,2025,Western,19–26 years old,HPV Complete,39.9%
414,Clark,2025,Western,19–49 years old,HepA Complete,12.4%
415,Clark,2025,Western,19–59 years old,HepB (1),53.2%
416,Clark,2025,Western,19–59 years old,HepB Complete,48.9%
417,Clark,2025,Western,19–64 years old,Td or Tdap,61.7%
418,Clark,2025,Western,19–64 years old,Tdap,48.9%
419,Clark,2025,Western,50 years and older,Pneumo Complete,40.5%
420,Clark,2025,Western,50 years and older,Zoster (Shingles) Complete,31.3%
421,Columbia,2014,Southern,19–26 years old,HPV Complete,23.3%
422,Columbia,2015,Southern,19–26 years old,HPV Complete,25.5%
423,Columbia,2016,Southern,19–26 years old,HPV Complete,28.5%
424,Columbia,2017,Southern,19–26 years old,HPV Complete,33.5%
425,Columbia,2018,Southern,19–26 years old,HPV Complete,36.6%
426,Columbia,2018,Southern,50 years and older,Zoster (Shingles) Complete,1.2%
427,Columbia,2019,Southern,19–26 years old,HPV Complete,40.3%
428,Columbia,2019,Southern,19–49 years old,HepA Complete,9.8%
429,Columbia,2019,Southern,50 years and older,Zoster (Shingles) Complete,6.8%
430,Columbia,2020,Southern,19–26 years old,HPV Complete,40.8%
431,Columbia,2020,Southern,19–49 years old,HepA Complete,10.7%
432,Columbia,2020,Southern,50 years and older,Zoster (Shingles) Complete,14.1%
433,Columbia,2021,Southern,19–26 years old,HPV Complete,43.1%
434,Columbia,2021,Southern,19–49 years old,HepA Complete,12.3%
435,Columbia,2021,Southern,50 years and older,Zoster (Shingles) Complete,20.3%
436,Columbia,2022,Southern,19–26 years old,HPV Complete,45.7%
437,Columbia,2022,Southern,19–49 years old,HepA Complete,12.8%
438,Columbia,2022,Southern,19–59 years old,HepB (1),49.4%
439,Columbia,2022,Southern,19–59 years old,HepB Complete,41.4%
440,Columbia,2022,Southern,50 years and older,Zoster (Shingles) Complete,26.0%
441,Columbia,2023,Southern,19–26 years old,HPV Complete,51.7%
442,Columbia,2023,Southern,19–49 years old,HepA Complete,16.2%
443,Columbia,2023,Southern,19–59 years old,HepB (1),53.5%
444,Columbia,2023,Southern,19–59 years old,HepB Complete,45.4%
445,Columbia,2023,Southern,19–64 years old,Td or Tdap,64.3%
446,Columbia,2023,Southern,19–64 years old,Tdap,50.4%
447,Columbia,2023,Southern,50 years and older,Zoster (Shingles) Complete,32.3%
448,Columbia,2024,Southern,19–26 years old,HPV Complete,54.6%
449,Columbia,2024,Southern,19–49 years old,HepA Complete,18.6%
450,Columbia,2024,Southern,19–59 years old,HepB (1),56.2%
451,Columbia,2024,Southern,19–59 years old,HepB Complete,48.1%
452,Columbia,2024,Southern,19–64 years old,Td or Tdap,64.9%
453,Columbia,2024,Southern,19–64 years old,Tdap,51.3%
454,Columbia,2024,Southern,50 years and older,Zoster (Shingles) Complete,36.1%
455,Columbia,2025,Southern,19–26 years old,HPV Complete,57.3%
456,Columbia,2025,Southern,19–49 years old,HepA Complete,21.1%
457,Columbia,2025,Southern,19–59 years old,HepB (1),58.8%
458,Columbia,2025,Southern,19–59 years old,HepB Complete,50.6%
459,Columbia,2025,Southern,19–64 years old,Td or Tdap,65.3%
460,Columbia,2025,Southern,19–64 years old,Tdap,51.9%
461,Columbia,2025,Southern,50 years and older,Pneumo Complete,48.0%
462,Columbia,2025,Southern,50 years and older,Zoster (Shingles) Complete,39.3%
463,Crawford,2014,Southern,19–26 years old,HPV Complete,20.3%
464,Crawford,2015,Southern,19–26 years old,HPV Complete,20.3%
465,Crawford,2016,Southern,19–26 years old,HPV Complete,23.7%
466,Crawford,2017,Southern,19–26 years old,HPV Complete,27.4%
467,Crawford,2018,Southern,19–26 years old,HPV Complete,30.3%
468,Crawford,2018,Southern,50 years and older,Zoster (Shingles) Complete,2.7%
469,Crawford,2019,Southern,19–26 years old,HPV Complete,33.1%
470,Crawford,2019,Southern,19–49 years old,HepA Complete,5.6%
471,Crawford,2019,Southern,50 years and older,Zoster (Shingles) Complete,9.7%
472,Crawford,2020,Southern,19–26 years old,HPV Complete,35.3%
473,Crawford,2020,Southern,19–49 years old,HepA Complete,6.5%
474,Crawford,2020,Southern,50 years and older,Zoster (Shingles) Complete,16.3%
475,Crawford,2021,Southern,19–26 years old,HPV Complete,38.9%
476,Crawford,2021,Southern,19–49 years old,HepA Complete,7.6%
477,Crawford,2021,Southern,50 years and older,Zoster (Shingles) Complete,21.1%
478,Crawford,2022,Southern,19–26 years old,HPV Complete,42.0%
479,Crawford,2022,Southern,19–49 years old,HepA Complete,7.7%
480,Crawford,2022,Southern,19–59 years old,HepB (1),55.5%
481,Crawford,2022,Southern,19–59 years old,HepB Complete,48.1%
482,Crawford,2022,Southern,50 years and older,Zoster (Shingles) Complete,24.5%
483,Crawford,2023,Southern,19–26 years old,HPV Complete,49.2%
484,Crawford,2023,Southern,19–49 years old,HepA Complete,10.3%
485,Crawford,2023,Southern,19–59 years old,HepB (1),56.8%
486,Crawford,2023,Southern,19–59 years old,HepB Complete,50.5%
487,Crawford,2023,Southern,19–64 years old,Td or Tdap,61.4%
488,Crawford,2023,Southern,19–64 years old,Tdap,52.2%
489,Crawford,2023,Southern,50 years and older,Zoster (Shingles) Complete,30.5%
490,Crawford,2024,Southern,19–26 years old,HPV Complete,50.4%
491,Crawford,2024,Southern,19–49 years old,HepA Complete,12.1%
492,Crawford,2024,Southern,19–59 years old,HepB (1),59.2%
493,Crawford,2024,Southern,19–59 years old,HepB Complete,52.7%
494,Crawford,2024,Southern,19–64 years old,Td or Tdap,60.8%
495,Crawford,2024,Southern,19–64 years old,Tdap,51.2%
496,Crawford,2024,Southern,50 years and older,Zoster (Shingles) Complete,34.7%
497,Crawford,2025,Southern,19–26 years old,HPV Complete,51.6%
498,Crawford,2025,Southern,19–49 years old,HepA Complete,13.8%
499,Crawford,2025,Southern,19–59 years old,HepB (1),61.6%
500,Crawford,2025,Southern,19–59 years old,HepB Complete,55.2%
501,Crawford,2025,Southern,19–64 years old,Td or Tdap,60.7%
502,Crawford,2025,Southern,19–64 years old,Tdap,51.2%
503,Crawford,2025,Southern,50 years and older,Pneumo Complete,50.5%
504,Crawford,2025,Southern,50 years and older,Zoster (Shingles) Complete,37.3%
505,Dane,2014,Southern,19–26 years old,HPV Complete,26.2%
506,Dane,2015,Southern,19–26 years old,HPV Complete,28.7%
507,Dane,2016,Southern,19–26 years old,HPV Complete,31.4%
508,Dane,2017,Southern,19–26 years old,HPV Complete,35.4%
509,Dane,2018,Southern,19–26 years old,HPV Complete,38.6%
510,Dane,2018,Southern,50 years and older,Zoster (Shingles) Complete,2.1%
511,Dane,2019,Southern,19–26 years old,HPV Complete,41.6%
512,Dane,2019,Southern,19–49 years old,HepA Complete,14.9%
513,Dane,2019,Southern,50 years and older,Zoster (Shingles) Complete,9.8%
514,Dane,2020,Southern,19–26 years old,HPV Complete,40.4%
515,Dane,2020,Southern,19–49 years old,HepA Complete,15.6%
516,Dane,2020,Southern,50 years and older,Zoster (Shingles) Complete,18.4%
517,Dane,2021,Southern,19–26 years old,HPV Complete,41.2%
518,Dane,2021,Southern,19–49 years old,HepA Complete,16.5%
519,Dane,2021,Southern,50 years and older,Zoster (Shingles) Complete,26.4%
520,Dane,2022,Southern,19–26 years old,HPV Complete,42.9%
521,Dane,2022,Southern,19–49 years old,HepA Complete,16.8%
522,Dane,2022,Southern,19–59 years old,HepB (1),44.0%
523,Dane,2022,Southern,19–59 years old,HepB Complete,36.4%
524,Dane,2022,Southern,50 years and older,Zoster (Shingles) Complete,32.4%
525,Dane,2023,Southern,19–26 years old,HPV Complete,48.7%
526,Dane,2023,Southern,19–49 years old,HepA Complete,20.3%
527,Dane,2023,Southern,19–59 years old,HepB (1),48.1%
528,Dane,2023,Southern,19–59 years old,HepB Complete,40.4%
529,Dane,2023,Southern,19–64 years old,Td or Tdap,59.9%
530,Dane,2023,Southern,19–64 years old,Tdap,46.1%
531,Dane,2023,Southern,50 years and older,Zoster (Shingles) Complete,41.7%
532,Dane,2024,Southern,19–26 years old,HPV Complete,50.7%
533,Dane,2024,Southern,19–49 years old,HepA Complete,21.8%
534,Dane,2024,Southern,19–59 years old,HepB (1),50.8%
535,Dane,2024,Southern,19–59 years old,HepB Complete,42.8%
536,Dane,2024,Southern,19–64 years old,Td or Tdap,60.2%
537,Dane,2024,Southern,19–64 years old,Tdap,46.6%
538,Dane,2024,Southern,50 years and older,Zoster (Shingles) Complete,45.5%
539,Dane,2025,Southern,19–26 years old,HPV Complete,52.1%
540,Dane,2025,Southern,19–49 years old,HepA Complete,23.4%
541,Dane,2025,Southern,19–59 years old,HepB (1),52.9%
542,Dane,2025,Southern,19–59 years old,HepB Complete,44.9%
543,Dane,2025,Southern,19–64 years old,Td or Tdap,60.6%
544,Dane,2025,Southern,19–64 years old,Tdap,47.4%
545,Dane,2025,Southern,50 years and older,Pneumo Complete,53.7%
546,Dane,2025,Southern,50 years and older,Zoster (Shingles) Complete,48.5%
547,Dodge,2014,Southern,19–26 years old,HPV Complete,17.0%
548,Dodge,2015,Southern,19–26 years old,HPV Complete,19.1%
549,Dodge,2016,Southern,19–26 years old,HPV Complete,21.9%
550,Dodge,2017,Southern,19–26 years old,HPV Complete,26.1%
551,Dodge,2018,Southern,19–26 years old,HPV Complete,29.9%
552,Dodge,2018,Southern,50 years and older,Zoster (Shingles) Complete,1.1%
553,Dodge,2019,Southern,19–26 years old,HPV Complete,33.2%
554,Dodge,2019,Southern,19–49 years old,HepA Complete,8.9%
555,Dodge,2019,Southern,50 years and older,Zoster (Shingles) Complete,5.2%
556,Dodge,2020,Southern,19–26 years old,HPV Complete,36.2%
557,Dodge,2020,Southern,19–49 years old,HepA Complete,10.4%
558,Dodge,2020,Southern,50 years and older,Zoster (Shingles) Complete,12.6%
559,Dodge,2021,Southern,19–26 years old,HPV Complete,38.9%
560,Dodge,2021,Southern,19–49 years old,HepA Complete,11.8%
561,Dodge,2021,Southern,50 years and older,Zoster (Shingles) Complete,19.1%
562,Dodge,2022,Southern,19–26 years old,HPV Complete,42.2%
563,Dodge,2022,Southern,19–49 years old,HepA Complete,12.1%
564,Dodge,2022,Southern,19–59 years old,HepB (1),49.7%
565,Dodge,2022,Southern,19–59 years old,HepB Complete,42.2%
566,Dodge,2022,Southern,50 years and older,Zoster (Shingles) Complete,24.0%
567,Dodge,2023,Southern,19–26 years old,HPV Complete,49.1%
568,Dodge,2023,Southern,19–49 years old,HepA Complete,15.7%
569,Dodge,2023,Southern,19–59 years old,HepB (1),52.8%
570,Dodge,2023,Southern,19–59 years old,HepB Complete,45.5%
571,Dodge,2023,Southern,19–64 years old,Td or Tdap,64.7%
572,Dodge,2023,Southern,19–64 years old,Tdap,56.0%
573,Dodge,2023,Southern,50 years and older,Zoster (Shingles) Complete,30.2%
574,Dodge,2024,Southern,19–26 years old,HPV Complete,51.1%
575,Dodge,2024,Southern,19–49 years old,HepA Complete,17.8%
576,Dodge,2024,Southern,19–59 years old,HepB (1),55.1%
577,Dodge,2024,Southern,19–59 years old,HepB Complete,47.8%
578,Dodge,2024,Southern,19–64 years old,Td or Tdap,65.2%
579,Dodge,2024,Southern,19–64 years old,Tdap,55.9%
580,Dodge,2024,Southern,50 years and older,Zoster (Shingles) Complete,33.4%
581,Dodge,2025,Southern,19–26 years old,HPV Complete,53.3%
582,Dodge,2025,Southern,19–49 years old,HepA Complete,20.0%
583,Dodge,2025,Southern,19–59 years old,HepB (1),57.3%
584,Dodge,2025,Southern,19–59 years old,HepB Complete,49.9%
585,Dodge,2025,Southern,19–64 years old,Td or Tdap,65.3%
586,Dodge,2025,Southern,19–64 years old,Tdap,55.8%
587,Dodge,2025,Southern,50 years and older,Pneumo Complete,46.6%
588,Dodge,2025,Southern,50 years and older,Zoster (Shingles) Complete,35.8%
589,Door,2014,Northeastern,19–26 years old,HPV Complete,13.2%
590,Door,2015,Northeastern,19–26 years old,HPV Complete,15.8%
591,Door,2016,Northeastern,19–26 years old,HPV Complete,19.2%
592,Door,2017,Northeastern,19–26 years old,HPV Complete,23.2%
593,Door,2018,Northeastern,19–26 years old,HPV Complete,27.6%
594,Door,2018,Northeastern,50 years and older,Zoster (Shingles) Complete,2.4%
595,Door,2019,Northeastern,19–26 years old,HPV Complete,32.8%
596,Door,2019,Northeastern,19–49 years old,HepA Complete,11.2%
597,Door,2019,Northeastern,50 years and older,Zoster (Shingles) Complete,8.7%
598,Door,2020,Northeastern,19–26 years old,HPV Complete,34.6%
599,Door,2020,Northeastern,19–49 years old,HepA Complete,12.4%
600,Door,2020,Northeastern,50 years and older,Zoster (Shingles) Complete,17.3%
601,Door,2021,Northeastern,19–26 years old,HPV Complete,37.1%
602,Door,2021,Northeastern,19–49 years old,HepA Complete,13.7%
603,Door,2021,Northeastern,50 years and older,Zoster (Shingles) Complete,23.1%
604,Door,2022,Northeastern,19–26 years old,HPV Complete,40.3%
605,Door,2022,Northeastern,19–49 years old,HepA Complete,14.0%
606,Door,2022,Northeastern,19–59 years old,HepB (1),44.7%
607,Door,2022,Northeastern,19–59 years old,HepB Complete,40.7%
608,Door,2022,Northeastern,50 years and older,Zoster (Shingles) Complete,27.9%
609,Door,2023,Northeastern,19–26 years old,HPV Complete,47.4%
610,Door,2023,Northeastern,19–49 years old,HepA Complete,17.9%
611,Door,2023,Northeastern,19–59 years old,HepB (1),46.9%
612,Door,2023,Northeastern,19–59 years old,HepB Complete,42.8%
613,Door,2023,Northeastern,19–64 years old,Td or Tdap,58.3%
614,Door,2023,Northeastern,19–64 years old,Tdap,51.9%
615,Door,2023,Northeastern,50 years and older,Zoster (Shingles) Complete,34.5%
616,Door,2024,Northeastern,19–26 years old,HPV Complete,49.5%
617,Door,2024,Northeastern,19–49 years old,HepA Complete,20.1%
618,Door,2024,Northeastern,19–59 years old,HepB (1),49.5%
619,Door,2024,Northeastern,19–59 years old,HepB Complete,44.9%
620,Door,2024,Northeastern,19–64 years old,Td or Tdap,58.3%
621,Door,2024,Northeastern,19–64 years old,Tdap,51.8%
622,Door,2024,Northeastern,50 years and older,Zoster (Shingles) Complete,37.1%
623,Door,2025,Northeastern,19–26 years old,HPV Complete,50.0%
624,Door,2025,Northeastern,19–49 years old,HepA Complete,22.2%
625,Door,2025,Northeastern,19–59 years old,HepB (1),51.4%
626,Door,2025,Northeastern,19–59 years old,HepB Complete,46.8%
627,Door,2025,Northeastern,19–64 years old,Td or Tdap,58.0%
628,Door,2025,Northeastern,19–64 years old,Tdap,51.9%
629,Door,2025,Northeastern,50 years and older,Pneumo Complete,47.9%
630,Door,2025,Northeastern,50 years and older,Zoster (Shingles) Complete,39.5%
631,Douglas,2014,Western,19–26 years old,HPV Complete,17.1%
632,Douglas,2015,Western,19–26 years old,HPV Complete,18.4%
633,Douglas,2016,Western,19–26 years old,HPV Complete,20.9%
634,Douglas,2017,Western,19–26 years old,HPV Complete,25.2%
635,Douglas,2018,Western,19–26 years old,HPV Complete,28.5%
636,Douglas,2018,Western,50 years and older,Zoster (Shingles) Complete,1.7%
637,Douglas,2019,Western,19–26 years old,HPV Complete,32.2%
638,Douglas,2019,Western,19–49 years old,HepA Complete,5.1%
639,Douglas,2019,Western,50 years and older,Zoster (Shingles) Complete,5.9%
640,Douglas,2020,Western,19–26 years old,HPV Complete,34.6%
641,Douglas,2020,Western,19–49 years old,HepA Complete,6.0%
642,Douglas,2020,Western,50 years and older,Zoster (Shingles) Complete,10.9%
643,Douglas,2021,Western,19–26 years old,HPV Complete,37.1%
644,Douglas,2021,Western,19–49 years old,HepA Complete,6.9%
645,Douglas,2021,Western,50 years and older,Zoster (Shingles) Complete,15.6%
646,Douglas,2022,Western,19–26 years old,HPV Complete,39.4%
647,Douglas,2022,Western,19–49 years old,HepA Complete,7.3%
648,Douglas,2022,Western,19–59 years old,HepB (1),43.9%
649,Douglas,2022,Western,19–59 years old,HepB Complete,35.5%
650,Douglas,2022,Western,50 years and older,Zoster (Shingles) Complete,19.0%
651,Douglas,2023,Western,19–26 years old,HPV Complete,47.5%
652,Douglas,2023,Western,19–49 years old,HepA Complete,9.9%
653,Douglas,2023,Western,19–59 years old,HepB (1),50.3%
654,Douglas,2023,Western,19–59 years old,HepB Complete,41.9%
655,Douglas,2023,Western,19–64 years old,Td or Tdap,59.4%
656,Douglas,2023,Western,19–64 years old,Tdap,52.1%
657,Douglas,2023,Western,50 years and older,Zoster (Shingles) Complete,27.8%
658,Douglas,2024,Western,19–26 years old,HPV Complete,50.6%
659,Douglas,2024,Western,19–49 years old,HepA Complete,11.1%
660,Douglas,2024,Western,19–59 years old,HepB (1),53.6%
661,Douglas,2024,Western,19–59 years old,HepB Complete,44.1%
662,Douglas,2024,Western,19–64 years old,Td or Tdap,60.1%
663,Douglas,2024,Western,19–64 years old,Tdap,52.0%
664,Douglas,2024,Western,50 years and older,Zoster (Shingles) Complete,30.7%
665,Douglas,2025,Western,19–26 years old,HPV Complete,51.8%
666,Douglas,2025,Western,19–49 years old,HepA Complete,12.8%
667,Douglas,2025,Western,19–59 years old,HepB (1),55.6%
668,Douglas,2025,Western,19–59 years old,HepB Complete,46.1%
669,Douglas,2025,Western,19–64 years old,Td or Tdap,59.2%
670,Douglas,2025,Western,19–64 years old,Tdap,51.1%
671,Douglas,2025,Western,50 years and older,Pneumo Complete,47.7%
672,Douglas,2025,Western,50 years and older,Zoster (Shingles) Complete,34.9%
673,Dunn,2014,Western,19–26 years old,HPV Complete,20.8%
674,Dunn,2015,Western,19–26 years old,HPV Complete,21.6%
675,Dunn,2016,Western,19–26 years old,HPV Complete,23.9%
676,Dunn,2017,Western,19–26 years old,HPV Complete,26.7%
677,Dunn,2018,Western,19–26 years old,HPV Complete,29.5%
678,Dunn,2018,Western,50 years and older,Zoster (Shingles) Complete,2.1%
679,Dunn,2019,Western,19–26 years old,HPV Complete,32.7%
680,Dunn,2019,Western,19–49 years old,HepA Complete,7.5%
681,Dunn,2019,Western,50 years and older,Zoster (Shingles) Complete,5.1%
682,Dunn,2020,Western,19–26 years old,HPV Complete,34.7%
683,Dunn,2020,Western,19–49 years old,HepA Complete,8.9%
684,Dunn,2020,Western,50 years and older,Zoster (Shingles) Complete,11.4%
685,Dunn,2021,Western,19–26 years old,HPV Complete,37.3%
686,Dunn,2021,Western,19–49 years old,HepA Complete,10.1%
687,Dunn,2021,Western,50 years and older,Zoster (Shingles) Complete,16.1%
688,Dunn,2022,Western,19–26 years old,HPV Complete,39.8%
689,Dunn,2022,Western,19–49 years old,HepA Complete,10.4%
690,Dunn,2022,Western,19–59 years old,HepB (1),46.5%
691,Dunn,2022,Western,19–59 years old,HepB Complete,40.4%
692,Dunn,2022,Western,50 years and older,Zoster (Shingles) Complete,19.3%
693,Dunn,2023,Western,19–26 years old,HPV Complete,47.5%
694,Dunn,2023,Western,19–49 years old,HepA Complete,14.0%
695,Dunn,2023,Western,19–59 years old,HepB (1),49.5%
696,Dunn,2023,Western,19–59 years old,HepB Complete,44.0%
697,Dunn,2023,Western,19–64 years old,Td or Tdap,57.0%
698,Dunn,2023,Western,19–64 years old,Tdap,46.0%
699,Dunn,2023,Western,50 years and older,Zoster (Shingles) Complete,24.8%
700,Dunn,2024,Western,19–26 years old,HPV Complete,50.5%
701,Dunn,2024,Western,19–49 years old,HepA Complete,16.2%
702,Dunn,2024,Western,19–59 years old,HepB (1),51.8%
703,Dunn,2024,Western,19–59 years old,HepB Complete,46.1%
704,Dunn,2024,Western,19–64 years old,Td or Tdap,57.9%
705,Dunn,2024,Western,19–64 years old,Tdap,47.3%
706,Dunn,2024,Western,50 years and older,Zoster (Shingles) Complete,27.1%
707,Dunn,2025,Western,19–26 years old,HPV Complete,53.6%
708,Dunn,2025,Western,19–49 years old,HepA Complete,18.6%
709,Dunn,2025,Western,19–59 years old,HepB (1),54.8%
710,Dunn,2025,Western,19–59 years old,HepB Complete,49.1%
711,Dunn,2025,Western,19–64 years old,Td or Tdap,59.1%
712,Dunn,2025,Western,19–64 years old,Tdap,48.8%
713,Dunn,2025,Western,50 years and older,Pneumo Complete,43.3%
714,Dunn,2025,Western,50 years and older,Zoster (Shingles) Complete,31.3%
715,Eau Claire,2014,Western,19–26 years old,HPV Complete,22.7%
716,Eau Claire,2015,Western,19–26 years old,HPV Complete,24.0%
717,Eau Claire,2016,Western,19–26 years old,HPV Complete,27.6%
718,Eau Claire,2017,Western,19–26 years old,HPV Complete,31.5%
719,Eau Claire,2018,Western,19–26 years old,HPV Complete,34.3%
720,Eau Claire,2018,Western,50 years and older,Zoster (Shingles) Complete,1.7%
721,Eau Claire,2019,Western,19–26 years old,HPV Complete,37.1%
722,Eau Claire,2019,Western,19–49 years old,HepA Complete,8.0%
723,Eau Claire,2019,Western,50 years and older,Zoster (Shingles) Complete,5.0%
724,Eau Claire,2020,Western,19–26 years old,HPV Complete,39.2%
725,Eau Claire,2020,Western,19–49 years old,HepA Complete,9.7%
726,Eau Claire,2020,Western,50 years and older,Zoster (Shingles) Complete,14.6%
727,Eau Claire,2021,Western,19–26 years old,HPV Complete,41.4%
728,Eau Claire,2021,Western,19–49 years old,HepA Complete,10.7%
729,Eau Claire,2021,Western,50 years and older,Zoster (Shingles) Complete,22.3%
730,Eau Claire,2022,Western,19–26 years old,HPV Complete,43.9%
731,Eau Claire,2022,Western,19–49 years old,HepA Complete,11.1%
732,Eau Claire,2022,Western,19–59 years old,HepB (1),50.4%
733,Eau Claire,2022,Western,19–59 years old,HepB Complete,44.8%
734,Eau Claire,2022,Western,50 years and older,Zoster (Shingles) Complete,27.4%
735,Eau Claire,2023,Western,19–26 years old,HPV Complete,50.8%
736,Eau Claire,2023,Western,19–49 years old,HepA Complete,14.6%
737,Eau Claire,2023,Western,19–59 years old,HepB (1),53.9%
738,Eau Claire,2023,Western,19–59 years old,HepB Complete,48.3%
739,Eau Claire,2023,Western,19–64 years old,Td or Tdap,62.2%
740,Eau Claire,2023,Western,19–64 years old,Tdap,52.1%
741,Eau Claire,2023,Western,50 years and older,Zoster (Shingles) Complete,34.4%
742,Eau Claire,2024,Western,19–26 years old,HPV Complete,53.1%
743,Eau Claire,2024,Western,19–49 years old,HepA Complete,16.6%
744,Eau Claire,2024,Western,19–59 years old,HepB (1),56.0%
745,Eau Claire,2024,Western,19–59 years old,HepB Complete,50.2%
746,Eau Claire,2024,Western,19–64 years old,Td or Tdap,62.7%
747,Eau Claire,2024,Western,19–64 years old,Tdap,52.6%
748,Eau Claire,2024,Western,50 years and older,Zoster (Shingles) Complete,37.8%
749,Eau Claire,2025,Western,19–26 years old,HPV Complete,55.4%
750,Eau Claire,2025,Western,19–49 years old,HepA Complete,19.0%
751,Eau Claire,2025,Western,19–59 years old,HepB (1),57.7%
752,Eau Claire,2025,Western,19–59 years old,HepB Complete,52.0%
753,Eau Claire,2025,Western,19–64 years old,Td or Tdap,62.6%
754,Eau Claire,2025,Western,19–64 years old,Tdap,53.2%
755,Eau Claire,2025,Western,50 years and older,Pneumo Complete,49.4%
756,Eau Claire,2025,Western,50 years and older,Zoster (Shingles) Complete,41.2%
757,Florence,2014,Northern,19–26 years old,HPV Complete,12.7%
758,Florence,2015,Northern,19–26 years old,HPV Complete,14.3%
759,Florence,2016,Northern,19–26 years old,HPV Complete,15.6%
760,Florence,2017,Northern,19–26 years old,HPV Complete,24.5%
761,Florence,2018,Northern,19–26 years old,HPV Complete,33.6%
762,Florence,2018,Northern,50 years and older,Zoster (Shingles) Complete,0.9%
763,Florence,2019,Northern,19–26 years old,HPV Complete,40.4%
764,Florence,2019,Northern,19–49 years old,HepA Complete,6.2%
765,Florence,2019,Northern,50 years and older,Zoster (Shingles) Complete,4.3%
766,Florence,2020,Northern,19–26 years old,HPV Complete,43.9%
767,Florence,2020,Northern,19–49 years old,HepA Complete,7.9%
768,Florence,2020,Northern,50 years and older,Zoster (Shingles) Complete,9.0%
769,Florence,2021,Northern,19–26 years old,HPV Complete,36.2%
770,Florence,2021,Northern,19–49 years old,HepA Complete,8.9%
771,Florence,2021,Northern,50 years and older,Zoster (Shingles) Complete,11.8%
772,Florence,2022,Northern,19–26 years old,HPV Complete,38.2%
773,Florence,2022,Northern,19–49 years old,HepA Complete,9.4%
774,Florence,2022,Northern,19–59 years old,HepB (1),46.1%
775,Florence,2022,Northern,19–59 years old,HepB Complete,41.6%
776,Florence,2022,Northern,50 years and older,Zoster (Shingles) Complete,14.2%
777,Florence,2023,Northern,19–26 years old,HPV Complete,43.0%
778,Florence,2023,Northern,19–49 years old,HepA Complete,11.5%
779,Florence,2023,Northern,19–59 years old,HepB (1),47.8%
780,Florence,2023,Northern,19–59 years old,HepB Complete,43.2%
781,Florence,2023,Northern,19–64 years old,Td or Tdap,42.8%
782,Florence,2023,Northern,19–64 years old,Tdap,36.2%
783,Florence,2023,Northern,50 years and older,Zoster (Shingles) Complete,16.9%
784,Florence,2024,Northern,19–26 years old,HPV Complete,45.1%
785,Florence,2024,Northern,19–49 years old,HepA Complete,13.7%
786,Florence,2024,Northern,19–59 years old,HepB (1),50.1%
787,Florence,2024,Northern,19–59 years old,HepB Complete,45.6%
788,Florence,2024,Northern,19–64 years old,Td or Tdap,42.1%
789,Florence,2024,Northern,19–64 years old,Tdap,37.3%
790,Florence,2024,Northern,50 years and older,Zoster (Shingles) Complete,23.5%
791,Florence,2025,Northern,19–26 years old,HPV Complete,47.5%
792,Florence,2025,Northern,19–49 years old,HepA Complete,15.9%
793,Florence,2025,Northern,19–59 years old,HepB (1),52.5%
794,Florence,2025,Northern,19–59 years old,HepB Complete,48.1%
795,Florence,2025,Northern,19–64 years old,Td or Tdap,43.4%
796,Florence,2025,Northern,19–64 years old,Tdap,38.2%
797,Florence,2025,Northern,50 years and older,Pneumo Complete,38.2%
798,Florence,2025,Northern,50 years and older,Zoster (Shingles) Complete,25.9%
799,Fond du Lac,2014,Northeastern,19–26 years old,HPV Complete,19.7%
800,Fond du Lac,2015,Northeastern,19–26 years old,HPV Complete,21.1%
801,Fond du Lac,2016,Northeastern,19–26 years old,HPV Complete,23.8%
802,Fond du Lac,2017,Northeastern,19–26 years old,HPV Complete,27.5%
803,Fond du Lac,2018,Northeastern,19–26 years old,HPV Complete,30.9%
804,Fond du Lac,2018,Northeastern,50 years and older,Zoster (Shingles) Complete,1.9%
805,Fond du Lac,2019,Northeastern,19–26 years old,HPV Complete,34.5%
806,Fond du Lac,2019,Northeastern,19–49 years old,HepA Complete,10.3%
807,Fond du Lac,2019,Northeastern,50 years and older,Zoster (Shingles) Complete,6.2%
808,Fond du Lac,2020,Northeastern,19–26 years old,HPV Complete,36.0%
809,Fond du Lac,2020,Northeastern,19–49 years old,HepA Complete,11.9%
810,Fond du Lac,2020,Northeastern,50 years and older,Zoster (Shingles) Complete,15.3%
811,Fond du Lac,2021,Northeastern,19–26 years old,HPV Complete,39.3%
812,Fond du Lac,2021,Northeastern,19–49 years old,HepA Complete,13.6%
813,Fond du Lac,2021,Northeastern,50 years and older,Zoster (Shingles) Complete,22.3%
814,Fond du Lac,2022,Northeastern,19–26 years old,HPV Complete,42.3%
815,Fond du Lac,2022,Northeastern,19–49 years old,HepA Complete,13.9%
816,Fond du Lac,2022,Northeastern,19–59 years old,HepB (1),49.8%
817,Fond du Lac,2022,Northeastern,19–59 years old,HepB Complete,43.9%
818,Fond du Lac,2022,Northeastern,50 years and older,Zoster (Shingles) Complete,27.2%
819,Fond du Lac,2023,Northeastern,19–26 years old,HPV Complete,49.8%
820,Fond du Lac,2023,Northeastern,19–49 years old,HepA Complete,17.4%
821,Fond du Lac,2023,Northeastern,19–59 years old,HepB (1),52.7%
822,Fond du Lac,2023,Northeastern,19–59 years old,HepB Complete,47.0%
823,Fond du Lac,2023,Northeastern,19–64 years old,Td or Tdap,66.1%
824,Fond du Lac,2023,Northeastern,19–64 years old,Tdap,60.9%
825,Fond du Lac,2023,Northeastern,50 years and older,Zoster (Shingles) Complete,32.9%
826,Fond du Lac,2024,Northeastern,19–26 years old,HPV Complete,52.8%
827,Fond du Lac,2024,Northeastern,19–49 years old,HepA Complete,19.6%
828,Fond du Lac,2024,Northeastern,19–59 years old,HepB (1),55.1%
829,Fond du Lac,2024,Northeastern,19–59 years old,HepB Complete,49.4%
830,Fond du Lac,2024,Northeastern,19–64 years old,Td or Tdap,66.6%
831,Fond du Lac,2024,Northeastern,19–64 years old,Tdap,60.5%
832,Fond du Lac,2024,Northeastern,50 years and older,Zoster (Shingles) Complete,36.6%
833,Fond du Lac,2025,Northeastern,19–26 years old,HPV Complete,55.1%
834,Fond du Lac,2025,Northeastern,19–49 years old,HepA Complete,22.1%
835,Fond du Lac,2025,Northeastern,19–59 years old,HepB (1),57.5%
836,Fond du Lac,2025,Northeastern,19–59 years old,HepB Complete,51.7%
837,Fond du Lac,2025,Northeastern,19–64 years old,Td or Tdap,66.1%
838,Fond du Lac,2025,Northeastern,19–64 years old,Tdap,60.1%
839,Fond du Lac,2025,Northeastern,50 years and older,Pneumo Complete,48.1%
840,Fond du Lac,2025,Northeastern,50 years and older,Zoster (Shingles) Complete,39.4%
841,Forest,2014,Northern,19–26 years old,HPV Complete,21.4%
842,Forest,2015,Northern,19–26 years old,HPV Complete,21.4%
843,Forest,2016,Northern,19–26 years old,HPV Complete,22.3%
844,Forest,2017,Northern,19–26 years old,HPV Complete,25.9%
845,Forest,2018,Northern,19–26 years old,HPV Complete,29.5%
846,Forest,2018,Northern,50 years and older,Zoster (Shingles) Complete,1.4%
847,Forest,2019,Northern,19–26 years old,HPV Complete,32.7%
848,Forest,2019,Northern,19–49 years old,HepA Complete,5.4%
849,Forest,2019,Northern,50 years and older,Zoster (Shingles) Complete,5.6%
850,Forest,2020,Northern,19–26 years old,HPV Complete,34.9%
851,Forest,2020,Northern,19–49 years old,HepA Complete,6.2%
852,Forest,2020,Northern,50 years and older,Zoster (Shingles) Complete,9.9%
853,Forest,2021,Northern,19–26 years old,HPV Complete,38.5%
854,Forest,2021,Northern,19–49 years old,HepA Complete,7.8%
855,Forest,2021,Northern,50 years and older,Zoster (Shingles) Complete,12.9%
856,Forest,2022,Northern,19–26 years old,HPV Complete,42.0%
857,Forest,2022,Northern,19–49 years old,HepA Complete,8.1%
858,Forest,2022,Northern,19–59 years old,HepB (1),52.7%
859,Forest,2022,Northern,19–59 years old,HepB Complete,48.3%
860,Forest,2022,Northern,50 years and older,Zoster (Shingles) Complete,16.2%
861,Forest,2023,Northern,19–26 years old,HPV Complete,48.1%
862,Forest,2023,Northern,19–49 years old,HepA Complete,11.5%
863,Forest,2023,Northern,19–59 years old,HepB (1),58.5%
864,Forest,2023,Northern,19–59 years old,HepB Complete,54.1%
865,Forest,2023,Northern,19–64 years old,Td or Tdap,62.0%
866,Forest,2023,Northern,19–64 years old,Tdap,51.9%
867,Forest,2023,Northern,50 years and older,Zoster (Shingles) Complete,21.5%
868,Forest,2024,Northern,19–26 years old,HPV Complete,50.6%
869,Forest,2024,Northern,19–49 years old,HepA Complete,13.9%
870,Forest,2024,Northern,19–59 years old,HepB (1),60.3%
871,Forest,2024,Northern,19–59 years old,HepB Complete,55.9%
872,Forest,2024,Northern,19–64 years old,Td or Tdap,62.3%
873,Forest,2024,Northern,19–64 years old,Tdap,52.6%
874,Forest,2024,Northern,50 years and older,Zoster (Shingles) Complete,27.8%
875,Forest,2025,Northern,19–26 years old,HPV Complete,52.6%
876,Forest,2025,Northern,19–49 years old,HepA Complete,16.7%
877,Forest,2025,Northern,19–59 years old,HepB (1),62.4%
878,Forest,2025,Northern,19–59 years old,HepB Complete,57.9%
879,Forest,2025,Northern,19–64 years old,Td or Tdap,63.4%
880,Forest,2025,Northern,19–64 years old,Tdap,53.3%
881,Forest,2025,Northern,50 years and older,Pneumo Complete,46.8%
882,Forest,2025,Northern,50 years and older,Zoster (Shingles) Complete,30.6%
883,Grant,2014,Southern,19–26 years old,HPV Complete,13.8%
884,Grant,2015,Southern,19–26 years old,HPV Complete,14.9%
885,Grant,2016,Southern,19–26 years old,HPV Complete,17.2%
886,Grant,2017,Southern,19–26 years old,HPV Complete,20.2%
887,Grant,2018,Southern,19–26 years old,HPV Complete,21.8%
888,Grant,2018,Southern,50 years and older,Zoster (Shingles) Complete,2.4%
889,Grant,2019,Southern,19–26 years old,HPV Complete,24.9%
890,Grant,2019,Southern,19–49 years old,HepA Complete,3.4%
891,Grant,2019,Southern,50 years and older,Zoster (Shingles) Complete,9.3%
892,Grant,2020,Southern,19–26 years old,HPV Complete,27.0%
893,Grant,2020,Southern,19–49 years old,HepA Complete,4.3%
894,Grant,2020,Southern,50 years and older,Zoster (Shingles) Complete,14.1%
895,Grant,2021,Southern,19–26 years old,HPV Complete,29.3%
896,Grant,2021,Southern,19–49 years old,HepA Complete,5.1%
897,Grant,2021,Southern,50 years and older,Zoster (Shingles) Complete,17.6%
898,Grant,2022,Southern,19–26 years old,HPV Complete,32.1%
899,Grant,2022,Southern,19–49 years old,HepA Complete,5.3%
900,Grant,2022,Southern,19–59 years old,HepB (1),46.2%
901,Grant,2022,Southern,19–59 years old,HepB Complete,40.3%
902,Grant,2022,Southern,50 years and older,Zoster (Shingles) Complete,20.9%
903,Grant,2023,Southern,19–26 years old,HPV Complete,38.9%
904,Grant,2023,Southern,19–49 years old,HepA Complete,7.6%
905,Grant,2023,Southern,19–59 years old,HepB (1),52.4%
906,Grant,2023,Southern,19–59 years old,HepB Complete,46.3%
907,Grant,2023,Southern,19–64 years old,Td or Tdap,56.3%
908,Grant,2023,Southern,19–64 years old,Tdap,48.3%
909,Grant,2023,Southern,50 years and older,Zoster (Shingles) Complete,28.3%
910,Grant,2024,Southern,19–26 years old,HPV Complete,41.1%
911,Grant,2024,Southern,19–49 years old,HepA Complete,9.0%
912,Grant,2024,Southern,19–59 years old,HepB (1),54.9%
913,Grant,2024,Southern,19–59 years old,HepB Complete,48.6%
914,Grant,2024,Southern,19–64 years old,Td or Tdap,57.3%
915,Grant,2024,Southern,19–64 years old,Tdap,49.0%
916,Grant,2024,Southern,50 years and older,Zoster (Shingles) Complete,31.9%
917,Grant,2025,Southern,19–26 years old,HPV Complete,42.9%
918,Grant,2025,Southern,19–49 years old,HepA Complete,10.7%
919,Grant,2025,Southern,19–59 years old,HepB (1),57.3%
920,Grant,2025,Southern,19–59 years old,HepB Complete,50.7%
921,Grant,2025,Southern,19–64 years old,Td or Tdap,58.0%
922,Grant,2025,Southern,19–64 years old,Tdap,49.6%
923,Grant,2025,Southern,50 years and older,Pneumo Complete,41.2%
924,Grant,2025,Southern,50 years and older,Zoster (Shingles) Complete,34.8%
925,Green,2014,Southern,19–26 years old,HPV Complete,23.9%
926,Green,2015,Southern,19–26 years old,HPV Complete,26.8%
927,Green,2016,Southern,19–26 years old,HPV Complete,30.5%
928,Green,2017,Southern,19–26 years old,HPV Complete,35.6%
929,Green,2018,Southern,19–26 years old,HPV Complete,38.9%
930,Green,2018,Southern,50 years and older,Zoster (Shingles) Complete,1.9%
931,Green,2019,Southern,19–26 years old,HPV Complete,43.6%
932,Green,2019,Southern,19–49 years old,HepA Complete,11.9%
933,Green,2019,Southern,50 years and older,Zoster (Shingles) Complete,7.2%
934,Green,2020,Southern,19–26 years old,HPV Complete,45.1%
935,Green,2020,Southern,19–49 years old,HepA Complete,13.8%
936,Green,2020,Southern,50 years and older,Zoster (Shingles) Complete,16.8%
937,Green,2021,Southern,19–26 years old,HPV Complete,48.8%
938,Green,2021,Southern,19–49 years old,HepA Complete,15.5%
939,Green,2021,Southern,50 years and older,Zoster (Shingles) Complete,23.6%
940,Green,2022,Southern,19–26 years old,HPV Complete,51.5%
941,Green,2022,Southern,19–49 years old,HepA Complete,15.8%
942,Green,2022,Southern,19–59 years old,HepB (1),50.0%
943,Green,2022,Southern,19–59 years old,HepB Complete,43.4%
944,Green,2022,Southern,50 years and older,Zoster (Shingles) Complete,28.7%
945,Green,2023,Southern,19–26 years old,HPV Complete,59.2%
946,Green,2023,Southern,19–49 years old,HepA Complete,19.7%
947,Green,2023,Southern,19–59 years old,HepB (1),54.2%
948,Green,2023,Southern,19–59 years old,HepB Complete,47.1%
949,Green,2023,Southern,19–64 years old,Td or Tdap,66.6%
950,Green,2023,Southern,19–64 years old,Tdap,53.8%
951,Green,2023,Southern,50 years and older,Zoster (Shingles) Complete,34.9%
952,Green,2024,Southern,19–26 years old,HPV Complete,62.4%
953,Green,2024,Southern,19–49 years old,HepA Complete,22.2%
954,Green,2024,Southern,19–59 years old,HepB (1),57.5%
955,Green,2024,Southern,19–59 years old,HepB Complete,50.4%
956,Green,2024,Southern,19–64 years old,Td or Tdap,66.4%
957,Green,2024,Southern,19–64 years old,Tdap,53.8%
958,Green,2024,Southern,50 years and older,Zoster (Shingles) Complete,39.0%
959,Green,2025,Southern,19–26 years old,HPV Complete,64.5%
960,Green,2025,Southern,19–49 years old,HepA Complete,24.9%
961,Green,2025,Southern,19–59 years old,HepB (1),60.1%
962,Green,2025,Southern,19–59 years old,HepB Complete,53.2%
963,Green,2025,Southern,19–64 years old,Td or Tdap,66.5%
964,Green,2025,Southern,19–64 years old,Tdap,54.5%
965,Green,2025,Southern,50 years and older,Pneumo Complete,52.3%
966,Green,2025,Southern,50 years and older,Zoster (Shingles) Complete,42.1%
967,Green Lake,2014,Northeastern,19–26 years old,HPV Complete,18.4%
968,Green Lake,2015,Northeastern,19–26 years old,HPV Complete,19.2%
969,Green Lake,2016,Northeastern,19–26 years old,HPV Complete,21.7%
970,Green Lake,2017,Northeastern,19–26 years old,HPV Complete,26.1%
971,Green Lake,2018,Northeastern,19–26 years old,HPV Complete,29.1%
972,Green Lake,2018,Northeastern,50 years and older,Zoster (Shingles) Complete,3.4%
973,Green Lake,2019,Northeastern,19–26 years old,HPV Complete,31.6%
974,Green Lake,2019,Northeastern,19–49 years old,HepA Complete,10.0%
975,Green Lake,2019,Northeastern,50 years and older,Zoster (Shingles) Complete,10.6%
976,Green Lake,2020,Northeastern,19–26 years old,HPV Complete,33.2%
977,Green Lake,2020,Northeastern,19–49 years old,HepA Complete,11.0%
978,Green Lake,2020,Northeastern,50 years and older,Zoster (Shingles) Complete,16.6%
979,Green Lake,2021,Northeastern,19–26 years old,HPV Complete,35.7%
980,Green Lake,2021,Northeastern,19–49 years old,HepA Complete,13.0%
981,Green Lake,2021,Northeastern,50 years and older,Zoster (Shingles) Complete,21.6%
982,Green Lake,2022,Northeastern,19–26 years old,HPV Complete,40.1%
983,Green Lake,2022,Northeastern,19–49 years old,HepA Complete,13.4%
984,Green Lake,2022,Northeastern,19–59 years old,HepB (1),52.9%
985,Green Lake,2022,Northeastern,19–59 years old,HepB Complete,47.6%
986,Green Lake,2022,Northeastern,50 years and older,Zoster (Shingles) Complete,27.2%
987,Green Lake,2023,Northeastern,19–26 years old,HPV Complete,47.0%
988,Green Lake,2023,Northeastern,19–49 years old,HepA Complete,16.7%
989,Green Lake,2023,Northeastern,19–59 years old,HepB (1),55.4%
990,Green Lake,2023,Northeastern,19–59 years old,HepB Complete,49.6%
991,Green Lake,2023,Northeastern,19–64 years old,Td or Tdap,64.2%
992,Green Lake,2023,Northeastern,19–64 years old,Tdap,53.7%
993,Green Lake,2023,Northeastern,50 years and older,Zoster (Shingles) Complete,33.2%
994,Green Lake,2024,Northeastern,19–26 years old,HPV Complete,51.3%
995,Green Lake,2024,Northeastern,19–49 years old,HepA Complete,19.2%
996,Green Lake,2024,Northeastern,19–59 years old,HepB (1),58.4%
997,Green Lake,2024,Northeastern,19–59 years old,HepB Complete,52.3%
998,Green Lake,2024,Northeastern,19–64 years old,Td or Tdap,65.0%
999,Green Lake,2024,Northeastern,19–64 years old,Tdap,54.1%
"1,000",Green Lake,2024,Northeastern,50 years and older,Zoster (Shingles) Complete,36.4%
"1,001",Green Lake,2025,Northeastern,19–26 years old,HPV Complete,54.2%
"1,002",Green Lake,2025,Northeastern,19–49 years old,HepA Complete,21.8%
"1,003",Green Lake,2025,Northeastern,19–59 years old,HepB (1),61.3%
"1,004",Green Lake,2025,Northeastern,19–59 years old,HepB Complete,55.2%
"1,005",Green Lake,2025,Northeastern,19–64 years old,Td or Tdap,65.2%
"1,006",Green Lake,2025,Northeastern,19–64 years old,Tdap,54.8%
"1,007",Green Lake,2025,Northeastern,50 years and older,Pneumo Complete,55.0%
"1,008",Green Lake,2025,Northeastern,50 years and older,Zoster (Shingles) Complete,39.0%
"1,009",Iowa,2014,Southern,19–26 years old,HPV Complete,19.8%
"1,010",Iowa,2015,Southern,19–26 years old,HPV Complete,22.5%
"1,011",Iowa,2016,Southern,19–26 years old,HPV Complete,24.4%
"1,012",Iowa,2017,Southern,19–26 years old,HPV Complete,27.9%
"1,013",Iowa,2018,Southern,19–26 years old,HPV Complete,31.9%
"1,014",Iowa,2018,Southern,50 years and older,Zoster (Shingles) Complete,1.2%
"1,015",Iowa,2019,Southern,19–26 years old,HPV Complete,36.2%
"1,016",Iowa,2019,Southern,19–49 years old,HepA Complete,6.2%
"1,017",Iowa,2019,Southern,50 years and older,Zoster (Shingles) Complete,7.2%
"1,018",Iowa,2020,Southern,19–26 years old,HPV Complete,38.0%
"1,019",Iowa,2020,Southern,19–49 years old,HepA Complete,7.0%
"1,020",Iowa,2020,Southern,50 years and older,Zoster (Shingles) Complete,15.0%
"1,021",Iowa,2021,Southern,19–26 years old,HPV Complete,41.4%
"1,022",Iowa,2021,Southern,19–49 years old,HepA Complete,8.4%
"1,023",Iowa,2021,Southern,50 years and older,Zoster (Shingles) Complete,21.1%
"1,024",Iowa,2022,Southern,19–26 years old,HPV Complete,43.7%
"1,025",Iowa,2022,Southern,19–49 years old,HepA Complete,8.7%
"1,026",Iowa,2022,Southern,19–59 years old,HepB (1),51.1%
"1,027",Iowa,2022,Southern,19–59 years old,HepB Complete,44.4%
"1,028",Iowa,2022,Southern,50 years and older,Zoster (Shingles) Complete,26.5%
"1,029",Iowa,2023,Southern,19–26 years old,HPV Complete,49.9%
"1,030",Iowa,2023,Southern,19–49 years old,HepA Complete,11.1%
"1,031",Iowa,2023,Southern,19–59 years old,HepB (1),56.4%
"1,032",Iowa,2023,Southern,19–59 years old,HepB Complete,49.0%
"1,033",Iowa,2023,Southern,19–64 years old,Td or Tdap,66.8%
"1,034",Iowa,2023,Southern,19–64 years old,Tdap,50.0%
"1,035",Iowa,2023,Southern,50 years and older,Zoster (Shingles) Complete,33.3%
"1,036",Iowa,2024,Southern,19–26 years old,HPV Complete,52.3%
"1,037",Iowa,2024,Southern,19–49 years old,HepA Complete,13.0%
"1,038",Iowa,2024,Southern,19–59 years old,HepB (1),59.6%
"1,039",Iowa,2024,Southern,19–59 years old,HepB Complete,51.8%
"1,040",Iowa,2024,Southern,19–64 years old,Td or Tdap,67.2%
"1,041",Iowa,2024,Southern,19–64 years old,Tdap,50.1%
"1,042",Iowa,2024,Southern,50 years and older,Zoster (Shingles) Complete,37.5%
"1,043",Iowa,2025,Southern,19–26 years old,HPV Complete,54.4%
"1,044",Iowa,2025,Southern,19–49 years old,HepA Complete,15.4%
"1,045",Iowa,2025,Southern,19–59 years old,HepB (1),62.3%
"1,046",Iowa,2025,Southern,19–59 years old,HepB Complete,54.6%
"1,047",Iowa,2025,Southern,19–64 years old,Td or Tdap,67.3%
"1,048",Iowa,2025,Southern,19–64 years old,Tdap,50.2%
"1,049",Iowa,2025,Southern,50 years and older,Pneumo Complete,49.4%
"1,050",Iowa,2025,Southern,50 years and older,Zoster (Shingles) Complete,41.3%
"1,051",Iron,2014,Northern,19–26 years old,HPV Complete,25.3%
"1,052",Iron,2015,Northern,19–26 years old,HPV Complete,23.6%
"1,053",Iron,2016,Northern,19–26 years old,HPV Complete,24.4%
"1,054",Iron,2017,Northern,19–26 years old,HPV Complete,26.9%
"1,055",Iron,2018,Northern,19–26 years old,HPV Complete,32.4%
"1,056",Iron,2018,Northern,50 years and older,Zoster (Shingles) Complete,1.1%
"1,057",Iron,2019,Northern,19–26 years old,HPV Complete,36.4%
"1,058",Iron,2019,Northern,19–49 years old,HepA Complete,12.7%
"1,059",Iron,2019,Northern,50 years and older,Zoster (Shingles) Complete,5.7%
"1,060",Iron,2020,Northern,19–26 years old,HPV Complete,37.9%
"1,061",Iron,2020,Northern,19–49 years old,HepA Complete,13.8%
"1,062",Iron,2020,Northern,50 years and older,Zoster (Shingles) Complete,10.1%
"1,063",Iron,2021,Northern,19–26 years old,HPV Complete,41.6%
"1,064",Iron,2021,Northern,19–49 years old,HepA Complete,15.5%
"1,065",Iron,2021,Northern,50 years and older,Zoster (Shingles) Complete,14.7%
"1,066",Iron,2022,Northern,19–26 years old,HPV Complete,46.3%
"1,067",Iron,2022,Northern,19–49 years old,HepA Complete,15.7%
"1,068",Iron,2022,Northern,19–59 years old,HepB (1),44.3%
"1,069",Iron,2022,Northern,19–59 years old,HepB Complete,38.6%
"1,070",Iron,2022,Northern,50 years and older,Zoster (Shingles) Complete,19.8%
"1,071",Iron,2023,Northern,19–26 years old,HPV Complete,53.8%
"1,072",Iron,2023,Northern,19–49 years old,HepA Complete,19.6%
"1,073",Iron,2023,Northern,19–59 years old,HepB (1),48.0%
"1,074",Iron,2023,Northern,19–59 years old,HepB Complete,42.7%
"1,075",Iron,2023,Northern,19–64 years old,Td or Tdap,49.2%
"1,076",Iron,2023,Northern,19–64 years old,Tdap,44.2%
"1,077",Iron,2023,Northern,50 years and older,Zoster (Shingles) Complete,24.1%
"1,078",Iron,2024,Northern,19–26 years old,HPV Complete,55.3%
"1,079",Iron,2024,Northern,19–49 years old,HepA Complete,22.4%
"1,080",Iron,2024,Northern,19–59 years old,HepB (1),50.6%
"1,081",Iron,2024,Northern,19–59 years old,HepB Complete,44.9%
"1,082",Iron,2024,Northern,19–64 years old,Td or Tdap,50.3%
"1,083",Iron,2024,Northern,19–64 years old,Tdap,45.8%
"1,084",Iron,2024,Northern,50 years and older,Zoster (Shingles) Complete,29.5%
"1,085",Iron,2025,Northern,19–26 years old,HPV Complete,55.5%
"1,086",Iron,2025,Northern,19–49 years old,HepA Complete,25.4%
"1,087",Iron,2025,Northern,19–59 years old,HepB (1),52.8%
"1,088",Iron,2025,Northern,19–59 years old,HepB Complete,47.1%
"1,089",Iron,2025,Northern,19–64 years old,Td or Tdap,51.0%
"1,090",Iron,2025,Northern,19–64 years old,Tdap,46.9%
"1,091",Iron,2025,Northern,50 years and older,Pneumo Complete,41.3%
"1,092",Iron,2025,Northern,50 years and older,Zoster (Shingles) Complete,31.2%
"1,093",Jackson,2014,Western,19–26 years old,HPV Complete,19.6%
"1,094",Jackson,2015,Western,19–26 years old,HPV Complete,22.5%
"1,095",Jackson,2016,Western,19–26 years old,HPV Complete,24.9%
"1,096",Jackson,2017,Western,19–26 years old,HPV Complete,30.0%
"1,097",Jackson,2018,Western,19–26 years old,HPV Complete,33.5%
"1,098",Jackson,2018,Western,50 years and older,Zoster (Shingles) Complete,1.5%
"1,099",Jackson,2019,Western,19–26 years old,HPV Complete,38.4%
"1,100",Jackson,2019,Western,19–49 years old,HepA Complete,11.2%
"1,101",Jackson,2019,Western,50 years and older,Zoster (Shingles) Complete,5.2%
"1,102",Jackson,2020,Western,19–26 years old,HPV Complete,40.5%
"1,103",Jackson,2020,Western,19–49 years old,HepA Complete,12.5%
"1,104",Jackson,2020,Western,50 years and older,Zoster (Shingles) Complete,13.3%
"1,105",Jackson,2021,Western,19–26 years old,HPV Complete,43.9%
"1,106",Jackson,2021,Western,19–49 years old,HepA Complete,14.2%
"1,107",Jackson,2021,Western,50 years and older,Zoster (Shingles) Complete,21.8%
"1,108",Jackson,2022,Western,19–26 years old,HPV Complete,47.8%
"1,109",Jackson,2022,Western,19–49 years old,HepA Complete,14.5%
"1,110",Jackson,2022,Western,19–59 years old,HepB (1),53.5%
"1,111",Jackson,2022,Western,19–59 years old,HepB Complete,46.8%
"1,112",Jackson,2022,Western,50 years and older,Zoster (Shingles) Complete,27.8%
"1,113",Jackson,2023,Western,19–26 years old,HPV Complete,54.9%
"1,114",Jackson,2023,Western,19–49 years old,HepA Complete,18.0%
"1,115",Jackson,2023,Western,19–59 years old,HepB (1),56.7%
"1,116",Jackson,2023,Western,19–59 years old,HepB Complete,50.5%
"1,117",Jackson,2023,Western,19–64 years old,Td or Tdap,64.4%
"1,118",Jackson,2023,Western,19–64 years old,Tdap,55.6%
"1,119",Jackson,2023,Western,50 years and older,Zoster (Shingles) Complete,32.7%
"1,120",Jackson,2024,Western,19–26 years old,HPV Complete,57.1%
"1,121",Jackson,2024,Western,19–49 years old,HepA Complete,20.6%
"1,122",Jackson,2024,Western,19–59 years old,HepB (1),59.9%
"1,123",Jackson,2024,Western,19–59 years old,HepB Complete,53.4%
"1,124",Jackson,2024,Western,19–64 years old,Td or Tdap,65.8%
"1,125",Jackson,2024,Western,19–64 years old,Tdap,56.8%
"1,126",Jackson,2024,Western,50 years and older,Zoster (Shingles) Complete,37.8%
"1,127",Jackson,2025,Western,19–26 years old,HPV Complete,58.9%
"1,128",Jackson,2025,Western,19–49 years old,HepA Complete,22.9%
"1,129",Jackson,2025,Western,19–59 years old,HepB (1),62.2%
"1,130",Jackson,2025,Western,19–59 years old,HepB Complete,55.6%
"1,131",Jackson,2025,Western,19–64 years old,Td or Tdap,65.8%
"1,132",Jackson,2025,Western,19–64 years old,Tdap,56.8%
"1,133",Jackson,2025,Western,50 years and older,Pneumo Complete,47.4%
"1,134",Jackson,2025,Western,50 years and older,Zoster (Shingles) Complete,40.1%
"1,135",Jefferson,2014,Southern,19–26 years old,HPV Complete,19.1%
"1,136",Jefferson,2015,Southern,19–26 years old,HPV Complete,21.6%
"1,137",Jefferson,2016,Southern,19–26 years old,HPV Complete,25.0%
"1,138",Jefferson,2017,Southern,19–26 years old,HPV Complete,29.3%
"1,139",Jefferson,2018,Southern,19–26 years old,HPV Complete,34.8%
"1,140",Jefferson,2018,Southern,50 years and older,Zoster (Shingles) Complete,1.6%
"1,141",Jefferson,2019,Southern,19–26 years old,HPV Complete,36.5%
"1,142",Jefferson,2019,Southern,19–49 years old,HepA Complete,10.3%
"1,143",Jefferson,2019,Southern,50 years and older,Zoster (Shingles) Complete,6.9%
"1,144",Jefferson,2020,Southern,19–26 years old,HPV Complete,38.7%
"1,145",Jefferson,2020,Southern,19–49 years old,HepA Complete,11.6%
"1,146",Jefferson,2020,Southern,50 years and older,Zoster (Shingles) Complete,13.4%
"1,147",Jefferson,2021,Southern,19–26 years old,HPV Complete,41.9%
"1,148",Jefferson,2021,Southern,19–49 years old,HepA Complete,13.2%
"1,149",Jefferson,2021,Southern,50 years and older,Zoster (Shingles) Complete,19.1%
"1,150",Jefferson,2022,Southern,19–26 years old,HPV Complete,44.2%
"1,151",Jefferson,2022,Southern,19–49 years old,HepA Complete,13.5%
"1,152",Jefferson,2022,Southern,19–59 years old,HepB (1),47.2%
"1,153",Jefferson,2022,Southern,19–59 years old,HepB Complete,39.8%
"1,154",Jefferson,2022,Southern,50 years and older,Zoster (Shingles) Complete,24.6%
"1,155",Jefferson,2023,Southern,19–26 years old,HPV Complete,51.2%
"1,156",Jefferson,2023,Southern,19–49 years old,HepA Complete,17.7%
"1,157",Jefferson,2023,Southern,19–59 years old,HepB (1),51.0%
"1,158",Jefferson,2023,Southern,19–59 years old,HepB Complete,43.7%
"1,159",Jefferson,2023,Southern,19–64 years old,Td or Tdap,63.3%
"1,160",Jefferson,2023,Southern,19–64 years old,Tdap,54.9%
"1,161",Jefferson,2023,Southern,50 years and older,Zoster (Shingles) Complete,31.4%
"1,162",Jefferson,2024,Southern,19–26 years old,HPV Complete,53.3%
"1,163",Jefferson,2024,Southern,19–49 years old,HepA Complete,20.1%
"1,164",Jefferson,2024,Southern,19–59 years old,HepB (1),53.3%
"1,165",Jefferson,2024,Southern,19–59 years old,HepB Complete,46.2%
"1,166",Jefferson,2024,Southern,19–64 years old,Td or Tdap,63.4%
"1,167",Jefferson,2024,Southern,19–64 years old,Tdap,54.6%
"1,168",Jefferson,2024,Southern,50 years and older,Zoster (Shingles) Complete,34.7%
"1,169",Jefferson,2025,Southern,19–26 years old,HPV Complete,55.8%
"1,170",Jefferson,2025,Southern,19–49 years old,HepA Complete,22.7%
"1,171",Jefferson,2025,Southern,19–59 years old,HepB (1),55.6%
"1,172",Jefferson,2025,Southern,19–59 years old,HepB Complete,48.4%
"1,173",Jefferson,2025,Southern,19–64 years old,Td or Tdap,63.1%
"1,174",Jefferson,2025,Southern,19–64 years old,Tdap,54.3%
"1,175",Jefferson,2025,Southern,50 years and older,Pneumo Complete,44.1%
"1,176",Jefferson,2025,Southern,50 years and older,Zoster (Shingles) Complete,37.5%
"1,177",Juneau,2014,Southern,19–26 years old,HPV Complete,17.2%
"1,178",Juneau,2015,Southern,19–26 years old,HPV Complete,19.3%
"1,179",Juneau,2016,Southern,19–26 years old,HPV Complete,21.8%
"1,180",Juneau,2017,Southern,19–26 years old,HPV Complete,24.5%
"1,181",Juneau,2018,Southern,19–26 years old,HPV Complete,28.4%
"1,182",Juneau,2018,Southern,50 years and older,Zoster (Shingles) Complete,1.3%
"1,183",Juneau,2019,Southern,19–26 years old,HPV Complete,32.6%
"1,184",Juneau,2019,Southern,19–49 years old,HepA Complete,6.6%
"1,185",Juneau,2019,Southern,50 years and older,Zoster (Shingles) Complete,5.7%
"1,186",Juneau,2020,Southern,19–26 years old,HPV Complete,35.8%
"1,187",Juneau,2020,Southern,19–49 years old,HepA Complete,7.7%
"1,188",Juneau,2020,Southern,50 years and older,Zoster (Shingles) Complete,10.6%
"1,189",Juneau,2021,Southern,19–26 years old,HPV Complete,39.1%
"1,190",Juneau,2021,Southern,19–49 years old,HepA Complete,9.0%
"1,191",Juneau,2021,Southern,50 years and older,Zoster (Shingles) Complete,15.5%
"1,192",Juneau,2022,Southern,19–26 years old,HPV Complete,42.2%
"1,193",Juneau,2022,Southern,19–49 years old,HepA Complete,9.3%
"1,194",Juneau,2022,Southern,19–59 years old,HepB (1),48.6%
"1,195",Juneau,2022,Southern,19–59 years old,HepB Complete,42.1%
"1,196",Juneau,2022,Southern,50 years and older,Zoster (Shingles) Complete,19.2%
"1,197",Juneau,2023,Southern,19–26 years old,HPV Complete,49.5%
"1,198",Juneau,2023,Southern,19–49 years old,HepA Complete,12.9%
"1,199",Juneau,2023,Southern,19–59 years old,HepB (1),53.6%
"1,200",Juneau,2023,Southern,19–59 years old,HepB Complete,47.3%
"1,201",Juneau,2023,Southern,19–64 years old,Td or Tdap,63.2%
"1,202",Juneau,2023,Southern,19–64 years old,Tdap,52.7%
"1,203",Juneau,2023,Southern,50 years and older,Zoster (Shingles) Complete,24.1%
"1,204",Juneau,2024,Southern,19–26 years old,HPV Complete,52.3%
"1,205",Juneau,2024,Southern,19–49 years old,HepA Complete,15.2%
"1,206",Juneau,2024,Southern,19–59 years old,HepB (1),55.8%
"1,207",Juneau,2024,Southern,19–59 years old,HepB Complete,49.4%
"1,208",Juneau,2024,Southern,19–64 years old,Td or Tdap,63.3%
"1,209",Juneau,2024,Southern,19–64 years old,Tdap,53.2%
"1,210",Juneau,2024,Southern,50 years and older,Zoster (Shingles) Complete,29.3%
"1,211",Juneau,2025,Southern,19–26 years old,HPV Complete,54.5%
"1,212",Juneau,2025,Southern,19–49 years old,HepA Complete,17.7%
"1,213",Juneau,2025,Southern,19–59 years old,HepB (1),58.1%
"1,214",Juneau,2025,Southern,19–59 years old,HepB Complete,51.8%
"1,215",Juneau,2025,Southern,19–64 years old,Td or Tdap,62.7%
"1,216",Juneau,2025,Southern,19–64 years old,Tdap,52.4%
"1,217",Juneau,2025,Southern,50 years and older,Pneumo Complete,43.5%
"1,218",Juneau,2025,Southern,50 years and older,Zoster (Shingles) Complete,31.5%
"1,219",Kenosha,2014,Southeastern,19–26 years old,HPV Complete,12.6%
"1,220",Kenosha,2015,Southeastern,19–26 years old,HPV Complete,14.1%
"1,221",Kenosha,2016,Southeastern,19–26 years old,HPV Complete,16.8%
"1,222",Kenosha,2017,Southeastern,19–26 years old,HPV Complete,20.7%
"1,223",Kenosha,2018,Southeastern,19–26 years old,HPV Complete,24.1%
"1,224",Kenosha,2018,Southeastern,50 years and older,Zoster (Shingles) Complete,1.2%
"1,225",Kenosha,2019,Southeastern,19–26 years old,HPV Complete,27.7%
"1,226",Kenosha,2019,Southeastern,19–49 years old,HepA Complete,11.7%
"1,227",Kenosha,2019,Southeastern,50 years and older,Zoster (Shingles) Complete,5.0%
"1,228",Kenosha,2020,Southeastern,19–26 years old,HPV Complete,29.5%
"1,229",Kenosha,2020,Southeastern,19–49 years old,HepA Complete,12.6%
"1,230",Kenosha,2020,Southeastern,50 years and older,Zoster (Shingles) Complete,8.3%
"1,231",Kenosha,2021,Southeastern,19–26 years old,HPV Complete,31.6%
"1,232",Kenosha,2021,Southeastern,19–49 years old,HepA Complete,14.0%
"1,233",Kenosha,2021,Southeastern,50 years and older,Zoster (Shingles) Complete,12.1%
"1,234",Kenosha,2022,Southeastern,19–26 years old,HPV Complete,33.8%
"1,235",Kenosha,2022,Southeastern,19–49 years old,HepA Complete,14.2%
"1,236",Kenosha,2022,Southeastern,19–59 years old,HepB (1),39.5%
"1,237",Kenosha,2022,Southeastern,19–59 years old,HepB Complete,32.9%
"1,238",Kenosha,2022,Southeastern,50 years and older,Zoster (Shingles) Complete,15.5%
"1,239",Kenosha,2023,Southeastern,19–26 years old,HPV Complete,39.9%
"1,240",Kenosha,2023,Southeastern,19–49 years old,HepA Complete,17.2%
"1,241",Kenosha,2023,Southeastern,19–59 years old,HepB (1),43.2%
"1,242",Kenosha,2023,Southeastern,19–59 years old,HepB Complete,36.6%
"1,243",Kenosha,2023,Southeastern,19–64 years old,Td or Tdap,37.7%
"1,244",Kenosha,2023,Southeastern,19–64 years old,Tdap,35.2%
"1,245",Kenosha,2023,Southeastern,50 years and older,Zoster (Shingles) Complete,20.2%
"1,246",Kenosha,2024,Southeastern,19–26 years old,HPV Complete,42.3%
"1,247",Kenosha,2024,Southeastern,19–49 years old,HepA Complete,19.1%
"1,248",Kenosha,2024,Southeastern,19–59 years old,HepB (1),45.1%
"1,249",Kenosha,2024,Southeastern,19–59 years old,HepB Complete,38.3%
"1,250",Kenosha,2024,Southeastern,19–64 years old,Td or Tdap,38.7%
"1,251",Kenosha,2024,Southeastern,19–64 years old,Tdap,36.1%
"1,252",Kenosha,2024,Southeastern,50 years and older,Zoster (Shingles) Complete,22.7%
"1,253",Kenosha,2025,Southeastern,19–26 years old,HPV Complete,44.5%
"1,254",Kenosha,2025,Southeastern,19–49 years old,HepA Complete,21.0%
"1,255",Kenosha,2025,Southeastern,19–59 years old,HepB (1),47.0%
"1,256",Kenosha,2025,Southeastern,19–59 years old,HepB Complete,40.1%
"1,257",Kenosha,2025,Southeastern,19–64 years old,Td or Tdap,39.6%
"1,258",Kenosha,2025,Southeastern,19–64 years old,Tdap,36.9%
"1,259",Kenosha,2025,Southeastern,50 years and older,Pneumo Complete,32.0%
"1,260",Kenosha,2025,Southeastern,50 years and older,Zoster (Shingles) Complete,24.8%
"1,261",Kewaunee,2014,Northeastern,19–26 years old,HPV Complete,12.2%
"1,262",Kewaunee,2015,Northeastern,19–26 years old,HPV Complete,14.6%
"1,263",Kewaunee,2016,Northeastern,19–26 years old,HPV Complete,16.0%
"1,264",Kewaunee,2017,Northeastern,19–26 years old,HPV Complete,19.1%
"1,265",Kewaunee,2018,Northeastern,19–26 years old,HPV Complete,22.7%
"1,266",Kewaunee,2018,Northeastern,50 years and older,Zoster (Shingles) Complete,1.5%
"1,267",Kewaunee,2019,Northeastern,19–26 years old,HPV Complete,26.7%
"1,268",Kewaunee,2019,Northeastern,19–49 years old,HepA Complete,8.0%
"1,269",Kewaunee,2019,Northeastern,50 years and older,Zoster (Shingles) Complete,6.3%
"1,270",Kewaunee,2020,Northeastern,19–26 years old,HPV Complete,30.0%
"1,271",Kewaunee,2020,Northeastern,19–49 years old,HepA Complete,9.9%
"1,272",Kewaunee,2020,Northeastern,50 years and older,Zoster (Shingles) Complete,15.5%
"1,273",Kewaunee,2021,Northeastern,19–26 years old,HPV Complete,34.8%
"1,274",Kewaunee,2021,Northeastern,19–49 years old,HepA Complete,12.1%
"1,275",Kewaunee,2021,Northeastern,50 years and older,Zoster (Shingles) Complete,24.0%
"1,276",Kewaunee,2022,Northeastern,19–26 years old,HPV Complete,39.2%
"1,277",Kewaunee,2022,Northeastern,19–49 years old,HepA Complete,12.6%
"1,278",Kewaunee,2022,Northeastern,19–59 years old,HepB (1),51.0%
"1,279",Kewaunee,2022,Northeastern,19–59 years old,HepB Complete,47.2%
"1,280",Kewaunee,2022,Northeastern,50 years and older,Zoster (Shingles) Complete,28.3%
"1,281",Kewaunee,2023,Northeastern,19–26 years old,HPV Complete,44.8%
"1,282",Kewaunee,2023,Northeastern,19–49 years old,HepA Complete,15.9%
"1,283",Kewaunee,2023,Northeastern,19–59 years old,HepB (1),53.9%
"1,284",Kewaunee,2023,Northeastern,19–59 years old,HepB Complete,50.2%
"1,285",Kewaunee,2023,Northeastern,19–64 years old,Td or Tdap,68.5%
"1,286",Kewaunee,2023,Northeastern,19–64 years old,Tdap,60.7%
"1,287",Kewaunee,2023,Northeastern,50 years and older,Zoster (Shingles) Complete,34.8%
"1,288",Kewaunee,2024,Northeastern,19–26 years old,HPV Complete,49.1%
"1,289",Kewaunee,2024,Northeastern,19–49 years old,HepA Complete,18.0%
"1,290",Kewaunee,2024,Northeastern,19–59 years old,HepB (1),56.4%
"1,291",Kewaunee,2024,Northeastern,19–59 years old,HepB Complete,52.4%
"1,292",Kewaunee,2024,Northeastern,19–64 years old,Td or Tdap,69.0%
"1,293",Kewaunee,2024,Northeastern,19–64 years old,Tdap,60.4%
"1,294",Kewaunee,2024,Northeastern,50 years and older,Zoster (Shingles) Complete,37.5%
"1,295",Kewaunee,2025,Northeastern,19–26 years old,HPV Complete,53.5%
"1,296",Kewaunee,2025,Northeastern,19–49 years old,HepA Complete,21.1%
"1,297",Kewaunee,2025,Northeastern,19–59 years old,HepB (1),59.0%
"1,298",Kewaunee,2025,Northeastern,19–59 years old,HepB Complete,55.1%
"1,299",Kewaunee,2025,Northeastern,19–64 years old,Td or Tdap,68.7%
"1,300",Kewaunee,2025,Northeastern,19–64 years old,Tdap,60.1%
"1,301",Kewaunee,2025,Northeastern,50 years and older,Pneumo Complete,46.8%
"1,302",Kewaunee,2025,Northeastern,50 years and older,Zoster (Shingles) Complete,39.8%
"1,303",La Crosse,2014,Western,19–26 years old,HPV Complete,25.9%
"1,304",La Crosse,2015,Western,19–26 years old,HPV Complete,28.7%
"1,305",La Crosse,2016,Western,19–26 years old,HPV Complete,32.8%
"1,306",La Crosse,2017,Western,19–26 years old,HPV Complete,36.9%
"1,307",La Crosse,2018,Western,19–26 years old,HPV Complete,40.7%
"1,308",La Crosse,2018,Western,50 years and older,Zoster (Shingles) Complete,5.6%
"1,309",La Crosse,2019,Western,19–26 years old,HPV Complete,44.6%
"1,310",La Crosse,2019,Western,19–49 years old,HepA Complete,12.5%
"1,311",La Crosse,2019,Western,50 years and older,Zoster (Shingles) Complete,15.5%
"1,312",La Crosse,2020,Western,19–26 years old,HPV Complete,47.6%
"1,313",La Crosse,2020,Western,19–49 years old,HepA Complete,14.7%
"1,314",La Crosse,2020,Western,50 years and older,Zoster (Shingles) Complete,26.9%
"1,315",La Crosse,2021,Western,19–26 years old,HPV Complete,49.5%
"1,316",La Crosse,2021,Western,19–49 years old,HepA Complete,15.7%
"1,317",La Crosse,2021,Western,50 years and older,Zoster (Shingles) Complete,34.1%
"1,318",La Crosse,2022,Western,19–26 years old,HPV Complete,51.9%
"1,319",La Crosse,2022,Western,19–49 years old,HepA Complete,16.0%
"1,320",La Crosse,2022,Western,19–59 years old,HepB (1),55.4%
"1,321",La Crosse,2022,Western,19–59 years old,HepB Complete,45.8%
"1,322",La Crosse,2022,Western,50 years and older,Zoster (Shingles) Complete,38.9%
"1,323",La Crosse,2023,Western,19–26 years old,HPV Complete,58.4%
"1,324",La Crosse,2023,Western,19–49 years old,HepA Complete,19.9%
"1,325",La Crosse,2023,Western,19–59 years old,HepB (1),59.6%
"1,326",La Crosse,2023,Western,19–59 years old,HepB Complete,51.0%
"1,327",La Crosse,2023,Western,19–64 years old,Td or Tdap,67.5%
"1,328",La Crosse,2023,Western,19–64 years old,Tdap,58.0%
"1,329",La Crosse,2023,Western,50 years and older,Zoster (Shingles) Complete,46.8%
"1,330",La Crosse,2024,Western,19–26 years old,HPV Complete,60.1%
"1,331",La Crosse,2024,Western,19–49 years old,HepA Complete,22.0%
"1,332",La Crosse,2024,Western,19–59 years old,HepB (1),63.1%
"1,333",La Crosse,2024,Western,19–59 years old,HepB Complete,53.8%
"1,334",La Crosse,2024,Western,19–64 years old,Td or Tdap,67.9%
"1,335",La Crosse,2024,Western,19–64 years old,Tdap,58.4%
"1,336",La Crosse,2024,Western,50 years and older,Zoster (Shingles) Complete,51.0%
"1,337",La Crosse,2025,Western,19–26 years old,HPV Complete,62.4%
"1,338",La Crosse,2025,Western,19–49 years old,HepA Complete,24.6%
"1,339",La Crosse,2025,Western,19–59 years old,HepB (1),65.6%
"1,340",La Crosse,2025,Western,19–59 years old,HepB Complete,56.6%
"1,341",La Crosse,2025,Western,19–64 years old,Td or Tdap,67.7%
"1,342",La Crosse,2025,Western,19–64 years old,Tdap,58.7%
"1,343",La Crosse,2025,Western,50 years and older,Pneumo Complete,57.4%
"1,344",La Crosse,2025,Western,50 years and older,Zoster (Shingles) Complete,52.4%
"1,345",Lafayette,2014,Southern,19–26 years old,HPV Complete,15.4%
"1,346",Lafayette,2015,Southern,19–26 years old,HPV Complete,15.2%
"1,347",Lafayette,2016,Southern,19–26 years old,HPV Complete,16.9%
"1,348",Lafayette,2017,Southern,19–26 years old,HPV Complete,20.1%
"1,349",Lafayette,2018,Southern,19–26 years old,HPV Complete,22.9%
"1,350",Lafayette,2018,Southern,50 years and older,Zoster (Shingles) Complete,2.1%
"1,351",Lafayette,2019,Southern,19–26 years old,HPV Complete,26.6%
"1,352",Lafayette,2019,Southern,19–49 years old,HepA Complete,5.6%
"1,353",Lafayette,2019,Southern,50 years and older,Zoster (Shingles) Complete,7.4%
"1,354",Lafayette,2020,Southern,19–26 years old,HPV Complete,28.3%
"1,355",Lafayette,2020,Southern,19–49 years old,HepA Complete,6.2%
"1,356",Lafayette,2020,Southern,50 years and older,Zoster (Shingles) Complete,14.3%
"1,357",Lafayette,2021,Southern,19–26 years old,HPV Complete,29.7%
"1,358",Lafayette,2021,Southern,19–49 years old,HepA Complete,7.3%
"1,359",Lafayette,2021,Southern,50 years and older,Zoster (Shingles) Complete,20.1%
"1,360",Lafayette,2022,Southern,19–26 years old,HPV Complete,32.8%
"1,361",Lafayette,2022,Southern,19–49 years old,HepA Complete,7.6%
"1,362",Lafayette,2022,Southern,19–59 years old,HepB (1),48.8%
"1,363",Lafayette,2022,Southern,19–59 years old,HepB Complete,43.2%
"1,364",Lafayette,2022,Southern,50 years and older,Zoster (Shingles) Complete,24.1%
"1,365",Lafayette,2023,Southern,19–26 years old,HPV Complete,39.1%
"1,366",Lafayette,2023,Southern,19–49 years old,HepA Complete,10.2%
"1,367",Lafayette,2023,Southern,19–59 years old,HepB (1),52.9%
"1,368",Lafayette,2023,Southern,19–59 years old,HepB Complete,46.9%
"1,369",Lafayette,2023,Southern,19–64 years old,Td or Tdap,60.4%
"1,370",Lafayette,2023,Southern,19–64 years old,Tdap,50.3%
"1,371",Lafayette,2023,Southern,50 years and older,Zoster (Shingles) Complete,29.2%
"1,372",Lafayette,2024,Southern,19–26 years old,HPV Complete,40.9%
"1,373",Lafayette,2024,Southern,19–49 years old,HepA Complete,12.0%
"1,374",Lafayette,2024,Southern,19–59 years old,HepB (1),55.3%
"1,375",Lafayette,2024,Southern,19–59 years old,HepB Complete,49.2%
"1,376",Lafayette,2024,Southern,19–64 years old,Td or Tdap,60.9%
"1,377",Lafayette,2024,Southern,19–64 years old,Tdap,51.0%
"1,378",Lafayette,2024,Southern,50 years and older,Zoster (Shingles) Complete,32.6%
"1,379",Lafayette,2025,Southern,19–26 years old,HPV Complete,42.8%
"1,380",Lafayette,2025,Southern,19–49 years old,HepA Complete,14.0%
"1,381",Lafayette,2025,Southern,19–59 years old,HepB (1),58.4%
"1,382",Lafayette,2025,Southern,19–59 years old,HepB Complete,52.1%
"1,383",Lafayette,2025,Southern,19–64 years old,Td or Tdap,61.8%
"1,384",Lafayette,2025,Southern,19–64 years old,Tdap,51.8%
"1,385",Lafayette,2025,Southern,50 years and older,Pneumo Complete,42.2%
"1,386",Lafayette,2025,Southern,50 years and older,Zoster (Shingles) Complete,35.4%
"1,387",Langlade,2014,Northern,19–26 years old,HPV Complete,17.2%
"1,388",Langlade,2015,Northern,19–26 years old,HPV Complete,19.4%
"1,389",Langlade,2016,Northern,19–26 years old,HPV Complete,22.2%
"1,390",Langlade,2017,Northern,19–26 years old,HPV Complete,26.4%
"1,391",Langlade,2018,Northern,19–26 years old,HPV Complete,30.5%
"1,392",Langlade,2018,Northern,50 years and older,Zoster (Shingles) Complete,1.8%
"1,393",Langlade,2019,Northern,19–26 years old,HPV Complete,33.8%
"1,394",Langlade,2019,Northern,19–49 years old,HepA Complete,8.7%
"1,395",Langlade,2019,Northern,50 years and older,Zoster (Shingles) Complete,7.9%
"1,396",Langlade,2020,Northern,19–26 years old,HPV Complete,37.5%
"1,397",Langlade,2020,Northern,19–49 years old,HepA Complete,10.1%
"1,398",Langlade,2020,Northern,50 years and older,Zoster (Shingles) Complete,18.3%
"1,399",Langlade,2021,Northern,19–26 years old,HPV Complete,41.1%
"1,400",Langlade,2021,Northern,19–49 years old,HepA Complete,11.7%
"1,401",Langlade,2021,Northern,50 years and older,Zoster (Shingles) Complete,23.0%
"1,402",Langlade,2022,Northern,19–26 years old,HPV Complete,43.7%
"1,403",Langlade,2022,Northern,19–49 years old,HepA Complete,11.5%
"1,404",Langlade,2022,Northern,19–59 years old,HepB (1),53.7%
"1,405",Langlade,2022,Northern,19–59 years old,HepB Complete,48.5%
"1,406",Langlade,2022,Northern,50 years and older,Zoster (Shingles) Complete,26.9%
"1,407",Langlade,2023,Northern,19–26 years old,HPV Complete,49.9%
"1,408",Langlade,2023,Northern,19–49 years old,HepA Complete,14.8%
"1,409",Langlade,2023,Northern,19–59 years old,HepB (1),57.0%
"1,410",Langlade,2023,Northern,19–59 years old,HepB Complete,51.8%
"1,411",Langlade,2023,Northern,19–64 years old,Td or Tdap,63.3%
"1,412",Langlade,2023,Northern,19–64 years old,Tdap,55.1%
"1,413",Langlade,2023,Northern,50 years and older,Zoster (Shingles) Complete,32.5%
"1,414",Langlade,2024,Northern,19–26 years old,HPV Complete,53.9%
"1,415",Langlade,2024,Northern,19–49 years old,HepA Complete,17.3%
"1,416",Langlade,2024,Northern,19–59 years old,HepB (1),59.3%
"1,417",Langlade,2024,Northern,19–59 years old,HepB Complete,53.9%
"1,418",Langlade,2024,Northern,19–64 years old,Td or Tdap,63.3%
"1,419",Langlade,2024,Northern,19–64 years old,Tdap,54.8%
"1,420",Langlade,2024,Northern,50 years and older,Zoster (Shingles) Complete,37.4%
"1,421",Langlade,2025,Northern,19–26 years old,HPV Complete,55.1%
"1,422",Langlade,2025,Northern,19–49 years old,HepA Complete,20.0%
"1,423",Langlade,2025,Northern,19–59 years old,HepB (1),61.0%
"1,424",Langlade,2025,Northern,19–59 years old,HepB Complete,55.7%
"1,425",Langlade,2025,Northern,19–64 years old,Td or Tdap,63.1%
"1,426",Langlade,2025,Northern,19–64 years old,Tdap,54.8%
"1,427",Langlade,2025,Northern,50 years and older,Pneumo Complete,51.2%
"1,428",Langlade,2025,Northern,50 years and older,Zoster (Shingles) Complete,39.5%
"1,429",Lincoln,2014,Northern,19–26 years old,HPV Complete,26.1%
"1,430",Lincoln,2015,Northern,19–26 years old,HPV Complete,28.6%
"1,431",Lincoln,2016,Northern,19–26 years old,HPV Complete,31.7%
"1,432",Lincoln,2017,Northern,19–26 years old,HPV Complete,35.6%
"1,433",Lincoln,2018,Northern,19–26 years old,HPV Complete,38.0%
"1,434",Lincoln,2018,Northern,50 years and older,Zoster (Shingles) Complete,2.1%
"1,435",Lincoln,2019,Northern,19–26 years old,HPV Complete,41.7%
"1,436",Lincoln,2019,Northern,19–49 years old,HepA Complete,10.4%
"1,437",Lincoln,2019,Northern,50 years and older,Zoster (Shingles) Complete,7.0%
"1,438",Lincoln,2020,Northern,19–26 years old,HPV Complete,43.8%
"1,439",Lincoln,2020,Northern,19–49 years old,HepA Complete,11.3%
"1,440",Lincoln,2020,Northern,50 years and older,Zoster (Shingles) Complete,13.7%
"1,441",Lincoln,2021,Northern,19–26 years old,HPV Complete,47.1%
"1,442",Lincoln,2021,Northern,19–49 years old,HepA Complete,12.4%
"1,443",Lincoln,2021,Northern,50 years and older,Zoster (Shingles) Complete,20.5%
"1,444",Lincoln,2022,Northern,19–26 years old,HPV Complete,49.6%
"1,445",Lincoln,2022,Northern,19–49 years old,HepA Complete,12.6%
"1,446",Lincoln,2022,Northern,19–59 years old,HepB (1),52.1%
"1,447",Lincoln,2022,Northern,19–59 years old,HepB Complete,48.3%
"1,448",Lincoln,2022,Northern,50 years and older,Zoster (Shingles) Complete,25.0%
"1,449",Lincoln,2023,Northern,19–26 years old,HPV Complete,56.3%
"1,450",Lincoln,2023,Northern,19–49 years old,HepA Complete,16.6%
"1,451",Lincoln,2023,Northern,19–59 years old,HepB (1),55.6%
"1,452",Lincoln,2023,Northern,19–59 years old,HepB Complete,51.9%
"1,453",Lincoln,2023,Northern,19–64 years old,Td or Tdap,62.2%
"1,454",Lincoln,2023,Northern,19–64 years old,Tdap,49.5%
"1,455",Lincoln,2023,Northern,50 years and older,Zoster (Shingles) Complete,29.4%
"1,456",Lincoln,2024,Northern,19–26 years old,HPV Complete,58.8%
"1,457",Lincoln,2024,Northern,19–49 years old,HepA Complete,18.5%
"1,458",Lincoln,2024,Northern,19–59 years old,HepB (1),57.9%
"1,459",Lincoln,2024,Northern,19–59 years old,HepB Complete,54.0%
"1,460",Lincoln,2024,Northern,19–64 years old,Td or Tdap,63.5%
"1,461",Lincoln,2024,Northern,19–64 years old,Tdap,50.6%
"1,462",Lincoln,2024,Northern,50 years and older,Zoster (Shingles) Complete,34.1%
"1,463",Lincoln,2025,Northern,19–26 years old,HPV Complete,59.8%
"1,464",Lincoln,2025,Northern,19–49 years old,HepA Complete,21.4%
"1,465",Lincoln,2025,Northern,19–59 years old,HepB (1),60.2%
"1,466",Lincoln,2025,Northern,19–59 years old,HepB Complete,56.3%
"1,467",Lincoln,2025,Northern,19–64 years old,Td or Tdap,63.6%
"1,468",Lincoln,2025,Northern,19–64 years old,Tdap,50.8%
"1,469",Lincoln,2025,Northern,50 years and older,Pneumo Complete,47.5%
"1,470",Lincoln,2025,Northern,50 years and older,Zoster (Shingles) Complete,36.7%
"1,471",Manitowoc,2014,Northeastern,19–26 years old,HPV Complete,21.8%
"1,472",Manitowoc,2015,Northeastern,19–26 years old,HPV Complete,24.6%
"1,473",Manitowoc,2016,Northeastern,19–26 years old,HPV Complete,28.4%
"1,474",Manitowoc,2017,Northeastern,19–26 years old,HPV Complete,32.9%
"1,475",Manitowoc,2018,Northeastern,19–26 years old,HPV Complete,37.2%
"1,476",Manitowoc,2018,Northeastern,50 years and older,Zoster (Shingles) Complete,1.6%
"1,477",Manitowoc,2019,Northeastern,19–26 years old,HPV Complete,41.2%
"1,478",Manitowoc,2019,Northeastern,19–49 years old,HepA Complete,14.4%
"1,479",Manitowoc,2019,Northeastern,50 years and older,Zoster (Shingles) Complete,6.6%
"1,480",Manitowoc,2020,Northeastern,19–26 years old,HPV Complete,44.5%
"1,481",Manitowoc,2020,Northeastern,19–49 years old,HepA Complete,16.0%
"1,482",Manitowoc,2020,Northeastern,50 years and older,Zoster (Shingles) Complete,16.3%
"1,483",Manitowoc,2021,Northeastern,19–26 years old,HPV Complete,47.1%
"1,484",Manitowoc,2021,Northeastern,19–49 years old,HepA Complete,17.7%
"1,485",Manitowoc,2021,Northeastern,50 years and older,Zoster (Shingles) Complete,22.4%
"1,486",Manitowoc,2022,Northeastern,19–26 years old,HPV Complete,50.3%
"1,487",Manitowoc,2022,Northeastern,19–49 years old,HepA Complete,18.0%
"1,488",Manitowoc,2022,Northeastern,19–59 years old,HepB (1),52.6%
"1,489",Manitowoc,2022,Northeastern,19–59 years old,HepB Complete,48.3%
"1,490",Manitowoc,2022,Northeastern,50 years and older,Zoster (Shingles) Complete,26.5%
"1,491",Manitowoc,2023,Northeastern,19–26 years old,HPV Complete,54.6%
"1,492",Manitowoc,2023,Northeastern,19–49 years old,HepA Complete,21.7%
"1,493",Manitowoc,2023,Northeastern,19–59 years old,HepB (1),55.7%
"1,494",Manitowoc,2023,Northeastern,19–59 years old,HepB Complete,51.3%
"1,495",Manitowoc,2023,Northeastern,19–64 years old,Td or Tdap,63.0%
"1,496",Manitowoc,2023,Northeastern,19–64 years old,Tdap,51.2%
"1,497",Manitowoc,2023,Northeastern,50 years and older,Zoster (Shingles) Complete,32.5%
"1,498",Manitowoc,2024,Northeastern,19–26 years old,HPV Complete,56.9%
"1,499",Manitowoc,2024,Northeastern,19–49 years old,HepA Complete,23.7%
"1,500",Manitowoc,2024,Northeastern,19–59 years old,HepB (1),58.1%
"1,501",Manitowoc,2024,Northeastern,19–59 years old,HepB Complete,53.5%
"1,502",Manitowoc,2024,Northeastern,19–64 years old,Td or Tdap,63.4%
"1,503",Manitowoc,2024,Northeastern,19–64 years old,Tdap,50.1%
"1,504",Manitowoc,2024,Northeastern,50 years and older,Zoster (Shingles) Complete,35.5%
"1,505",Manitowoc,2025,Northeastern,19–26 years old,HPV Complete,59.0%
"1,506",Manitowoc,2025,Northeastern,19–49 years old,HepA Complete,26.3%
"1,507",Manitowoc,2025,Northeastern,19–59 years old,HepB (1),60.4%
"1,508",Manitowoc,2025,Northeastern,19–59 years old,HepB Complete,55.8%
"1,509",Manitowoc,2025,Northeastern,19–64 years old,Td or Tdap,63.0%
"1,510",Manitowoc,2025,Northeastern,19–64 years old,Tdap,49.0%
"1,511",Manitowoc,2025,Northeastern,50 years and older,Pneumo Complete,49.1%
"1,512",Manitowoc,2025,Northeastern,50 years and older,Zoster (Shingles) Complete,37.8%
"1,513",Marathon,2014,Northern,19–26 years old,HPV Complete,21.2%
"1,514",Marathon,2015,Northern,19–26 years old,HPV Complete,23.4%
"1,515",Marathon,2016,Northern,19–26 years old,HPV Complete,26.5%
"1,516",Marathon,2017,Northern,19–26 years old,HPV Complete,30.9%
"1,517",Marathon,2018,Northern,19–26 years old,HPV Complete,34.3%
"1,518",Marathon,2018,Northern,50 years and older,Zoster (Shingles) Complete,1.9%
"1,519",Marathon,2019,Northern,19–26 years old,HPV Complete,38.0%
"1,520",Marathon,2019,Northern,19–49 years old,HepA Complete,10.4%
"1,521",Marathon,2019,Northern,50 years and older,Zoster (Shingles) Complete,7.3%
"1,522",Marathon,2020,Northern,19–26 years old,HPV Complete,40.6%
"1,523",Marathon,2020,Northern,19–49 years old,HepA Complete,11.5%
"1,524",Marathon,2020,Northern,50 years and older,Zoster (Shingles) Complete,14.9%
"1,525",Marathon,2021,Northern,19–26 years old,HPV Complete,44.0%
"1,526",Marathon,2021,Northern,19–49 years old,HepA Complete,12.7%
"1,527",Marathon,2021,Northern,50 years and older,Zoster (Shingles) Complete,22.1%
"1,528",Marathon,2022,Northern,19–26 years old,HPV Complete,47.6%
"1,529",Marathon,2022,Northern,19–49 years old,HepA Complete,13.1%
"1,530",Marathon,2022,Northern,19–59 years old,HepB (1),53.1%
"1,531",Marathon,2022,Northern,19–59 years old,HepB Complete,48.4%
"1,532",Marathon,2022,Northern,50 years and older,Zoster (Shingles) Complete,27.4%
"1,533",Marathon,2023,Northern,19–26 years old,HPV Complete,54.1%
"1,534",Marathon,2023,Northern,19–49 years old,HepA Complete,16.9%
"1,535",Marathon,2023,Northern,19–59 years old,HepB (1),56.5%
"1,536",Marathon,2023,Northern,19–59 years old,HepB Complete,51.7%
"1,537",Marathon,2023,Northern,19–64 years old,Td or Tdap,67.1%
"1,538",Marathon,2023,Northern,19–64 years old,Tdap,57.3%
"1,539",Marathon,2023,Northern,50 years and older,Zoster (Shingles) Complete,33.0%
"1,540",Marathon,2024,Northern,19–26 years old,HPV Complete,56.6%
"1,541",Marathon,2024,Northern,19–49 years old,HepA Complete,19.4%
"1,542",Marathon,2024,Northern,19–59 years old,HepB (1),58.7%
"1,543",Marathon,2024,Northern,19–59 years old,HepB Complete,53.9%
"1,544",Marathon,2024,Northern,19–64 years old,Td or Tdap,67.2%
"1,545",Marathon,2024,Northern,19–64 years old,Tdap,57.6%
"1,546",Marathon,2024,Northern,50 years and older,Zoster (Shingles) Complete,37.4%
"1,547",Marathon,2025,Northern,19–26 years old,HPV Complete,59.0%
"1,548",Marathon,2025,Northern,19–49 years old,HepA Complete,22.0%
"1,549",Marathon,2025,Northern,19–59 years old,HepB (1),60.8%
"1,550",Marathon,2025,Northern,19–59 years old,HepB Complete,55.9%
"1,551",Marathon,2025,Northern,19–64 years old,Td or Tdap,66.7%
"1,552",Marathon,2025,Northern,19–64 years old,Tdap,57.5%
"1,553",Marathon,2025,Northern,50 years and older,Pneumo Complete,48.0%
"1,554",Marathon,2025,Northern,50 years and older,Zoster (Shingles) Complete,39.7%
"1,555",Marinette,2014,Northeastern,19–26 years old,HPV Complete,15.0%
"1,556",Marinette,2015,Northeastern,19–26 years old,HPV Complete,16.0%
"1,557",Marinette,2016,Northeastern,19–26 years old,HPV Complete,18.5%
"1,558",Marinette,2017,Northeastern,19–26 years old,HPV Complete,22.3%
"1,559",Marinette,2018,Northeastern,19–26 years old,HPV Complete,26.4%
"1,560",Marinette,2018,Northeastern,50 years and older,Zoster (Shingles) Complete,1.4%
"1,561",Marinette,2019,Northeastern,19–26 years old,HPV Complete,29.8%
"1,562",Marinette,2019,Northeastern,19–49 years old,HepA Complete,10.9%
"1,563",Marinette,2019,Northeastern,50 years and older,Zoster (Shingles) Complete,6.2%
"1,564",Marinette,2020,Northeastern,19–26 years old,HPV Complete,32.2%
"1,565",Marinette,2020,Northeastern,19–49 years old,HepA Complete,12.4%
"1,566",Marinette,2020,Northeastern,50 years and older,Zoster (Shingles) Complete,11.7%
"1,567",Marinette,2021,Northeastern,19–26 years old,HPV Complete,33.8%
"1,568",Marinette,2021,Northeastern,19–49 years old,HepA Complete,14.1%
"1,569",Marinette,2021,Northeastern,50 years and older,Zoster (Shingles) Complete,16.3%
"1,570",Marinette,2022,Northeastern,19–26 years old,HPV Complete,37.0%
"1,571",Marinette,2022,Northeastern,19–49 years old,HepA Complete,14.5%
"1,572",Marinette,2022,Northeastern,19–59 years old,HepB (1),48.5%
"1,573",Marinette,2022,Northeastern,19–59 years old,HepB Complete,43.5%
"1,574",Marinette,2022,Northeastern,50 years and older,Zoster (Shingles) Complete,20.0%
"1,575",Marinette,2023,Northeastern,19–26 years old,HPV Complete,42.2%
"1,576",Marinette,2023,Northeastern,19–49 years old,HepA Complete,18.1%
"1,577",Marinette,2023,Northeastern,19–59 years old,HepB (1),51.6%
"1,578",Marinette,2023,Northeastern,19–59 years old,HepB Complete,46.7%
"1,579",Marinette,2023,Northeastern,19–64 years old,Td or Tdap,61.2%
"1,580",Marinette,2023,Northeastern,19–64 years old,Tdap,54.6%
"1,581",Marinette,2023,Northeastern,50 years and older,Zoster (Shingles) Complete,25.0%
"1,582",Marinette,2024,Northeastern,19–26 years old,HPV Complete,44.5%
"1,583",Marinette,2024,Northeastern,19–49 years old,HepA Complete,20.8%
"1,584",Marinette,2024,Northeastern,19–59 years old,HepB (1),54.2%
"1,585",Marinette,2024,Northeastern,19–59 years old,HepB Complete,49.2%
"1,586",Marinette,2024,Northeastern,19–64 years old,Td or Tdap,62.1%
"1,587",Marinette,2024,Northeastern,19–64 years old,Tdap,55.3%
"1,588",Marinette,2024,Northeastern,50 years and older,Zoster (Shingles) Complete,29.9%
"1,589",Marinette,2025,Northeastern,19–26 years old,HPV Complete,47.5%
"1,590",Marinette,2025,Northeastern,19–49 years old,HepA Complete,23.5%
"1,591",Marinette,2025,Northeastern,19–59 years old,HepB (1),56.8%
"1,592",Marinette,2025,Northeastern,19–59 years old,HepB Complete,51.9%
"1,593",Marinette,2025,Northeastern,19–64 years old,Td or Tdap,61.3%
"1,594",Marinette,2025,Northeastern,19–64 years old,Tdap,54.2%
"1,595",Marinette,2025,Northeastern,50 years and older,Pneumo Complete,48.4%
"1,596",Marinette,2025,Northeastern,50 years and older,Zoster (Shingles) Complete,32.1%
"1,597",Marquette,2014,Northeastern,19–26 years old,HPV Complete,19.1%
"1,598",Marquette,2015,Northeastern,19–26 years old,HPV Complete,20.3%
"1,599",Marquette,2016,Northeastern,19–26 years old,HPV Complete,23.0%
"1,600",Marquette,2017,Northeastern,19–26 years old,HPV Complete,25.4%
"1,601",Marquette,2018,Northeastern,19–26 years old,HPV Complete,26.8%
"1,602",Marquette,2018,Northeastern,50 years and older,Zoster (Shingles) Complete,1.2%
"1,603",Marquette,2019,Northeastern,19–26 years old,HPV Complete,30.1%
"1,604",Marquette,2019,Northeastern,19–49 years old,HepA Complete,8.1%
"1,605",Marquette,2019,Northeastern,50 years and older,Zoster (Shingles) Complete,6.2%
"1,606",Marquette,2020,Northeastern,19–26 years old,HPV Complete,32.7%
"1,607",Marquette,2020,Northeastern,19–49 years old,HepA Complete,9.3%
"1,608",Marquette,2020,Northeastern,50 years and older,Zoster (Shingles) Complete,11.6%
"1,609",Marquette,2021,Northeastern,19–26 years old,HPV Complete,35.2%
"1,610",Marquette,2021,Northeastern,19–49 years old,HepA Complete,10.6%
"1,611",Marquette,2021,Northeastern,50 years and older,Zoster (Shingles) Complete,16.5%
"1,612",Marquette,2022,Northeastern,19–26 years old,HPV Complete,38.1%
"1,613",Marquette,2022,Northeastern,19–49 years old,HepA Complete,11.0%
"1,614",Marquette,2022,Northeastern,19–59 years old,HepB (1),50.4%
"1,615",Marquette,2022,Northeastern,19–59 years old,HepB Complete,43.5%
"1,616",Marquette,2022,Northeastern,50 years and older,Zoster (Shingles) Complete,22.0%
"1,617",Marquette,2023,Northeastern,19–26 years old,HPV Complete,46.5%
"1,618",Marquette,2023,Northeastern,19–49 years old,HepA Complete,14.7%
"1,619",Marquette,2023,Northeastern,19–59 years old,HepB (1),53.7%
"1,620",Marquette,2023,Northeastern,19–59 years old,HepB Complete,47.1%
"1,621",Marquette,2023,Northeastern,19–64 years old,Td or Tdap,63.8%
"1,622",Marquette,2023,Northeastern,19–64 years old,Tdap,54.4%
"1,623",Marquette,2023,Northeastern,50 years and older,Zoster (Shingles) Complete,28.1%
"1,624",Marquette,2024,Northeastern,19–26 years old,HPV Complete,51.9%
"1,625",Marquette,2024,Northeastern,19–49 years old,HepA Complete,17.2%
"1,626",Marquette,2024,Northeastern,19–59 years old,HepB (1),56.4%
"1,627",Marquette,2024,Northeastern,19–59 years old,HepB Complete,49.8%
"1,628",Marquette,2024,Northeastern,19–64 years old,Td or Tdap,64.2%
"1,629",Marquette,2024,Northeastern,19–64 years old,Tdap,54.2%
"1,630",Marquette,2024,Northeastern,50 years and older,Zoster (Shingles) Complete,32.1%
"1,631",Marquette,2025,Northeastern,19–26 years old,HPV Complete,53.0%
"1,632",Marquette,2025,Northeastern,19–49 years old,HepA Complete,19.8%
"1,633",Marquette,2025,Northeastern,19–59 years old,HepB (1),59.2%
"1,634",Marquette,2025,Northeastern,19–59 years old,HepB Complete,52.6%
"1,635",Marquette,2025,Northeastern,19–64 years old,Td or Tdap,65.2%
"1,636",Marquette,2025,Northeastern,19–64 years old,Tdap,55.2%
"1,637",Marquette,2025,Northeastern,50 years and older,Pneumo Complete,51.2%
"1,638",Marquette,2025,Northeastern,50 years and older,Zoster (Shingles) Complete,35.8%
"1,639",Menominee,2014,Northeastern,19–26 years old,HPV Complete,17.6%
"1,640",Menominee,2015,Northeastern,19–26 years old,HPV Complete,20.7%
"1,641",Menominee,2016,Northeastern,19–26 years old,HPV Complete,27.5%
"1,642",Menominee,2017,Northeastern,19–26 years old,HPV Complete,36.6%
"1,643",Menominee,2018,Northeastern,19–26 years old,HPV Complete,43.8%
"1,644",Menominee,2018,Northeastern,50 years and older,Zoster (Shingles) Complete,2.8%
"1,645",Menominee,2019,Northeastern,19–26 years old,HPV Complete,50.8%
"1,646",Menominee,2019,Northeastern,19–49 years old,HepA Complete,32.8%
"1,647",Menominee,2019,Northeastern,50 years and older,Zoster (Shingles) Complete,15.9%
"1,648",Menominee,2020,Northeastern,19–26 years old,HPV Complete,55.6%
"1,649",Menominee,2020,Northeastern,19–49 years old,HepA Complete,35.6%
"1,650",Menominee,2020,Northeastern,50 years and older,Zoster (Shingles) Complete,23.1%
"1,651",Menominee,2021,Northeastern,19–26 years old,HPV Complete,56.2%
"1,652",Menominee,2021,Northeastern,19–49 years old,HepA Complete,36.9%
"1,653",Menominee,2021,Northeastern,50 years and older,Zoster (Shingles) Complete,28.6%
"1,654",Menominee,2022,Northeastern,19–26 years old,HPV Complete,59.9%
"1,655",Menominee,2022,Northeastern,19–49 years old,HepA Complete,37.7%
"1,656",Menominee,2022,Northeastern,19–59 years old,HepB (1),53.3%
"1,657",Menominee,2022,Northeastern,19–59 years old,HepB Complete,47.4%
"1,658",Menominee,2022,Northeastern,50 years and older,Zoster (Shingles) Complete,34.2%
"1,659",Menominee,2023,Northeastern,19–26 years old,HPV Complete,66.4%
"1,660",Menominee,2023,Northeastern,19–49 years old,HepA Complete,43.4%
"1,661",Menominee,2023,Northeastern,19–59 years old,HepB (1),57.9%
"1,662",Menominee,2023,Northeastern,19–59 years old,HepB Complete,51.7%
"1,663",Menominee,2023,Northeastern,19–64 years old,Td or Tdap,72.6%
"1,664",Menominee,2023,Northeastern,19–64 years old,Tdap,57.5%
"1,665",Menominee,2023,Northeastern,50 years and older,Zoster (Shingles) Complete,41.1%
"1,666",Menominee,2024,Northeastern,19–26 years old,HPV Complete,67.8%
"1,667",Menominee,2024,Northeastern,19–49 years old,HepA Complete,46.6%
"1,668",Menominee,2024,Northeastern,19–59 years old,HepB (1),61.2%
"1,669",Menominee,2024,Northeastern,19–59 years old,HepB Complete,55.2%
"1,670",Menominee,2024,Northeastern,19–64 years old,Td or Tdap,74.2%
"1,671",Menominee,2024,Northeastern,19–64 years old,Tdap,57.7%
"1,672",Menominee,2024,Northeastern,50 years and older,Zoster (Shingles) Complete,45.1%
"1,673",Menominee,2025,Northeastern,19–26 years old,HPV Complete,71.1%
"1,674",Menominee,2025,Northeastern,19–49 years old,HepA Complete,50.2%
"1,675",Menominee,2025,Northeastern,19–59 years old,HepB (1),64.2%
"1,676",Menominee,2025,Northeastern,19–59 years old,HepB Complete,57.7%
"1,677",Menominee,2025,Northeastern,19–64 years old,Td or Tdap,72.9%
"1,678",Menominee,2025,Northeastern,19–64 years old,Tdap,55.7%
"1,679",Menominee,2025,Northeastern,50 years and older,Pneumo Complete,54.5%
"1,680",Menominee,2025,Northeastern,50 years and older,Zoster (Shingles) Complete,47.3%
"1,681",Milwaukee,2014,Southeastern,19–26 years old,HPV Complete,17.2%
"1,682",Milwaukee,2015,Southeastern,19–26 years old,HPV Complete,18.6%
"1,683",Milwaukee,2016,Southeastern,19–26 years old,HPV Complete,21.9%
"1,684",Milwaukee,2017,Southeastern,19–26 years old,HPV Complete,27.0%
"1,685",Milwaukee,2018,Southeastern,19–26 years old,HPV Complete,31.1%
"1,686",Milwaukee,2018,Southeastern,50 years and older,Zoster (Shingles) Complete,1.7%
"1,687",Milwaukee,2019,Southeastern,19–26 years old,HPV Complete,34.8%
"1,688",Milwaukee,2019,Southeastern,19–49 years old,HepA Complete,20.4%
"1,689",Milwaukee,2019,Southeastern,50 years and older,Zoster (Shingles) Complete,5.8%
"1,690",Milwaukee,2020,Southeastern,19–26 years old,HPV Complete,37.0%
"1,691",Milwaukee,2020,Southeastern,19–49 years old,HepA Complete,21.8%
"1,692",Milwaukee,2020,Southeastern,50 years and older,Zoster (Shingles) Complete,10.3%
"1,693",Milwaukee,2021,Southeastern,19–26 years old,HPV Complete,40.1%
"1,694",Milwaukee,2021,Southeastern,19–49 years old,HepA Complete,23.2%
"1,695",Milwaukee,2021,Southeastern,50 years and older,Zoster (Shingles) Complete,15.3%
"1,696",Milwaukee,2022,Southeastern,19–26 years old,HPV Complete,43.1%
"1,697",Milwaukee,2022,Southeastern,19–49 years old,HepA Complete,23.6%
"1,698",Milwaukee,2022,Southeastern,19–59 years old,HepB (1),45.7%
"1,699",Milwaukee,2022,Southeastern,19–59 years old,HepB Complete,36.5%
"1,700",Milwaukee,2022,Southeastern,50 years and older,Zoster (Shingles) Complete,19.7%
"1,701",Milwaukee,2023,Southeastern,19–26 years old,HPV Complete,52.6%
"1,702",Milwaukee,2023,Southeastern,19–49 years old,HepA Complete,29.0%
"1,703",Milwaukee,2023,Southeastern,19–59 years old,HepB (1),50.7%
"1,704",Milwaukee,2023,Southeastern,19–59 years old,HepB Complete,41.9%
"1,705",Milwaukee,2023,Southeastern,19–64 years old,Td or Tdap,56.4%
"1,706",Milwaukee,2023,Southeastern,19–64 years old,Tdap,53.1%
"1,707",Milwaukee,2023,Southeastern,50 years and older,Zoster (Shingles) Complete,26.6%
"1,708",Milwaukee,2024,Southeastern,19–26 years old,HPV Complete,55.2%
"1,709",Milwaukee,2024,Southeastern,19–49 years old,HepA Complete,31.0%
"1,710",Milwaukee,2024,Southeastern,19–59 years old,HepB (1),53.4%
"1,711",Milwaukee,2024,Southeastern,19–59 years old,HepB Complete,44.4%
"1,712",Milwaukee,2024,Southeastern,19–64 years old,Td or Tdap,56.8%
"1,713",Milwaukee,2024,Southeastern,19–64 years old,Tdap,53.0%
"1,714",Milwaukee,2024,Southeastern,50 years and older,Zoster (Shingles) Complete,30.4%
"1,715",Milwaukee,2025,Southeastern,19–26 years old,HPV Complete,57.6%
"1,716",Milwaukee,2025,Southeastern,19–49 years old,HepA Complete,33.4%
"1,717",Milwaukee,2025,Southeastern,19–59 years old,HepB (1),55.9%
"1,718",Milwaukee,2025,Southeastern,19–59 years old,HepB Complete,46.7%
"1,719",Milwaukee,2025,Southeastern,19–64 years old,Td or Tdap,57.0%
"1,720",Milwaukee,2025,Southeastern,19–64 years old,Tdap,53.2%
"1,721",Milwaukee,2025,Southeastern,50 years and older,Pneumo Complete,45.0%
"1,722",Milwaukee,2025,Southeastern,50 years and older,Zoster (Shingles) Complete,33.5%
"1,723",Monroe,2014,Western,19–26 years old,HPV Complete,18.0%
"1,724",Monroe,2015,Western,19–26 years old,HPV Complete,19.5%
"1,725",Monroe,2016,Western,19–26 years old,HPV Complete,22.1%
"1,726",Monroe,2017,Western,19–26 years old,HPV Complete,24.8%
"1,727",Monroe,2018,Western,19–26 years old,HPV Complete,27.1%
"1,728",Monroe,2018,Western,50 years and older,Zoster (Shingles) Complete,3.7%
"1,729",Monroe,2019,Western,19–26 years old,HPV Complete,30.8%
"1,730",Monroe,2019,Western,19–49 years old,HepA Complete,8.7%
"1,731",Monroe,2019,Western,50 years and older,Zoster (Shingles) Complete,9.9%
"1,732",Monroe,2020,Western,19–26 years old,HPV Complete,32.8%
"1,733",Monroe,2020,Western,19–49 years old,HepA Complete,9.7%
"1,734",Monroe,2020,Western,50 years and older,Zoster (Shingles) Complete,15.6%
"1,735",Monroe,2021,Western,19–26 years old,HPV Complete,34.6%
"1,736",Monroe,2021,Western,19–49 years old,HepA Complete,10.9%
"1,737",Monroe,2021,Western,50 years and older,Zoster (Shingles) Complete,20.3%
"1,738",Monroe,2022,Western,19–26 years old,HPV Complete,37.7%
"1,739",Monroe,2022,Western,19–49 years old,HepA Complete,11.1%
"1,740",Monroe,2022,Western,19–59 years old,HepB (1),47.2%
"1,741",Monroe,2022,Western,19–59 years old,HepB Complete,40.2%
"1,742",Monroe,2022,Western,50 years and older,Zoster (Shingles) Complete,23.9%
"1,743",Monroe,2023,Western,19–26 years old,HPV Complete,49.4%
"1,744",Monroe,2023,Western,19–49 years old,HepA Complete,14.9%
"1,745",Monroe,2023,Western,19–59 years old,HepB (1),51.4%
"1,746",Monroe,2023,Western,19–59 years old,HepB Complete,44.7%
"1,747",Monroe,2023,Western,19–64 years old,Td or Tdap,64.9%
"1,748",Monroe,2023,Western,19–64 years old,Tdap,55.5%
"1,749",Monroe,2023,Western,50 years and older,Zoster (Shingles) Complete,29.7%
"1,750",Monroe,2024,Western,19–26 years old,HPV Complete,50.9%
"1,751",Monroe,2024,Western,19–49 years old,HepA Complete,16.8%
"1,752",Monroe,2024,Western,19–59 years old,HepB (1),54.1%
"1,753",Monroe,2024,Western,19–59 years old,HepB Complete,46.9%
"1,754",Monroe,2024,Western,19–64 years old,Td or Tdap,64.4%
"1,755",Monroe,2024,Western,19–64 years old,Tdap,55.3%
"1,756",Monroe,2024,Western,50 years and older,Zoster (Shingles) Complete,35.2%
"1,757",Monroe,2025,Western,19–26 years old,HPV Complete,52.5%
"1,758",Monroe,2025,Western,19–49 years old,HepA Complete,18.9%
"1,759",Monroe,2025,Western,19–59 years old,HepB (1),56.2%
"1,760",Monroe,2025,Western,19–59 years old,HepB Complete,49.0%
"1,761",Monroe,2025,Western,19–64 years old,Td or Tdap,63.3%
"1,762",Monroe,2025,Western,19–64 years old,Tdap,54.4%
"1,763",Monroe,2025,Western,50 years and older,Pneumo Complete,50.1%
"1,764",Monroe,2025,Western,50 years and older,Zoster (Shingles) Complete,37.2%
"1,765",Oconto,2014,Northeastern,19–26 years old,HPV Complete,17.9%
"1,766",Oconto,2015,Northeastern,19–26 years old,HPV Complete,20.3%
"1,767",Oconto,2016,Northeastern,19–26 years old,HPV Complete,23.8%
"1,768",Oconto,2017,Northeastern,19–26 years old,HPV Complete,29.4%
"1,769",Oconto,2018,Northeastern,19–26 years old,HPV Complete,33.7%
"1,770",Oconto,2018,Northeastern,50 years and older,Zoster (Shingles) Complete,1.4%
"1,771",Oconto,2019,Northeastern,19–26 years old,HPV Complete,38.1%
"1,772",Oconto,2019,Northeastern,19–49 years old,HepA Complete,11.4%
"1,773",Oconto,2019,Northeastern,50 years and older,Zoster (Shingles) Complete,8.0%
"1,774",Oconto,2020,Northeastern,19–26 years old,HPV Complete,41.4%
"1,775",Oconto,2020,Northeastern,19–49 years old,HepA Complete,13.0%
"1,776",Oconto,2020,Northeastern,50 years and older,Zoster (Shingles) Complete,14.8%
"1,777",Oconto,2021,Northeastern,19–26 years old,HPV Complete,45.1%
"1,778",Oconto,2021,Northeastern,19–49 years old,HepA Complete,14.7%
"1,779",Oconto,2021,Northeastern,50 years and older,Zoster (Shingles) Complete,21.1%
"1,780",Oconto,2022,Northeastern,19–26 years old,HPV Complete,48.3%
"1,781",Oconto,2022,Northeastern,19–49 years old,HepA Complete,15.1%
"1,782",Oconto,2022,Northeastern,19–59 years old,HepB (1),49.6%
"1,783",Oconto,2022,Northeastern,19–59 years old,HepB Complete,44.3%
"1,784",Oconto,2022,Northeastern,50 years and older,Zoster (Shingles) Complete,25.9%
"1,785",Oconto,2023,Northeastern,19–26 years old,HPV Complete,53.4%
"1,786",Oconto,2023,Northeastern,19–49 years old,HepA Complete,18.7%
"1,787",Oconto,2023,Northeastern,19–59 years old,HepB (1),52.7%
"1,788",Oconto,2023,Northeastern,19–59 years old,HepB Complete,47.5%
"1,789",Oconto,2023,Northeastern,19–64 years old,Td or Tdap,67.9%
"1,790",Oconto,2023,Northeastern,19–64 years old,Tdap,58.4%
"1,791",Oconto,2023,Northeastern,50 years and older,Zoster (Shingles) Complete,30.7%
"1,792",Oconto,2024,Northeastern,19–26 years old,HPV Complete,56.0%
"1,793",Oconto,2024,Northeastern,19–49 years old,HepA Complete,21.3%
"1,794",Oconto,2024,Northeastern,19–59 years old,HepB (1),55.8%
"1,795",Oconto,2024,Northeastern,19–59 years old,HepB Complete,50.4%
"1,796",Oconto,2024,Northeastern,19–64 years old,Td or Tdap,67.9%
"1,797",Oconto,2024,Northeastern,19–64 years old,Tdap,57.9%
"1,798",Oconto,2024,Northeastern,50 years and older,Zoster (Shingles) Complete,34.4%
"1,799",Oconto,2025,Northeastern,19–26 years old,HPV Complete,58.9%
"1,800",Oconto,2025,Northeastern,19–49 years old,HepA Complete,23.9%
"1,801",Oconto,2025,Northeastern,19–59 years old,HepB (1),58.8%
"1,802",Oconto,2025,Northeastern,19–59 years old,HepB Complete,53.5%
"1,803",Oconto,2025,Northeastern,19–64 years old,Td or Tdap,68.4%
"1,804",Oconto,2025,Northeastern,19–64 years old,Tdap,58.2%
"1,805",Oconto,2025,Northeastern,50 years and older,Pneumo Complete,47.3%
"1,806",Oconto,2025,Northeastern,50 years and older,Zoster (Shingles) Complete,36.9%
"1,807",Oneida,2014,Northern,19–26 years old,HPV Complete,19.9%
"1,808",Oneida,2015,Northern,19–26 years old,HPV Complete,22.3%
"1,809",Oneida,2016,Northern,19–26 years old,HPV Complete,25.9%
"1,810",Oneida,2017,Northern,19–26 years old,HPV Complete,30.0%
"1,811",Oneida,2018,Northern,19–26 years old,HPV Complete,32.7%
"1,812",Oneida,2018,Northern,50 years and older,Zoster (Shingles) Complete,1.2%
"1,813",Oneida,2019,Northern,19–26 years old,HPV Complete,36.9%
"1,814",Oneida,2019,Northern,19–49 years old,HepA Complete,7.1%
"1,815",Oneida,2019,Northern,50 years and older,Zoster (Shingles) Complete,4.8%
"1,816",Oneida,2020,Northern,19–26 years old,HPV Complete,37.6%
"1,817",Oneida,2020,Northern,19–49 years old,HepA Complete,7.8%
"1,818",Oneida,2020,Northern,50 years and older,Zoster (Shingles) Complete,9.9%
"1,819",Oneida,2021,Northern,19–26 years old,HPV Complete,41.1%
"1,820",Oneida,2021,Northern,19–49 years old,HepA Complete,9.1%
"1,821",Oneida,2021,Northern,50 years and older,Zoster (Shingles) Complete,14.4%
"1,822",Oneida,2022,Northern,19–26 years old,HPV Complete,44.5%
"1,823",Oneida,2022,Northern,19–49 years old,HepA Complete,9.3%
"1,824",Oneida,2022,Northern,19–59 years old,HepB (1),43.3%
"1,825",Oneida,2022,Northern,19–59 years old,HepB Complete,38.4%
"1,826",Oneida,2022,Northern,50 years and older,Zoster (Shingles) Complete,18.2%
"1,827",Oneida,2023,Northern,19–26 years old,HPV Complete,50.7%
"1,828",Oneida,2023,Northern,19–49 years old,HepA Complete,12.9%
"1,829",Oneida,2023,Northern,19–59 years old,HepB (1),49.4%
"1,830",Oneida,2023,Northern,19–59 years old,HepB Complete,44.5%
"1,831",Oneida,2023,Northern,19–64 years old,Td or Tdap,54.0%
"1,832",Oneida,2023,Northern,19–64 years old,Tdap,47.1%
"1,833",Oneida,2023,Northern,50 years and older,Zoster (Shingles) Complete,25.0%
"1,834",Oneida,2024,Northern,19–26 years old,HPV Complete,52.7%
"1,835",Oneida,2024,Northern,19–49 years old,HepA Complete,15.4%
"1,836",Oneida,2024,Northern,19–59 years old,HepB (1),51.6%
"1,837",Oneida,2024,Northern,19–59 years old,HepB Complete,46.7%
"1,838",Oneida,2024,Northern,19–64 years old,Td or Tdap,55.4%
"1,839",Oneida,2024,Northern,19–64 years old,Tdap,48.2%
"1,840",Oneida,2024,Northern,50 years and older,Zoster (Shingles) Complete,29.8%
"1,841",Oneida,2025,Northern,19–26 years old,HPV Complete,54.3%
"1,842",Oneida,2025,Northern,19–49 years old,HepA Complete,17.6%
"1,843",Oneida,2025,Northern,19–59 years old,HepB (1),53.9%
"1,844",Oneida,2025,Northern,19–59 years old,HepB Complete,48.9%
"1,845",Oneida,2025,Northern,19–64 years old,Td or Tdap,56.2%
"1,846",Oneida,2025,Northern,19–64 years old,Tdap,48.9%
"1,847",Oneida,2025,Northern,50 years and older,Pneumo Complete,43.9%
"1,848",Oneida,2025,Northern,50 years and older,Zoster (Shingles) Complete,33.0%
"1,849",Outagamie,2014,Northeastern,19–26 years old,HPV Complete,20.5%
"1,850",Outagamie,2015,Northeastern,19–26 years old,HPV Complete,23.3%
"1,851",Outagamie,2016,Northeastern,19–26 years old,HPV Complete,27.2%
"1,852",Outagamie,2017,Northeastern,19–26 years old,HPV Complete,31.6%
"1,853",Outagamie,2018,Northeastern,19–26 years old,HPV Complete,35.9%
"1,854",Outagamie,2018,Northeastern,50 years and older,Zoster (Shingles) Complete,2.5%
"1,855",Outagamie,2019,Northeastern,19–26 years old,HPV Complete,39.9%
"1,856",Outagamie,2019,Northeastern,19–49 years old,HepA Complete,11.9%
"1,857",Outagamie,2019,Northeastern,50 years and older,Zoster (Shingles) Complete,9.6%
"1,858",Outagamie,2020,Northeastern,19–26 years old,HPV Complete,41.1%
"1,859",Outagamie,2020,Northeastern,19–49 years old,HepA Complete,13.7%
"1,860",Outagamie,2020,Northeastern,50 years and older,Zoster (Shingles) Complete,19.1%
"1,861",Outagamie,2021,Northeastern,19–26 years old,HPV Complete,43.8%
"1,862",Outagamie,2021,Northeastern,19–49 years old,HepA Complete,15.5%
"1,863",Outagamie,2021,Northeastern,50 years and older,Zoster (Shingles) Complete,26.1%
"1,864",Outagamie,2022,Northeastern,19–26 years old,HPV Complete,47.2%
"1,865",Outagamie,2022,Northeastern,19–49 years old,HepA Complete,16.1%
"1,866",Outagamie,2022,Northeastern,19–59 years old,HepB (1),49.2%
"1,867",Outagamie,2022,Northeastern,19–59 years old,HepB Complete,43.8%
"1,868",Outagamie,2022,Northeastern,50 years and older,Zoster (Shingles) Complete,30.9%
"1,869",Outagamie,2023,Northeastern,19–26 years old,HPV Complete,54.3%
"1,870",Outagamie,2023,Northeastern,19–49 years old,HepA Complete,20.1%
"1,871",Outagamie,2023,Northeastern,19–59 years old,HepB (1),52.4%
"1,872",Outagamie,2023,Northeastern,19–59 years old,HepB Complete,47.0%
"1,873",Outagamie,2023,Northeastern,19–64 years old,Td or Tdap,66.1%
"1,874",Outagamie,2023,Northeastern,19–64 years old,Tdap,59.3%
"1,875",Outagamie,2023,Northeastern,50 years and older,Zoster (Shingles) Complete,36.7%
"1,876",Outagamie,2024,Northeastern,19–26 years old,HPV Complete,56.9%
"1,877",Outagamie,2024,Northeastern,19–49 years old,HepA Complete,22.6%
"1,878",Outagamie,2024,Northeastern,19–59 years old,HepB (1),55.7%
"1,879",Outagamie,2024,Northeastern,19–59 years old,HepB Complete,49.8%
"1,880",Outagamie,2024,Northeastern,19–64 years old,Td or Tdap,66.4%
"1,881",Outagamie,2024,Northeastern,19–64 years old,Tdap,59.4%
"1,882",Outagamie,2024,Northeastern,50 years and older,Zoster (Shingles) Complete,40.2%
"1,883",Outagamie,2025,Northeastern,19–26 years old,HPV Complete,59.4%
"1,884",Outagamie,2025,Northeastern,19–49 years old,HepA Complete,25.5%
"1,885",Outagamie,2025,Northeastern,19–59 years old,HepB (1),59.5%
"1,886",Outagamie,2025,Northeastern,19–59 years old,HepB Complete,53.4%
"1,887",Outagamie,2025,Northeastern,19–64 years old,Td or Tdap,66.7%
"1,888",Outagamie,2025,Northeastern,19–64 years old,Tdap,59.8%
"1,889",Outagamie,2025,Northeastern,50 years and older,Pneumo Complete,49.8%
"1,890",Outagamie,2025,Northeastern,50 years and older,Zoster (Shingles) Complete,43.4%
"1,891",Ozaukee,2014,Southeastern,19–26 years old,HPV Complete,21.8%
"1,892",Ozaukee,2015,Southeastern,19–26 years old,HPV Complete,23.9%
"1,893",Ozaukee,2016,Southeastern,19–26 years old,HPV Complete,26.8%
"1,894",Ozaukee,2017,Southeastern,19–26 years old,HPV Complete,30.9%
"1,895",Ozaukee,2018,Southeastern,19–26 years old,HPV Complete,33.9%
"1,896",Ozaukee,2018,Southeastern,50 years and older,Zoster (Shingles) Complete,1.6%
"1,897",Ozaukee,2019,Southeastern,19–26 years old,HPV Complete,37.8%
"1,898",Ozaukee,2019,Southeastern,19–49 years old,HepA Complete,17.8%
"1,899",Ozaukee,2019,Southeastern,50 years and older,Zoster (Shingles) Complete,7.0%
"1,900",Ozaukee,2020,Southeastern,19–26 years old,HPV Complete,39.8%
"1,901",Ozaukee,2020,Southeastern,19–49 years old,HepA Complete,18.9%
"1,902",Ozaukee,2020,Southeastern,50 years and older,Zoster (Shingles) Complete,16.4%
"1,903",Ozaukee,2021,Southeastern,19–26 years old,HPV Complete,43.3%
"1,904",Ozaukee,2021,Southeastern,19–49 years old,HepA Complete,20.4%
"1,905",Ozaukee,2021,Southeastern,50 years and older,Zoster (Shingles) Complete,22.9%
"1,906",Ozaukee,2022,Southeastern,19–26 years old,HPV Complete,46.6%
"1,907",Ozaukee,2022,Southeastern,19–49 years old,HepA Complete,20.7%
"1,908",Ozaukee,2022,Southeastern,19–59 years old,HepB (1),40.9%
"1,909",Ozaukee,2022,Southeastern,19–59 years old,HepB Complete,33.1%
"1,910",Ozaukee,2022,Southeastern,50 years and older,Zoster (Shingles) Complete,27.6%
"1,911",Ozaukee,2023,Southeastern,19–26 years old,HPV Complete,55.3%
"1,912",Ozaukee,2023,Southeastern,19–49 years old,HepA Complete,25.5%
"1,913",Ozaukee,2023,Southeastern,19–59 years old,HepB (1),46.5%
"1,914",Ozaukee,2023,Southeastern,19–59 years old,HepB Complete,38.9%
"1,915",Ozaukee,2023,Southeastern,19–64 years old,Td or Tdap,63.1%
"1,916",Ozaukee,2023,Southeastern,19–64 years old,Tdap,59.5%
"1,917",Ozaukee,2023,Southeastern,50 years and older,Zoster (Shingles) Complete,38.3%
"1,918",Ozaukee,2024,Southeastern,19–26 years old,HPV Complete,58.4%
"1,919",Ozaukee,2024,Southeastern,19–49 years old,HepA Complete,27.5%
"1,920",Ozaukee,2024,Southeastern,19–59 years old,HepB (1),49.4%
"1,921",Ozaukee,2024,Southeastern,19–59 years old,HepB Complete,41.5%
"1,922",Ozaukee,2024,Southeastern,19–64 years old,Td or Tdap,63.5%
"1,923",Ozaukee,2024,Southeastern,19–64 years old,Tdap,59.1%
"1,924",Ozaukee,2024,Southeastern,50 years and older,Zoster (Shingles) Complete,41.6%
"1,925",Ozaukee,2025,Southeastern,19–26 years old,HPV Complete,60.4%
"1,926",Ozaukee,2025,Southeastern,19–49 years old,HepA Complete,29.5%
"1,927",Ozaukee,2025,Southeastern,19–59 years old,HepB (1),51.9%
"1,928",Ozaukee,2025,Southeastern,19–59 years old,HepB Complete,43.9%
"1,929",Ozaukee,2025,Southeastern,19–64 years old,Td or Tdap,64.0%
"1,930",Ozaukee,2025,Southeastern,19–64 years old,Tdap,59.9%
"1,931",Ozaukee,2025,Southeastern,50 years and older,Pneumo Complete,48.4%
"1,932",Ozaukee,2025,Southeastern,50 years and older,Zoster (Shingles) Complete,44.4%
"1,933",Pepin,2014,Western,19–26 years old,HPV Complete,16.3%
"1,934",Pepin,2015,Western,19–26 years old,HPV Complete,16.2%
"1,935",Pepin,2016,Western,19–26 years old,HPV Complete,20.6%
"1,936",Pepin,2017,Western,19–26 years old,HPV Complete,23.5%
"1,937",Pepin,2018,Western,19–26 years old,HPV Complete,27.0%
"1,938",Pepin,2018,Western,50 years and older,Zoster (Shingles) Complete,1.3%
"1,939",Pepin,2019,Western,19–26 years old,HPV Complete,29.0%
"1,940",Pepin,2019,Western,19–49 years old,HepA Complete,4.8%
"1,941",Pepin,2019,Western,50 years and older,Zoster (Shingles) Complete,3.3%
"1,942",Pepin,2020,Western,19–26 years old,HPV Complete,30.8%
"1,943",Pepin,2020,Western,19–49 years old,HepA Complete,5.6%
"1,944",Pepin,2020,Western,50 years and older,Zoster (Shingles) Complete,6.9%
"1,945",Pepin,2021,Western,19–26 years old,HPV Complete,32.8%
"1,946",Pepin,2021,Western,19–49 years old,HepA Complete,6.3%
"1,947",Pepin,2021,Western,50 years and older,Zoster (Shingles) Complete,11.4%
"1,948",Pepin,2022,Western,19–26 years old,HPV Complete,34.2%
"1,949",Pepin,2022,Western,19–49 years old,HepA Complete,6.5%
"1,950",Pepin,2022,Western,19–59 years old,HepB (1),51.3%
"1,951",Pepin,2022,Western,19–59 years old,HepB Complete,45.8%
"1,952",Pepin,2022,Western,50 years and older,Zoster (Shingles) Complete,17.7%
"1,953",Pepin,2023,Western,19–26 years old,HPV Complete,44.0%
"1,954",Pepin,2023,Western,19–49 years old,HepA Complete,9.5%
"1,955",Pepin,2023,Western,19–59 years old,HepB (1),53.6%
"1,956",Pepin,2023,Western,19–59 years old,HepB Complete,48.6%
"1,957",Pepin,2023,Western,19–64 years old,Td or Tdap,60.3%
"1,958",Pepin,2023,Western,19–64 years old,Tdap,55.1%
"1,959",Pepin,2023,Western,50 years and older,Zoster (Shingles) Complete,22.7%
"1,960",Pepin,2024,Western,19–26 years old,HPV Complete,50.7%
"1,961",Pepin,2024,Western,19–49 years old,HepA Complete,11.9%
"1,962",Pepin,2024,Western,19–59 years old,HepB (1),55.9%
"1,963",Pepin,2024,Western,19–59 years old,HepB Complete,50.8%
"1,964",Pepin,2024,Western,19–64 years old,Td or Tdap,63.3%
"1,965",Pepin,2024,Western,19–64 years old,Tdap,55.3%
"1,966",Pepin,2024,Western,50 years and older,Zoster (Shingles) Complete,26.5%
"1,967",Pepin,2025,Western,19–26 years old,HPV Complete,53.9%
"1,968",Pepin,2025,Western,19–49 years old,HepA Complete,13.5%
"1,969",Pepin,2025,Western,19–59 years old,HepB (1),59.2%
"1,970",Pepin,2025,Western,19–59 years old,HepB Complete,54.2%
"1,971",Pepin,2025,Western,19–64 years old,Td or Tdap,58.9%
"1,972",Pepin,2025,Western,19–64 years old,Tdap,51.7%
"1,973",Pepin,2025,Western,50 years and older,Pneumo Complete,40.4%
"1,974",Pepin,2025,Western,50 years and older,Zoster (Shingles) Complete,30.6%
"1,975",Pierce,2014,Western,19–26 years old,HPV Complete,18.6%
"1,976",Pierce,2015,Western,19–26 years old,HPV Complete,19.5%
"1,977",Pierce,2016,Western,19–26 years old,HPV Complete,23.7%
"1,978",Pierce,2017,Western,19–26 years old,HPV Complete,27.4%
"1,979",Pierce,2018,Western,19–26 years old,HPV Complete,30.9%
"1,980",Pierce,2018,Western,50 years and older,Zoster (Shingles) Complete,2.1%
"1,981",Pierce,2019,Western,19–26 years old,HPV Complete,33.8%
"1,982",Pierce,2019,Western,19–49 years old,HepA Complete,11.4%
"1,983",Pierce,2019,Western,50 years and older,Zoster (Shingles) Complete,7.0%
"1,984",Pierce,2020,Western,19–26 years old,HPV Complete,36.7%
"1,985",Pierce,2020,Western,19–49 years old,HepA Complete,12.6%
"1,986",Pierce,2020,Western,50 years and older,Zoster (Shingles) Complete,13.3%
"1,987",Pierce,2021,Western,19–26 years old,HPV Complete,39.1%
"1,988",Pierce,2021,Western,19–49 years old,HepA Complete,13.8%
"1,989",Pierce,2021,Western,50 years and older,Zoster (Shingles) Complete,17.6%
"1,990",Pierce,2022,Western,19–26 years old,HPV Complete,41.6%
"1,991",Pierce,2022,Western,19–49 years old,HepA Complete,14.1%
"1,992",Pierce,2022,Western,19–59 years old,HepB (1),45.8%
"1,993",Pierce,2022,Western,19–59 years old,HepB Complete,38.7%
"1,994",Pierce,2022,Western,50 years and older,Zoster (Shingles) Complete,21.5%
"1,995",Pierce,2023,Western,19–26 years old,HPV Complete,47.5%
"1,996",Pierce,2023,Western,19–49 years old,HepA Complete,18.5%
"1,997",Pierce,2023,Western,19–59 years old,HepB (1),48.5%
"1,998",Pierce,2023,Western,19–59 years old,HepB Complete,41.4%
"1,999",Pierce,2023,Western,19–64 years old,Td or Tdap,58.9%
"2,000",Pierce,2023,Western,19–64 years old,Tdap,52.5%
"2,001",Pierce,2023,Western,50 years and older,Zoster (Shingles) Complete,28.2%
"2,002",Pierce,2024,Western,19–26 years old,HPV Complete,50.1%
"2,003",Pierce,2024,Western,19–49 years old,HepA Complete,20.7%
"2,004",Pierce,2024,Western,19–59 years old,HepB (1),50.6%
"2,005",Pierce,2024,Western,19–59 years old,HepB Complete,43.3%
"2,006",Pierce,2024,Western,19–64 years old,Td or Tdap,59.8%
"2,007",Pierce,2024,Western,19–64 years old,Tdap,53.0%
"2,008",Pierce,2024,Western,50 years and older,Zoster (Shingles) Complete,31.7%
"2,009",Pierce,2025,Western,19–26 years old,HPV Complete,52.5%
"2,010",Pierce,2025,Western,19–49 years old,HepA Complete,22.9%
"2,011",Pierce,2025,Western,19–59 years old,HepB (1),52.4%
"2,012",Pierce,2025,Western,19–59 years old,HepB Complete,45.1%
"2,013",Pierce,2025,Western,19–64 years old,Td or Tdap,59.0%
"2,014",Pierce,2025,Western,19–64 years old,Tdap,52.5%
"2,015",Pierce,2025,Western,50 years and older,Pneumo Complete,43.9%
"2,016",Pierce,2025,Western,50 years and older,Zoster (Shingles) Complete,35.0%
"2,017",Polk,2014,Western,19–26 years old,HPV Complete,19.1%
"2,018",Polk,2015,Western,19–26 years old,HPV Complete,20.1%
"2,019",Polk,2016,Western,19–26 years old,HPV Complete,23.4%
"2,020",Polk,2017,Western,19–26 years old,HPV Complete,26.5%
"2,021",Polk,2018,Western,19–26 years old,HPV Complete,28.1%
"2,022",Polk,2018,Western,50 years and older,Zoster (Shingles) Complete,1.8%
"2,023",Polk,2019,Western,19–26 years old,HPV Complete,30.4%
"2,024",Polk,2019,Western,19–49 years old,HepA Complete,7.4%
"2,025",Polk,2019,Western,50 years and older,Zoster (Shingles) Complete,7.3%
"2,026",Polk,2020,Western,19–26 years old,HPV Complete,31.7%
"2,027",Polk,2020,Western,19–49 years old,HepA Complete,8.7%
"2,028",Polk,2020,Western,50 years and older,Zoster (Shingles) Complete,13.1%
"2,029",Polk,2021,Western,19–26 years old,HPV Complete,33.7%
"2,030",Polk,2021,Western,19–49 years old,HepA Complete,10.1%
"2,031",Polk,2021,Western,50 years and older,Zoster (Shingles) Complete,17.1%
"2,032",Polk,2022,Western,19–26 years old,HPV Complete,35.3%
"2,033",Polk,2022,Western,19–49 years old,HepA Complete,10.4%
"2,034",Polk,2022,Western,19–59 years old,HepB (1),46.9%
"2,035",Polk,2022,Western,19–59 years old,HepB Complete,41.3%
"2,036",Polk,2022,Western,50 years and older,Zoster (Shingles) Complete,20.2%
"2,037",Polk,2023,Western,19–26 years old,HPV Complete,42.1%
"2,038",Polk,2023,Western,19–49 years old,HepA Complete,14.3%
"2,039",Polk,2023,Western,19–59 years old,HepB (1),51.6%
"2,040",Polk,2023,Western,19–59 years old,HepB Complete,45.9%
"2,041",Polk,2023,Western,19–64 years old,Td or Tdap,59.7%
"2,042",Polk,2023,Western,19–64 years old,Tdap,54.7%
"2,043",Polk,2023,Western,50 years and older,Zoster (Shingles) Complete,27.8%
"2,044",Polk,2024,Western,19–26 years old,HPV Complete,44.0%
"2,045",Polk,2024,Western,19–49 years old,HepA Complete,16.2%
"2,046",Polk,2024,Western,19–59 years old,HepB (1),53.6%
"2,047",Polk,2024,Western,19–59 years old,HepB Complete,47.8%
"2,048",Polk,2024,Western,19–64 years old,Td or Tdap,59.7%
"2,049",Polk,2024,Western,19–64 years old,Tdap,54.4%
"2,050",Polk,2024,Western,50 years and older,Zoster (Shingles) Complete,30.5%
"2,051",Polk,2025,Western,19–26 years old,HPV Complete,45.5%
"2,052",Polk,2025,Western,19–49 years old,HepA Complete,18.3%
"2,053",Polk,2025,Western,19–59 years old,HepB (1),55.5%
"2,054",Polk,2025,Western,19–59 years old,HepB Complete,49.5%
"2,055",Polk,2025,Western,19–64 years old,Td or Tdap,58.9%
"2,056",Polk,2025,Western,19–64 years old,Tdap,53.8%
"2,057",Polk,2025,Western,50 years and older,Pneumo Complete,42.7%
"2,058",Polk,2025,Western,50 years and older,Zoster (Shingles) Complete,34.2%
"2,059",Portage,2014,Northern,19–26 years old,HPV Complete,21.4%
"2,060",Portage,2015,Northern,19–26 years old,HPV Complete,23.6%
"2,061",Portage,2016,Northern,19–26 years old,HPV Complete,26.5%
"2,062",Portage,2017,Northern,19–26 years old,HPV Complete,29.3%
"2,063",Portage,2018,Northern,19–26 years old,HPV Complete,32.3%
"2,064",Portage,2018,Northern,50 years and older,Zoster (Shingles) Complete,1.5%
"2,065",Portage,2019,Northern,19–26 years old,HPV Complete,36.3%
"2,066",Portage,2019,Northern,19–49 years old,HepA Complete,16.7%
"2,067",Portage,2019,Northern,50 years and older,Zoster (Shingles) Complete,6.9%
"2,068",Portage,2020,Northern,19–26 years old,HPV Complete,38.4%
"2,069",Portage,2020,Northern,19–49 years old,HepA Complete,17.9%
"2,070",Portage,2020,Northern,50 years and older,Zoster (Shingles) Complete,14.3%
"2,071",Portage,2021,Northern,19–26 years old,HPV Complete,41.2%
"2,072",Portage,2021,Northern,19–49 years old,HepA Complete,19.3%
"2,073",Portage,2021,Northern,50 years and older,Zoster (Shingles) Complete,20.6%
"2,074",Portage,2022,Northern,19–26 years old,HPV Complete,44.2%
"2,075",Portage,2022,Northern,19–49 years old,HepA Complete,19.5%
"2,076",Portage,2022,Northern,19–59 years old,HepB (1),52.5%
"2,077",Portage,2022,Northern,19–59 years old,HepB Complete,47.5%
"2,078",Portage,2022,Northern,50 years and older,Zoster (Shingles) Complete,26.1%
"2,079",Portage,2023,Northern,19–26 years old,HPV Complete,51.7%
"2,080",Portage,2023,Northern,19–49 years old,HepA Complete,24.2%
"2,081",Portage,2023,Northern,19–59 years old,HepB (1),55.8%
"2,082",Portage,2023,Northern,19–59 years old,HepB Complete,51.0%
"2,083",Portage,2023,Northern,19–64 years old,Td or Tdap,64.1%
"2,084",Portage,2023,Northern,19–64 years old,Tdap,52.8%
"2,085",Portage,2023,Northern,50 years and older,Zoster (Shingles) Complete,32.5%
"2,086",Portage,2024,Northern,19–26 years old,HPV Complete,54.9%
"2,087",Portage,2024,Northern,19–49 years old,HepA Complete,26.4%
"2,088",Portage,2024,Northern,19–59 years old,HepB (1),58.4%
"2,089",Portage,2024,Northern,19–59 years old,HepB Complete,53.4%
"2,090",Portage,2024,Northern,19–64 years old,Td or Tdap,65.4%
"2,091",Portage,2024,Northern,19–64 years old,Tdap,53.4%
"2,092",Portage,2024,Northern,50 years and older,Zoster (Shingles) Complete,38.0%
"2,093",Portage,2025,Northern,19–26 years old,HPV Complete,57.4%
"2,094",Portage,2025,Northern,19–49 years old,HepA Complete,29.0%
"2,095",Portage,2025,Northern,19–59 years old,HepB (1),60.8%
"2,096",Portage,2025,Northern,19–59 years old,HepB Complete,55.7%
"2,097",Portage,2025,Northern,19–64 years old,Td or Tdap,66.0%
"2,098",Portage,2025,Northern,19–64 years old,Tdap,54.3%
"2,099",Portage,2025,Northern,50 years and older,Pneumo Complete,54.1%
"2,100",Portage,2025,Northern,50 years and older,Zoster (Shingles) Complete,41.4%
"2,101",Price,2014,Northern,19–26 years old,HPV Complete,20.0%
"2,102",Price,2015,Northern,19–26 years old,HPV Complete,20.7%
"2,103",Price,2016,Northern,19–26 years old,HPV Complete,23.5%
"2,104",Price,2017,Northern,19–26 years old,HPV Complete,27.5%
"2,105",Price,2018,Northern,19–26 years old,HPV Complete,30.6%
"2,106",Price,2018,Northern,50 years and older,Zoster (Shingles) Complete,2.0%
"2,107",Price,2019,Northern,19–26 years old,HPV Complete,32.0%
"2,108",Price,2019,Northern,19–49 years old,HepA Complete,6.7%
"2,109",Price,2019,Northern,50 years and older,Zoster (Shingles) Complete,5.4%
"2,110",Price,2020,Northern,19–26 years old,HPV Complete,35.3%
"2,111",Price,2020,Northern,19–49 years old,HepA Complete,7.6%
"2,112",Price,2020,Northern,50 years and older,Zoster (Shingles) Complete,12.7%
"2,113",Price,2021,Northern,19–26 years old,HPV Complete,38.1%
"2,114",Price,2021,Northern,19–49 years old,HepA Complete,8.7%
"2,115",Price,2021,Northern,50 years and older,Zoster (Shingles) Complete,18.6%
"2,116",Price,2022,Northern,19–26 years old,HPV Complete,42.6%
"2,117",Price,2022,Northern,19–49 years old,HepA Complete,8.9%
"2,118",Price,2022,Northern,19–59 years old,HepB (1),52.2%
"2,119",Price,2022,Northern,19–59 years old,HepB Complete,47.4%
"2,120",Price,2022,Northern,50 years and older,Zoster (Shingles) Complete,24.7%
"2,121",Price,2023,Northern,19–26 years old,HPV Complete,51.1%
"2,122",Price,2023,Northern,19–49 years old,HepA Complete,12.6%
"2,123",Price,2023,Northern,19–59 years old,HepB (1),54.4%
"2,124",Price,2023,Northern,19–59 years old,HepB Complete,49.9%
"2,125",Price,2023,Northern,19–64 years old,Td or Tdap,64.1%
"2,126",Price,2023,Northern,19–64 years old,Tdap,55.5%
"2,127",Price,2023,Northern,50 years and older,Zoster (Shingles) Complete,29.8%
"2,128",Price,2024,Northern,19–26 years old,HPV Complete,53.9%
"2,129",Price,2024,Northern,19–49 years old,HepA Complete,15.5%
"2,130",Price,2024,Northern,19–59 years old,HepB (1),56.1%
"2,131",Price,2024,Northern,19–59 years old,HepB Complete,51.7%
"2,132",Price,2024,Northern,19–64 years old,Td or Tdap,64.3%
"2,133",Price,2024,Northern,19–64 years old,Tdap,55.6%
"2,134",Price,2024,Northern,50 years and older,Zoster (Shingles) Complete,33.0%
"2,135",Price,2025,Northern,19–26 years old,HPV Complete,54.8%
"2,136",Price,2025,Northern,19–49 years old,HepA Complete,17.6%
"2,137",Price,2025,Northern,19–59 years old,HepB (1),57.4%
"2,138",Price,2025,Northern,19–59 years old,HepB Complete,52.8%
"2,139",Price,2025,Northern,19–64 years old,Td or Tdap,62.6%
"2,140",Price,2025,Northern,19–64 years old,Tdap,53.7%
"2,141",Price,2025,Northern,50 years and older,Pneumo Complete,45.2%
"2,142",Price,2025,Northern,50 years and older,Zoster (Shingles) Complete,34.5%
"2,143",Racine,2014,Southeastern,19–26 years old,HPV Complete,16.3%
"2,144",Racine,2015,Southeastern,19–26 years old,HPV Complete,18.1%
"2,145",Racine,2016,Southeastern,19–26 years old,HPV Complete,21.0%
"2,146",Racine,2017,Southeastern,19–26 years old,HPV Complete,25.9%
"2,147",Racine,2018,Southeastern,19–26 years old,HPV Complete,32.8%
"2,148",Racine,2018,Southeastern,50 years and older,Zoster (Shingles) Complete,2.1%
"2,149",Racine,2019,Southeastern,19–26 years old,HPV Complete,33.0%
"2,150",Racine,2019,Southeastern,19–49 years old,HepA Complete,16.4%
"2,151",Racine,2019,Southeastern,50 years and older,Zoster (Shingles) Complete,7.3%
"2,152",Racine,2020,Southeastern,19–26 years old,HPV Complete,36.6%
"2,153",Racine,2020,Southeastern,19–49 years old,HepA Complete,12.8%
"2,154",Racine,2020,Southeastern,50 years and older,Zoster (Shingles) Complete,13.0%
"2,155",Racine,2021,Southeastern,19–26 years old,HPV Complete,40.4%
"2,156",Racine,2021,Southeastern,19–49 years old,HepA Complete,14.5%
"2,157",Racine,2021,Southeastern,50 years and older,Zoster (Shingles) Complete,18.4%
"2,158",Racine,2022,Southeastern,19–26 years old,HPV Complete,43.8%
"2,159",Racine,2022,Southeastern,19–49 years old,HepA Complete,14.9%
"2,160",Racine,2022,Southeastern,19–59 years old,HepB (1),48.7%
"2,161",Racine,2022,Southeastern,19–59 years old,HepB Complete,41.0%
"2,162",Racine,2022,Southeastern,50 years and older,Zoster (Shingles) Complete,22.6%
"2,163",Racine,2023,Southeastern,19–26 years old,HPV Complete,53.4%
"2,164",Racine,2023,Southeastern,19–49 years old,HepA Complete,20.2%
"2,165",Racine,2023,Southeastern,19–59 years old,HepB (1),53.3%
"2,166",Racine,2023,Southeastern,19–59 years old,HepB Complete,46.3%
"2,167",Racine,2023,Southeastern,19–64 years old,Td or Tdap,57.1%
"2,168",Racine,2023,Southeastern,19–64 years old,Tdap,53.5%
"2,169",Racine,2023,Southeastern,50 years and older,Zoster (Shingles) Complete,29.9%
"2,170",Racine,2024,Southeastern,19–26 years old,HPV Complete,56.8%
"2,171",Racine,2024,Southeastern,19–49 years old,HepA Complete,22.8%
"2,172",Racine,2024,Southeastern,19–59 years old,HepB (1),56.0%
"2,173",Racine,2024,Southeastern,19–59 years old,HepB Complete,48.7%
"2,174",Racine,2024,Southeastern,19–64 years old,Td or Tdap,57.4%
"2,175",Racine,2024,Southeastern,19–64 years old,Tdap,53.4%
"2,176",Racine,2024,Southeastern,50 years and older,Zoster (Shingles) Complete,33.3%
"2,177",Racine,2025,Southeastern,19–26 years old,HPV Complete,58.4%
"2,178",Racine,2025,Southeastern,19–49 years old,HepA Complete,25.3%
"2,179",Racine,2025,Southeastern,19–59 years old,HepB (1),58.3%
"2,180",Racine,2025,Southeastern,19–59 years old,HepB Complete,50.9%
"2,181",Racine,2025,Southeastern,19–64 years old,Td or Tdap,57.3%
"2,182",Racine,2025,Southeastern,19–64 years old,Tdap,53.3%
"2,183",Racine,2025,Southeastern,50 years and older,Pneumo Complete,44.8%
"2,184",Racine,2025,Southeastern,50 years and older,Zoster (Shingles) Complete,36.0%
"2,185",Richland,2014,Southern,19–26 years old,HPV Complete,16.9%
"2,186",Richland,2015,Southern,19–26 years old,HPV Complete,18.1%
"2,187",Richland,2016,Southern,19–26 years old,HPV Complete,20.0%
"2,188",Richland,2017,Southern,19–26 years old,HPV Complete,23.1%
"2,189",Richland,2018,Southern,19–26 years old,HPV Complete,24.7%
"2,190",Richland,2018,Southern,50 years and older,Zoster (Shingles) Complete,1.1%
"2,191",Richland,2019,Southern,19–26 years old,HPV Complete,27.3%
"2,192",Richland,2019,Southern,19–49 years old,HepA Complete,6.0%
"2,193",Richland,2019,Southern,50 years and older,Zoster (Shingles) Complete,6.3%
"2,194",Richland,2020,Southern,19–26 years old,HPV Complete,29.3%
"2,195",Richland,2020,Southern,19–49 years old,HepA Complete,7.5%
"2,196",Richland,2020,Southern,50 years and older,Zoster (Shingles) Complete,13.1%
"2,197",Richland,2021,Southern,19–26 years old,HPV Complete,33.1%
"2,198",Richland,2021,Southern,19–49 years old,HepA Complete,8.9%
"2,199",Richland,2021,Southern,50 years and older,Zoster (Shingles) Complete,17.4%
"2,200",Richland,2022,Southern,19–26 years old,HPV Complete,34.7%
"2,201",Richland,2022,Southern,19–49 years old,HepA Complete,9.1%
"2,202",Richland,2022,Southern,19–59 years old,HepB (1),51.0%
"2,203",Richland,2022,Southern,19–59 years old,HepB Complete,44.8%
"2,204",Richland,2022,Southern,50 years and older,Zoster (Shingles) Complete,21.9%
"2,205",Richland,2023,Southern,19–26 years old,HPV Complete,41.4%
"2,206",Richland,2023,Southern,19–49 years old,HepA Complete,12.3%
"2,207",Richland,2023,Southern,19–59 years old,HepB (1),54.4%
"2,208",Richland,2023,Southern,19–59 years old,HepB Complete,48.4%
"2,209",Richland,2023,Southern,19–64 years old,Td or Tdap,61.7%
"2,210",Richland,2023,Southern,19–64 years old,Tdap,49.3%
"2,211",Richland,2023,Southern,50 years and older,Zoster (Shingles) Complete,26.9%
"2,212",Richland,2024,Southern,19–26 years old,HPV Complete,44.3%
"2,213",Richland,2024,Southern,19–49 years old,HepA Complete,14.5%
"2,214",Richland,2024,Southern,19–59 years old,HepB (1),56.7%
"2,215",Richland,2024,Southern,19–59 years old,HepB Complete,50.3%
"2,216",Richland,2024,Southern,19–64 years old,Td or Tdap,62.2%
"2,217",Richland,2024,Southern,19–64 years old,Tdap,48.6%
"2,218",Richland,2024,Southern,50 years and older,Zoster (Shingles) Complete,31.3%
"2,219",Richland,2025,Southern,19–26 years old,HPV Complete,46.1%
"2,220",Richland,2025,Southern,19–49 years old,HepA Complete,17.0%
"2,221",Richland,2025,Southern,19–59 years old,HepB (1),58.9%
"2,222",Richland,2025,Southern,19–59 years old,HepB Complete,52.5%
"2,223",Richland,2025,Southern,19–64 years old,Td or Tdap,61.7%
"2,224",Richland,2025,Southern,19–64 years old,Tdap,47.2%
"2,225",Richland,2025,Southern,50 years and older,Pneumo Complete,48.8%
"2,226",Richland,2025,Southern,50 years and older,Zoster (Shingles) Complete,35.4%
"2,227",Rock,2014,Southern,19–26 years old,HPV Complete,17.3%
"2,228",Rock,2015,Southern,19–26 years old,HPV Complete,18.2%
"2,229",Rock,2016,Southern,19–26 years old,HPV Complete,20.2%
"2,230",Rock,2017,Southern,19–26 years old,HPV Complete,24.0%
"2,231",Rock,2018,Southern,19–26 years old,HPV Complete,26.8%
"2,232",Rock,2018,Southern,50 years and older,Zoster (Shingles) Complete,1.1%
"2,233",Rock,2019,Southern,19–26 years old,HPV Complete,29.7%
"2,234",Rock,2019,Southern,19–49 years old,HepA Complete,8.2%
"2,235",Rock,2019,Southern,50 years and older,Zoster (Shingles) Complete,5.8%
"2,236",Rock,2020,Southern,19–26 years old,HPV Complete,31.2%
"2,237",Rock,2020,Southern,19–49 years old,HepA Complete,9.3%
"2,238",Rock,2020,Southern,50 years and older,Zoster (Shingles) Complete,11.9%
"2,239",Rock,2021,Southern,19–26 years old,HPV Complete,33.6%
"2,240",Rock,2021,Southern,19–49 years old,HepA Complete,10.6%
"2,241",Rock,2021,Southern,50 years and older,Zoster (Shingles) Complete,17.9%
"2,242",Rock,2022,Southern,19–26 years old,HPV Complete,36.3%
"2,243",Rock,2022,Southern,19–49 years old,HepA Complete,10.9%
"2,244",Rock,2022,Southern,19–59 years old,HepB (1),45.3%
"2,245",Rock,2022,Southern,19–59 years old,HepB Complete,36.0%
"2,246",Rock,2022,Southern,50 years and older,Zoster (Shingles) Complete,22.4%
"2,247",Rock,2023,Southern,19–26 years old,HPV Complete,44.2%
"2,248",Rock,2023,Southern,19–49 years old,HepA Complete,14.3%
"2,249",Rock,2023,Southern,19–59 years old,HepB (1),49.2%
"2,250",Rock,2023,Southern,19–59 years old,HepB Complete,40.0%
"2,251",Rock,2023,Southern,19–64 years old,Td or Tdap,58.7%
"2,252",Rock,2023,Southern,19–64 years old,Tdap,53.9%
"2,253",Rock,2023,Southern,50 years and older,Zoster (Shingles) Complete,28.5%
"2,254",Rock,2024,Southern,19–26 years old,HPV Complete,46.9%
"2,255",Rock,2024,Southern,19–49 years old,HepA Complete,16.3%
"2,256",Rock,2024,Southern,19–59 years old,HepB (1),51.4%
"2,257",Rock,2024,Southern,19–59 years old,HepB Complete,42.0%
"2,258",Rock,2024,Southern,19–64 years old,Td or Tdap,58.8%
"2,259",Rock,2024,Southern,19–64 years old,Tdap,53.8%
"2,260",Rock,2024,Southern,50 years and older,Zoster (Shingles) Complete,31.8%
"2,261",Rock,2025,Southern,19–26 years old,HPV Complete,49.6%
"2,262",Rock,2025,Southern,19–49 years old,HepA Complete,18.4%
"2,263",Rock,2025,Southern,19–59 years old,HepB (1),53.8%
"2,264",Rock,2025,Southern,19–59 years old,HepB Complete,44.1%
"2,265",Rock,2025,Southern,19–64 years old,Td or Tdap,58.9%
"2,266",Rock,2025,Southern,19–64 years old,Tdap,54.0%
"2,267",Rock,2025,Southern,50 years and older,Pneumo Complete,44.3%
"2,268",Rock,2025,Southern,50 years and older,Zoster (Shingles) Complete,34.6%
"2,269",Rusk,2014,Western,19–26 years old,HPV Complete,16.4%
"2,270",Rusk,2015,Western,19–26 years old,HPV Complete,19.0%
"2,271",Rusk,2016,Western,19–26 years old,HPV Complete,21.0%
"2,272",Rusk,2017,Western,19–26 years old,HPV Complete,24.4%
"2,273",Rusk,2018,Western,19–26 years old,HPV Complete,27.5%
"2,274",Rusk,2018,Western,50 years and older,Zoster (Shingles) Complete,0.7%
"2,275",Rusk,2019,Western,19–26 years old,HPV Complete,29.9%
"2,276",Rusk,2019,Western,19–49 years old,HepA Complete,3.5%
"2,277",Rusk,2019,Western,50 years and older,Zoster (Shingles) Complete,2.7%
"2,278",Rusk,2020,Western,19–26 years old,HPV Complete,31.3%
"2,279",Rusk,2020,Western,19–49 years old,HepA Complete,4.0%
"2,280",Rusk,2020,Western,50 years and older,Zoster (Shingles) Complete,8.6%
"2,281",Rusk,2021,Western,19–26 years old,HPV Complete,34.2%
"2,282",Rusk,2021,Western,19–49 years old,HepA Complete,4.9%
"2,283",Rusk,2021,Western,50 years and older,Zoster (Shingles) Complete,14.5%
"2,284",Rusk,2022,Western,19–26 years old,HPV Complete,36.2%
"2,285",Rusk,2022,Western,19–49 years old,HepA Complete,5.2%
"2,286",Rusk,2022,Western,19–59 years old,HepB (1),51.3%
"2,287",Rusk,2022,Western,19–59 years old,HepB Complete,46.4%
"2,288",Rusk,2022,Western,50 years and older,Zoster (Shingles) Complete,18.6%
"2,289",Rusk,2023,Western,19–26 years old,HPV Complete,40.7%
"2,290",Rusk,2023,Western,19–49 years old,HepA Complete,8.5%
"2,291",Rusk,2023,Western,19–59 years old,HepB (1),55.3%
"2,292",Rusk,2023,Western,19–59 years old,HepB Complete,50.4%
"2,293",Rusk,2023,Western,19–64 years old,Td or Tdap,62.4%
"2,294",Rusk,2023,Western,19–64 years old,Tdap,54.3%
"2,295",Rusk,2023,Western,50 years and older,Zoster (Shingles) Complete,24.8%
"2,296",Rusk,2024,Western,19–26 years old,HPV Complete,42.5%
"2,297",Rusk,2024,Western,19–49 years old,HepA Complete,10.9%
"2,298",Rusk,2024,Western,19–59 years old,HepB (1),57.0%
"2,299",Rusk,2024,Western,19–59 years old,HepB Complete,52.1%
"2,300",Rusk,2024,Western,19–64 years old,Td or Tdap,63.1%
"2,301",Rusk,2024,Western,19–64 years old,Tdap,54.2%
"2,302",Rusk,2024,Western,50 years and older,Zoster (Shingles) Complete,26.6%
"2,303",Rusk,2025,Western,19–26 years old,HPV Complete,44.6%
"2,304",Rusk,2025,Western,19–49 years old,HepA Complete,13.3%
"2,305",Rusk,2025,Western,19–59 years old,HepB (1),58.6%
"2,306",Rusk,2025,Western,19–59 years old,HepB Complete,53.4%
"2,307",Rusk,2025,Western,19–64 years old,Td or Tdap,62.8%
"2,308",Rusk,2025,Western,19–64 years old,Tdap,54.2%
"2,309",Rusk,2025,Western,50 years and older,Pneumo Complete,41.3%
"2,310",Rusk,2025,Western,50 years and older,Zoster (Shingles) Complete,30.8%
"2,311",Sauk,2014,Southern,19–26 years old,HPV Complete,19.4%
"2,312",Sauk,2015,Southern,19–26 years old,HPV Complete,21.2%
"2,313",Sauk,2016,Southern,19–26 years old,HPV Complete,23.3%
"2,314",Sauk,2017,Southern,19–26 years old,HPV Complete,26.7%
"2,315",Sauk,2018,Southern,19–26 years old,HPV Complete,29.3%
"2,316",Sauk,2018,Southern,50 years and older,Zoster (Shingles) Complete,1.5%
"2,317",Sauk,2019,Southern,19–26 years old,HPV Complete,32.5%
"2,318",Sauk,2019,Southern,19–49 years old,HepA Complete,8.6%
"2,319",Sauk,2019,Southern,50 years and older,Zoster (Shingles) Complete,7.6%
"2,320",Sauk,2020,Southern,19–26 years old,HPV Complete,32.5%
"2,321",Sauk,2020,Southern,19–49 years old,HepA Complete,9.7%
"2,322",Sauk,2020,Southern,50 years and older,Zoster (Shingles) Complete,14.9%
"2,323",Sauk,2021,Southern,19–26 years old,HPV Complete,33.5%
"2,324",Sauk,2021,Southern,19–49 years old,HepA Complete,10.9%
"2,325",Sauk,2021,Southern,50 years and older,Zoster (Shingles) Complete,21.7%
"2,326",Sauk,2022,Southern,19–26 years old,HPV Complete,36.1%
"2,327",Sauk,2022,Southern,19–49 years old,HepA Complete,11.3%
"2,328",Sauk,2022,Southern,19–59 years old,HepB (1),48.2%
"2,329",Sauk,2022,Southern,19–59 years old,HepB Complete,41.0%
"2,330",Sauk,2022,Southern,50 years and older,Zoster (Shingles) Complete,26.7%
"2,331",Sauk,2023,Southern,19–26 years old,HPV Complete,43.1%
"2,332",Sauk,2023,Southern,19–49 years old,HepA Complete,14.4%
"2,333",Sauk,2023,Southern,19–59 years old,HepB (1),52.0%
"2,334",Sauk,2023,Southern,19–59 years old,HepB Complete,44.7%
"2,335",Sauk,2023,Southern,19–64 years old,Td or Tdap,62.7%
"2,336",Sauk,2023,Southern,19–64 years old,Tdap,49.4%
"2,337",Sauk,2023,Southern,50 years and older,Zoster (Shingles) Complete,33.7%
"2,338",Sauk,2024,Southern,19–26 years old,HPV Complete,46.0%
"2,339",Sauk,2024,Southern,19–49 years old,HepA Complete,16.3%
"2,340",Sauk,2024,Southern,19–59 years old,HepB (1),54.1%
"2,341",Sauk,2024,Southern,19–59 years old,HepB Complete,46.7%
"2,342",Sauk,2024,Southern,19–64 years old,Td or Tdap,63.1%
"2,343",Sauk,2024,Southern,19–64 years old,Tdap,49.4%
"2,344",Sauk,2024,Southern,50 years and older,Zoster (Shingles) Complete,38.3%
"2,345",Sauk,2025,Southern,19–26 years old,HPV Complete,50.1%
"2,346",Sauk,2025,Southern,19–49 years old,HepA Complete,18.4%
"2,347",Sauk,2025,Southern,19–59 years old,HepB (1),56.3%
"2,348",Sauk,2025,Southern,19–59 years old,HepB Complete,48.8%
"2,349",Sauk,2025,Southern,19–64 years old,Td or Tdap,63.3%
"2,350",Sauk,2025,Southern,19–64 years old,Tdap,49.6%
"2,351",Sauk,2025,Southern,50 years and older,Pneumo Complete,46.9%
"2,352",Sauk,2025,Southern,50 years and older,Zoster (Shingles) Complete,41.7%
"2,353",Sawyer,2014,Northern,19–26 years old,HPV Complete,21.3%
"2,354",Sawyer,2015,Northern,19–26 years old,HPV Complete,23.8%
"2,355",Sawyer,2016,Northern,19–26 years old,HPV Complete,25.9%
"2,356",Sawyer,2017,Northern,19–26 years old,HPV Complete,30.6%
"2,357",Sawyer,2018,Northern,19–26 years old,HPV Complete,34.7%
"2,358",Sawyer,2018,Northern,50 years and older,Zoster (Shingles) Complete,1.9%
"2,359",Sawyer,2019,Northern,19–26 years old,HPV Complete,37.0%
"2,360",Sawyer,2019,Northern,19–49 years old,HepA Complete,11.4%
"2,361",Sawyer,2019,Northern,50 years and older,Zoster (Shingles) Complete,7.3%
"2,362",Sawyer,2020,Northern,19–26 years old,HPV Complete,38.6%
"2,363",Sawyer,2020,Northern,19–49 years old,HepA Complete,12.6%
"2,364",Sawyer,2020,Northern,50 years and older,Zoster (Shingles) Complete,12.7%
"2,365",Sawyer,2021,Northern,19–26 years old,HPV Complete,40.4%
"2,366",Sawyer,2021,Northern,19–49 years old,HepA Complete,13.6%
"2,367",Sawyer,2021,Northern,50 years and older,Zoster (Shingles) Complete,17.9%
"2,368",Sawyer,2022,Northern,19–26 years old,HPV Complete,41.4%
"2,369",Sawyer,2022,Northern,19–49 years old,HepA Complete,13.9%
"2,370",Sawyer,2022,Northern,19–59 years old,HepB (1),51.0%
"2,371",Sawyer,2022,Northern,19–59 years old,HepB Complete,45.3%
"2,372",Sawyer,2022,Northern,50 years and older,Zoster (Shingles) Complete,22.2%
"2,373",Sawyer,2023,Northern,19–26 years old,HPV Complete,47.2%
"2,374",Sawyer,2023,Northern,19–49 years old,HepA Complete,18.2%
"2,375",Sawyer,2023,Northern,19–59 years old,HepB (1),54.0%
"2,376",Sawyer,2023,Northern,19–59 years old,HepB Complete,48.3%
"2,377",Sawyer,2023,Northern,19–64 years old,Td or Tdap,61.3%
"2,378",Sawyer,2023,Northern,19–64 years old,Tdap,48.9%
"2,379",Sawyer,2023,Northern,50 years and older,Zoster (Shingles) Complete,29.8%
"2,380",Sawyer,2024,Northern,19–26 years old,HPV Complete,49.2%
"2,381",Sawyer,2024,Northern,19–49 years old,HepA Complete,20.4%
"2,382",Sawyer,2024,Northern,19–59 years old,HepB (1),56.4%
"2,383",Sawyer,2024,Northern,19–59 years old,HepB Complete,50.4%
"2,384",Sawyer,2024,Northern,19–64 years old,Td or Tdap,62.7%
"2,385",Sawyer,2024,Northern,19–64 years old,Tdap,49.1%
"2,386",Sawyer,2024,Northern,50 years and older,Zoster (Shingles) Complete,32.7%
"2,387",Sawyer,2025,Northern,19–26 years old,HPV Complete,53.8%
"2,388",Sawyer,2025,Northern,19–49 years old,HepA Complete,23.6%
"2,389",Sawyer,2025,Northern,19–59 years old,HepB (1),57.8%
"2,390",Sawyer,2025,Northern,19–59 years old,HepB Complete,51.9%
"2,391",Sawyer,2025,Northern,19–64 years old,Td or Tdap,64.2%
"2,392",Sawyer,2025,Northern,19–64 years old,Tdap,50.1%
"2,393",Sawyer,2025,Northern,50 years and older,Pneumo Complete,50.1%
"2,394",Sawyer,2025,Northern,50 years and older,Zoster (Shingles) Complete,37.2%
"2,395",Shawano,2014,Northeastern,19–26 years old,HPV Complete,21.1%
"2,396",Shawano,2015,Northeastern,19–26 years old,HPV Complete,23.9%
"2,397",Shawano,2016,Northeastern,19–26 years old,HPV Complete,27.4%
"2,398",Shawano,2017,Northeastern,19–26 years old,HPV Complete,31.7%
"2,399",Shawano,2018,Northeastern,19–26 years old,HPV Complete,33.9%
"2,400",Shawano,2018,Northeastern,50 years and older,Zoster (Shingles) Complete,3.3%
"2,401",Shawano,2019,Northeastern,19–26 years old,HPV Complete,37.3%
"2,402",Shawano,2019,Northeastern,19–49 years old,HepA Complete,13.9%
"2,403",Shawano,2019,Northeastern,50 years and older,Zoster (Shingles) Complete,10.7%
"2,404",Shawano,2020,Northeastern,19–26 years old,HPV Complete,40.0%
"2,405",Shawano,2020,Northeastern,19–49 years old,HepA Complete,15.8%
"2,406",Shawano,2020,Northeastern,50 years and older,Zoster (Shingles) Complete,18.6%
"2,407",Shawano,2021,Northeastern,19–26 years old,HPV Complete,42.0%
"2,408",Shawano,2021,Northeastern,19–49 years old,HepA Complete,17.5%
"2,409",Shawano,2021,Northeastern,50 years and older,Zoster (Shingles) Complete,23.5%
"2,410",Shawano,2022,Northeastern,19–26 years old,HPV Complete,45.6%
"2,411",Shawano,2022,Northeastern,19–49 years old,HepA Complete,18.3%
"2,412",Shawano,2022,Northeastern,19–59 years old,HepB (1),54.1%
"2,413",Shawano,2022,Northeastern,19–59 years old,HepB Complete,49.5%
"2,414",Shawano,2022,Northeastern,50 years and older,Zoster (Shingles) Complete,28.9%
"2,415",Shawano,2023,Northeastern,19–26 years old,HPV Complete,52.0%
"2,416",Shawano,2023,Northeastern,19–49 years old,HepA Complete,22.9%
"2,417",Shawano,2023,Northeastern,19–59 years old,HepB (1),57.0%
"2,418",Shawano,2023,Northeastern,19–59 years old,HepB Complete,52.5%
"2,419",Shawano,2023,Northeastern,19–64 years old,Td or Tdap,66.5%
"2,420",Shawano,2023,Northeastern,19–64 years old,Tdap,55.6%
"2,421",Shawano,2023,Northeastern,50 years and older,Zoster (Shingles) Complete,34.3%
"2,422",Shawano,2024,Northeastern,19–26 years old,HPV Complete,55.3%
"2,423",Shawano,2024,Northeastern,19–49 years old,HepA Complete,25.4%
"2,424",Shawano,2024,Northeastern,19–59 years old,HepB (1),60.1%
"2,425",Shawano,2024,Northeastern,19–59 years old,HepB Complete,55.1%
"2,426",Shawano,2024,Northeastern,19–64 years old,Td or Tdap,67.0%
"2,427",Shawano,2024,Northeastern,19–64 years old,Tdap,55.3%
"2,428",Shawano,2024,Northeastern,50 years and older,Zoster (Shingles) Complete,37.8%
"2,429",Shawano,2025,Northeastern,19–26 years old,HPV Complete,57.2%
"2,430",Shawano,2025,Northeastern,19–49 years old,HepA Complete,28.6%
"2,431",Shawano,2025,Northeastern,19–59 years old,HepB (1),63.5%
"2,432",Shawano,2025,Northeastern,19–59 years old,HepB Complete,58.5%
"2,433",Shawano,2025,Northeastern,19–64 years old,Td or Tdap,66.8%
"2,434",Shawano,2025,Northeastern,19–64 years old,Tdap,55.2%
"2,435",Shawano,2025,Northeastern,50 years and older,Pneumo Complete,50.6%
"2,436",Shawano,2025,Northeastern,50 years and older,Zoster (Shingles) Complete,40.8%
"2,437",Sheboygan,2014,Northeastern,19–26 years old,HPV Complete,17.2%
"2,438",Sheboygan,2015,Northeastern,19–26 years old,HPV Complete,19.8%
"2,439",Sheboygan,2016,Northeastern,19–26 years old,HPV Complete,23.4%
"2,440",Sheboygan,2017,Northeastern,19–26 years old,HPV Complete,27.8%
"2,441",Sheboygan,2018,Northeastern,19–26 years old,HPV Complete,31.6%
"2,442",Sheboygan,2018,Northeastern,50 years and older,Zoster (Shingles) Complete,3.1%
"2,443",Sheboygan,2019,Northeastern,19–26 years old,HPV Complete,35.5%
"2,444",Sheboygan,2019,Northeastern,19–49 years old,HepA Complete,13.2%
"2,445",Sheboygan,2019,Northeastern,50 years and older,Zoster (Shingles) Complete,10.2%
"2,446",Sheboygan,2020,Northeastern,19–26 years old,HPV Complete,37.8%
"2,447",Sheboygan,2020,Northeastern,19–49 years old,HepA Complete,15.1%
"2,448",Sheboygan,2020,Northeastern,50 years and older,Zoster (Shingles) Complete,19.5%
"2,449",Sheboygan,2021,Northeastern,19–26 years old,HPV Complete,41.2%
"2,450",Sheboygan,2021,Northeastern,19–49 years old,HepA Complete,16.8%
"2,451",Sheboygan,2021,Northeastern,50 years and older,Zoster (Shingles) Complete,26.6%
"2,452",Sheboygan,2022,Northeastern,19–26 years old,HPV Complete,44.8%
"2,453",Sheboygan,2022,Northeastern,19–49 years old,HepA Complete,17.2%
"2,454",Sheboygan,2022,Northeastern,19–59 years old,HepB (1),50.5%
"2,455",Sheboygan,2022,Northeastern,19–59 years old,HepB Complete,45.6%
"2,456",Sheboygan,2022,Northeastern,50 years and older,Zoster (Shingles) Complete,31.1%
"2,457",Sheboygan,2023,Northeastern,19–26 years old,HPV Complete,51.4%
"2,458",Sheboygan,2023,Northeastern,19–49 years old,HepA Complete,22.8%
"2,459",Sheboygan,2023,Northeastern,19–59 years old,HepB (1),55.5%
"2,460",Sheboygan,2023,Northeastern,19–59 years old,HepB Complete,50.8%
"2,461",Sheboygan,2023,Northeastern,19–64 years old,Td or Tdap,64.5%
"2,462",Sheboygan,2023,Northeastern,19–64 years old,Tdap,50.3%
"2,463",Sheboygan,2023,Northeastern,50 years and older,Zoster (Shingles) Complete,38.1%
"2,464",Sheboygan,2024,Northeastern,19–26 years old,HPV Complete,54.2%
"2,465",Sheboygan,2024,Northeastern,19–49 years old,HepA Complete,25.3%
"2,466",Sheboygan,2024,Northeastern,19–59 years old,HepB (1),58.3%
"2,467",Sheboygan,2024,Northeastern,19–59 years old,HepB Complete,53.5%
"2,468",Sheboygan,2024,Northeastern,19–64 years old,Td or Tdap,64.8%
"2,469",Sheboygan,2024,Northeastern,19–64 years old,Tdap,49.2%
"2,470",Sheboygan,2024,Northeastern,50 years and older,Zoster (Shingles) Complete,41.2%
"2,471",Sheboygan,2025,Northeastern,19–26 years old,HPV Complete,56.1%
"2,472",Sheboygan,2025,Northeastern,19–49 years old,HepA Complete,27.9%
"2,473",Sheboygan,2025,Northeastern,19–59 years old,HepB (1),61.6%
"2,474",Sheboygan,2025,Northeastern,19–59 years old,HepB Complete,56.5%
"2,475",Sheboygan,2025,Northeastern,19–64 years old,Td or Tdap,64.8%
"2,476",Sheboygan,2025,Northeastern,19–64 years old,Tdap,48.9%
"2,477",Sheboygan,2025,Northeastern,50 years and older,Pneumo Complete,50.4%
"2,478",Sheboygan,2025,Northeastern,50 years and older,Zoster (Shingles) Complete,44.2%
"2,479",St. Croix,2014,Western,19–26 years old,HPV Complete,18.1%
"2,480",St. Croix,2015,Western,19–26 years old,HPV Complete,19.5%
"2,481",St. Croix,2016,Western,19–26 years old,HPV Complete,22.1%
"2,482",St. Croix,2017,Western,19–26 years old,HPV Complete,25.5%
"2,483",St. Croix,2018,Western,19–26 years old,HPV Complete,28.6%
"2,484",St. Croix,2018,Western,50 years and older,Zoster (Shingles) Complete,2.3%
"2,485",St. Croix,2019,Western,19–26 years old,HPV Complete,31.9%
"2,486",St. Croix,2019,Western,19–49 years old,HepA Complete,9.7%
"2,487",St. Croix,2019,Western,50 years and older,Zoster (Shingles) Complete,7.9%
"2,488",St. Croix,2020,Western,19–26 years old,HPV Complete,33.9%
"2,489",St. Croix,2020,Western,19–49 years old,HepA Complete,10.9%
"2,490",St. Croix,2020,Western,50 years and older,Zoster (Shingles) Complete,13.5%
"2,491",St. Croix,2021,Western,19–26 years old,HPV Complete,36.7%
"2,492",St. Croix,2021,Western,19–49 years old,HepA Complete,12.2%
"2,493",St. Croix,2021,Western,50 years and older,Zoster (Shingles) Complete,18.2%
"2,494",St. Croix,2022,Western,19–26 years old,HPV Complete,39.5%
"2,495",St. Croix,2022,Western,19–49 years old,HepA Complete,12.6%
"2,496",St. Croix,2022,Western,19–59 years old,HepB (1),43.9%
"2,497",St. Croix,2022,Western,19–59 years old,HepB Complete,36.8%
"2,498",St. Croix,2022,Western,50 years and older,Zoster (Shingles) Complete,22.5%
"2,499",St. Croix,2023,Western,19–26 years old,HPV Complete,46.9%
"2,500",St. Croix,2023,Western,19–49 years old,HepA Complete,15.8%
"2,501",St. Croix,2023,Western,19–59 years old,HepB (1),46.1%
"2,502",St. Croix,2023,Western,19–59 years old,HepB Complete,39.2%
"2,503",St. Croix,2023,Western,19–64 years old,Td or Tdap,60.0%
"2,504",St. Croix,2023,Western,19–64 years old,Tdap,53.9%
"2,505",St. Croix,2023,Western,50 years and older,Zoster (Shingles) Complete,28.8%
"2,506",St. Croix,2024,Western,19–26 years old,HPV Complete,49.7%
"2,507",St. Croix,2024,Western,19–49 years old,HepA Complete,17.9%
"2,508",St. Croix,2024,Western,19–59 years old,HepB (1),47.9%
"2,509",St. Croix,2024,Western,19–59 years old,HepB Complete,41.0%
"2,510",St. Croix,2024,Western,19–64 years old,Td or Tdap,59.4%
"2,511",St. Croix,2024,Western,19–64 years old,Tdap,53.2%
"2,512",St. Croix,2024,Western,50 years and older,Zoster (Shingles) Complete,31.0%
"2,513",St. Croix,2025,Western,19–26 years old,HPV Complete,52.8%
"2,514",St. Croix,2025,Western,19–49 years old,HepA Complete,20.1%
"2,515",St. Croix,2025,Western,19–59 years old,HepB (1),49.8%
"2,516",St. Croix,2025,Western,19–59 years old,HepB Complete,42.6%
"2,517",St. Croix,2025,Western,19–64 years old,Td or Tdap,59.2%
"2,518",St. Croix,2025,Western,19–64 years old,Tdap,53.2%
"2,519",St. Croix,2025,Western,50 years and older,Pneumo Complete,39.0%
"2,520",St. Croix,2025,Western,50 years and older,Zoster (Shingles) Complete,34.2%
"2,521",Taylor,2014,Northern,19–26 years old,HPV Complete,15.6%
"2,522",Taylor,2015,Northern,19–26 years old,HPV Complete,16.9%
"2,523",Taylor,2016,Northern,19–26 years old,HPV Complete,18.7%
"2,524",Taylor,2017,Northern,19–26 years old,HPV Complete,20.8%
"2,525",Taylor,2018,Northern,19–26 years old,HPV Complete,21.5%
"2,526",Taylor,2018,Northern,50 years and older,Zoster (Shingles) Complete,0.8%
"2,527",Taylor,2019,Northern,19–26 years old,HPV Complete,24.2%
"2,528",Taylor,2019,Northern,19–49 years old,HepA Complete,5.7%
"2,529",Taylor,2019,Northern,50 years and older,Zoster (Shingles) Complete,3.6%
"2,530",Taylor,2020,Northern,19–26 years old,HPV Complete,26.1%
"2,531",Taylor,2020,Northern,19–49 years old,HepA Complete,6.4%
"2,532",Taylor,2020,Northern,50 years and older,Zoster (Shingles) Complete,7.5%
"2,533",Taylor,2021,Northern,19–26 years old,HPV Complete,27.3%
"2,534",Taylor,2021,Northern,19–49 years old,HepA Complete,7.8%
"2,535",Taylor,2021,Northern,50 years and older,Zoster (Shingles) Complete,12.9%
"2,536",Taylor,2022,Northern,19–26 years old,HPV Complete,29.1%
"2,537",Taylor,2022,Northern,19–49 years old,HepA Complete,7.8%
"2,538",Taylor,2022,Northern,19–59 years old,HepB (1),47.3%
"2,539",Taylor,2022,Northern,19–59 years old,HepB Complete,43.4%
"2,540",Taylor,2022,Northern,50 years and older,Zoster (Shingles) Complete,17.4%
"2,541",Taylor,2023,Northern,19–26 years old,HPV Complete,33.9%
"2,542",Taylor,2023,Northern,19–49 years old,HepA Complete,10.6%
"2,543",Taylor,2023,Northern,19–59 years old,HepB (1),51.2%
"2,544",Taylor,2023,Northern,19–59 years old,HepB Complete,47.3%
"2,545",Taylor,2023,Northern,19–64 years old,Td or Tdap,59.6%
"2,546",Taylor,2023,Northern,19–64 years old,Tdap,47.3%
"2,547",Taylor,2023,Northern,50 years and older,Zoster (Shingles) Complete,21.3%
"2,548",Taylor,2024,Northern,19–26 years old,HPV Complete,36.2%
"2,549",Taylor,2024,Northern,19–49 years old,HepA Complete,12.6%
"2,550",Taylor,2024,Northern,19–59 years old,HepB (1),53.3%
"2,551",Taylor,2024,Northern,19–59 years old,HepB Complete,49.5%
"2,552",Taylor,2024,Northern,19–64 years old,Td or Tdap,58.9%
"2,553",Taylor,2024,Northern,19–64 years old,Tdap,46.1%
"2,554",Taylor,2024,Northern,50 years and older,Zoster (Shingles) Complete,25.2%
"2,555",Taylor,2025,Northern,19–26 years old,HPV Complete,39.0%
"2,556",Taylor,2025,Northern,19–49 years old,HepA Complete,15.4%
"2,557",Taylor,2025,Northern,19–59 years old,HepB (1),55.9%
"2,558",Taylor,2025,Northern,19–59 years old,HepB Complete,52.0%
"2,559",Taylor,2025,Northern,19–64 years old,Td or Tdap,58.5%
"2,560",Taylor,2025,Northern,19–64 years old,Tdap,45.5%
"2,561",Taylor,2025,Northern,50 years and older,Pneumo Complete,36.5%
"2,562",Taylor,2025,Northern,50 years and older,Zoster (Shingles) Complete,26.5%
"2,563",Trempealeau,2014,Western,19–26 years old,HPV Complete,20.3%
"2,564",Trempealeau,2015,Western,19–26 years old,HPV Complete,22.4%
"2,565",Trempealeau,2016,Western,19–26 years old,HPV Complete,25.4%
"2,566",Trempealeau,2017,Western,19–26 years old,HPV Complete,30.9%
"2,567",Trempealeau,2018,Western,19–26 years old,HPV Complete,35.9%
"2,568",Trempealeau,2018,Western,50 years and older,Zoster (Shingles) Complete,3.9%
"2,569",Trempealeau,2019,Western,19–26 years old,HPV Complete,41.0%
"2,570",Trempealeau,2019,Western,19–49 years old,HepA Complete,9.7%
"2,571",Trempealeau,2019,Western,50 years and older,Zoster (Shingles) Complete,9.6%
"2,572",Trempealeau,2020,Western,19–26 years old,HPV Complete,43.9%
"2,573",Trempealeau,2020,Western,19–49 years old,HepA Complete,10.8%
"2,574",Trempealeau,2020,Western,50 years and older,Zoster (Shingles) Complete,17.6%
"2,575",Trempealeau,2021,Western,19–26 years old,HPV Complete,47.3%
"2,576",Trempealeau,2021,Western,19–49 years old,HepA Complete,12.2%
"2,577",Trempealeau,2021,Western,50 years and older,Zoster (Shingles) Complete,24.8%
"2,578",Trempealeau,2022,Western,19–26 years old,HPV Complete,49.9%
"2,579",Trempealeau,2022,Western,19–49 years old,HepA Complete,12.4%
"2,580",Trempealeau,2022,Western,19–59 years old,HepB (1),45.1%
"2,581",Trempealeau,2022,Western,19–59 years old,HepB Complete,39.2%
"2,582",Trempealeau,2022,Western,50 years and older,Zoster (Shingles) Complete,29.7%
"2,583",Trempealeau,2023,Western,19–26 years old,HPV Complete,56.1%
"2,584",Trempealeau,2023,Western,19–49 years old,HepA Complete,15.9%
"2,585",Trempealeau,2023,Western,19–59 years old,HepB (1),48.2%
"2,586",Trempealeau,2023,Western,19–59 years old,HepB Complete,42.6%
"2,587",Trempealeau,2023,Western,19–64 years old,Td or Tdap,68.6%
"2,588",Trempealeau,2023,Western,19–64 years old,Tdap,61.4%
"2,589",Trempealeau,2023,Western,50 years and older,Zoster (Shingles) Complete,34.7%
"2,590",Trempealeau,2024,Western,19–26 years old,HPV Complete,58.3%
"2,591",Trempealeau,2024,Western,19–49 years old,HepA Complete,18.3%
"2,592",Trempealeau,2024,Western,19–59 years old,HepB (1),51.9%
"2,593",Trempealeau,2024,Western,19–59 years old,HepB Complete,45.3%
"2,594",Trempealeau,2024,Western,19–64 years old,Td or Tdap,68.4%
"2,595",Trempealeau,2024,Western,19–64 years old,Tdap,61.5%
"2,596",Trempealeau,2024,Western,50 years and older,Zoster (Shingles) Complete,38.9%
"2,597",Trempealeau,2025,Western,19–26 years old,HPV Complete,59.9%
"2,598",Trempealeau,2025,Western,19–49 years old,HepA Complete,20.5%
"2,599",Trempealeau,2025,Western,19–59 years old,HepB (1),54.5%
"2,600",Trempealeau,2025,Western,19–59 years old,HepB Complete,47.8%
"2,601",Trempealeau,2025,Western,19–64 years old,Td or Tdap,67.7%
"2,602",Trempealeau,2025,Western,19–64 years old,Tdap,61.1%
"2,603",Trempealeau,2025,Western,50 years and older,Pneumo Complete,49.9%
"2,604",Trempealeau,2025,Western,50 years and older,Zoster (Shingles) Complete,41.4%
"2,605",Vernon,2014,Southern,19–26 years old,HPV Complete,21.2%
"2,606",Vernon,2015,Southern,19–26 years old,HPV Complete,22.8%
"2,607",Vernon,2016,Southern,19–26 years old,HPV Complete,24.4%
"2,608",Vernon,2017,Southern,19–26 years old,HPV Complete,27.1%
"2,609",Vernon,2018,Southern,19–26 years old,HPV Complete,30.1%
"2,610",Vernon,2018,Southern,50 years and older,Zoster (Shingles) Complete,3.8%
"2,611",Vernon,2019,Southern,19–26 years old,HPV Complete,32.4%
"2,612",Vernon,2019,Southern,19–49 years old,HepA Complete,7.7%
"2,613",Vernon,2019,Southern,50 years and older,Zoster (Shingles) Complete,12.0%
"2,614",Vernon,2020,Southern,19–26 years old,HPV Complete,34.2%
"2,615",Vernon,2020,Southern,19–49 years old,HepA Complete,8.7%
"2,616",Vernon,2020,Southern,50 years and older,Zoster (Shingles) Complete,21.6%
"2,617",Vernon,2021,Southern,19–26 years old,HPV Complete,35.8%
"2,618",Vernon,2021,Southern,19–49 years old,HepA Complete,10.0%
"2,619",Vernon,2021,Southern,50 years and older,Zoster (Shingles) Complete,28.3%
"2,620",Vernon,2022,Southern,19–26 years old,HPV Complete,38.5%
"2,621",Vernon,2022,Southern,19–49 years old,HepA Complete,10.2%
"2,622",Vernon,2022,Southern,19–59 years old,HepB (1),50.2%
"2,623",Vernon,2022,Southern,19–59 years old,HepB Complete,42.1%
"2,624",Vernon,2022,Southern,50 years and older,Zoster (Shingles) Complete,33.1%
"2,625",Vernon,2023,Southern,19–26 years old,HPV Complete,45.9%
"2,626",Vernon,2023,Southern,19–49 years old,HepA Complete,13.2%
"2,627",Vernon,2023,Southern,19–59 years old,HepB (1),53.4%
"2,628",Vernon,2023,Southern,19–59 years old,HepB Complete,45.9%
"2,629",Vernon,2023,Southern,19–64 years old,Td or Tdap,66.5%
"2,630",Vernon,2023,Southern,19–64 years old,Tdap,54.9%
"2,631",Vernon,2023,Southern,50 years and older,Zoster (Shingles) Complete,38.1%
"2,632",Vernon,2024,Southern,19–26 years old,HPV Complete,47.9%
"2,633",Vernon,2024,Southern,19–49 years old,HepA Complete,15.4%
"2,634",Vernon,2024,Southern,19–59 years old,HepB (1),56.4%
"2,635",Vernon,2024,Southern,19–59 years old,HepB Complete,48.1%
"2,636",Vernon,2024,Southern,19–64 years old,Td or Tdap,66.5%
"2,637",Vernon,2024,Southern,19–64 years old,Tdap,55.4%
"2,638",Vernon,2024,Southern,50 years and older,Zoster (Shingles) Complete,42.5%
"2,639",Vernon,2025,Southern,19–26 years old,HPV Complete,49.4%
"2,640",Vernon,2025,Southern,19–49 years old,HepA Complete,17.6%
"2,641",Vernon,2025,Southern,19–59 years old,HepB (1),58.7%
"2,642",Vernon,2025,Southern,19–59 years old,HepB Complete,50.6%
"2,643",Vernon,2025,Southern,19–64 years old,Td or Tdap,66.4%
"2,644",Vernon,2025,Southern,19–64 years old,Tdap,55.4%
"2,645",Vernon,2025,Southern,50 years and older,Pneumo Complete,52.7%
"2,646",Vernon,2025,Southern,50 years and older,Zoster (Shingles) Complete,44.3%
"2,647",Vilas,2014,Northern,19–26 years old,HPV Complete,17.6%
"2,648",Vilas,2015,Northern,19–26 years old,HPV Complete,19.7%
"2,649",Vilas,2016,Northern,19–26 years old,HPV Complete,22.9%
"2,650",Vilas,2017,Northern,19–26 years old,HPV Complete,26.7%
"2,651",Vilas,2018,Northern,19–26 years old,HPV Complete,30.7%
"2,652",Vilas,2018,Northern,50 years and older,Zoster (Shingles) Complete,1.8%
"2,653",Vilas,2019,Northern,19–26 years old,HPV Complete,35.1%
"2,654",Vilas,2019,Northern,19–49 years old,HepA Complete,9.6%
"2,655",Vilas,2019,Northern,50 years and older,Zoster (Shingles) Complete,6.0%
"2,656",Vilas,2020,Northern,19–26 years old,HPV Complete,37.1%
"2,657",Vilas,2020,Northern,19–49 years old,HepA Complete,10.5%
"2,658",Vilas,2020,Northern,50 years and older,Zoster (Shingles) Complete,12.9%
"2,659",Vilas,2021,Northern,19–26 years old,HPV Complete,39.5%
"2,660",Vilas,2021,Northern,19–49 years old,HepA Complete,11.4%
"2,661",Vilas,2021,Northern,50 years and older,Zoster (Shingles) Complete,18.1%
"2,662",Vilas,2022,Northern,19–26 years old,HPV Complete,43.1%
"2,663",Vilas,2022,Northern,19–49 years old,HepA Complete,11.4%
"2,664",Vilas,2022,Northern,19–59 years old,HepB (1),47.1%
"2,665",Vilas,2022,Northern,19–59 years old,HepB Complete,41.9%
"2,666",Vilas,2022,Northern,50 years and older,Zoster (Shingles) Complete,22.3%
"2,667",Vilas,2023,Northern,19–26 years old,HPV Complete,49.4%
"2,668",Vilas,2023,Northern,19–49 years old,HepA Complete,15.2%
"2,669",Vilas,2023,Northern,19–59 years old,HepB (1),49.0%
"2,670",Vilas,2023,Northern,19–59 years old,HepB Complete,43.8%
"2,671",Vilas,2023,Northern,19–64 years old,Td or Tdap,57.5%
"2,672",Vilas,2023,Northern,19–64 years old,Tdap,50.2%
"2,673",Vilas,2023,Northern,50 years and older,Zoster (Shingles) Complete,26.9%
"2,674",Vilas,2024,Northern,19–26 years old,HPV Complete,52.1%
"2,675",Vilas,2024,Northern,19–49 years old,HepA Complete,17.9%
"2,676",Vilas,2024,Northern,19–59 years old,HepB (1),51.3%
"2,677",Vilas,2024,Northern,19–59 years old,HepB Complete,46.3%
"2,678",Vilas,2024,Northern,19–64 years old,Td or Tdap,58.2%
"2,679",Vilas,2024,Northern,19–64 years old,Tdap,51.1%
"2,680",Vilas,2024,Northern,50 years and older,Zoster (Shingles) Complete,31.4%
"2,681",Vilas,2025,Northern,19–26 years old,HPV Complete,55.4%
"2,682",Vilas,2025,Northern,19–49 years old,HepA Complete,20.6%
"2,683",Vilas,2025,Northern,19–59 years old,HepB (1),53.7%
"2,684",Vilas,2025,Northern,19–59 years old,HepB Complete,48.7%
"2,685",Vilas,2025,Northern,19–64 years old,Td or Tdap,58.8%
"2,686",Vilas,2025,Northern,19–64 years old,Tdap,51.9%
"2,687",Vilas,2025,Northern,50 years and older,Pneumo Complete,46.8%
"2,688",Vilas,2025,Northern,50 years and older,Zoster (Shingles) Complete,34.3%
"2,689",Walworth,2014,Southeastern,19–26 years old,HPV Complete,15.5%
"2,690",Walworth,2015,Southeastern,19–26 years old,HPV Complete,17.4%
"2,691",Walworth,2016,Southeastern,19–26 years old,HPV Complete,19.9%
"2,692",Walworth,2017,Southeastern,19–26 years old,HPV Complete,24.2%
"2,693",Walworth,2018,Southeastern,19–26 years old,HPV Complete,28.0%
"2,694",Walworth,2018,Southeastern,50 years and older,Zoster (Shingles) Complete,1.0%
"2,695",Walworth,2019,Southeastern,19–26 years old,HPV Complete,31.8%
"2,696",Walworth,2019,Southeastern,19–49 years old,HepA Complete,9.5%
"2,697",Walworth,2019,Southeastern,50 years and older,Zoster (Shingles) Complete,5.9%
"2,698",Walworth,2020,Southeastern,19–26 years old,HPV Complete,34.4%
"2,699",Walworth,2020,Southeastern,19–49 years old,HepA Complete,11.0%
"2,700",Walworth,2020,Southeastern,50 years and older,Zoster (Shingles) Complete,11.6%
"2,701",Walworth,2021,Southeastern,19–26 years old,HPV Complete,36.7%
"2,702",Walworth,2021,Southeastern,19–49 years old,HepA Complete,12.5%
"2,703",Walworth,2021,Southeastern,50 years and older,Zoster (Shingles) Complete,15.9%
"2,704",Walworth,2022,Southeastern,19–26 years old,HPV Complete,39.5%
"2,705",Walworth,2022,Southeastern,19–49 years old,HepA Complete,12.7%
"2,706",Walworth,2022,Southeastern,19–59 years old,HepB (1),43.4%
"2,707",Walworth,2022,Southeastern,19–59 years old,HepB Complete,35.9%
"2,708",Walworth,2022,Southeastern,50 years and older,Zoster (Shingles) Complete,19.7%
"2,709",Walworth,2023,Southeastern,19–26 years old,HPV Complete,45.8%
"2,710",Walworth,2023,Southeastern,19–49 years old,HepA Complete,17.0%
"2,711",Walworth,2023,Southeastern,19–59 years old,HepB (1),46.2%
"2,712",Walworth,2023,Southeastern,19–59 years old,HepB Complete,39.6%
"2,713",Walworth,2023,Southeastern,19–64 years old,Td or Tdap,57.1%
"2,714",Walworth,2023,Southeastern,19–64 years old,Tdap,54.0%
"2,715",Walworth,2023,Southeastern,50 years and older,Zoster (Shingles) Complete,26.0%
"2,716",Walworth,2024,Southeastern,19–26 years old,HPV Complete,49.0%
"2,717",Walworth,2024,Southeastern,19–49 years old,HepA Complete,19.2%
"2,718",Walworth,2024,Southeastern,19–59 years old,HepB (1),48.2%
"2,719",Walworth,2024,Southeastern,19–59 years old,HepB Complete,41.4%
"2,720",Walworth,2024,Southeastern,19–64 years old,Td or Tdap,57.0%
"2,721",Walworth,2024,Southeastern,19–64 years old,Tdap,53.4%
"2,722",Walworth,2024,Southeastern,50 years and older,Zoster (Shingles) Complete,28.8%
"2,723",Walworth,2025,Southeastern,19–26 years old,HPV Complete,52.0%
"2,724",Walworth,2025,Southeastern,19–49 years old,HepA Complete,21.7%
"2,725",Walworth,2025,Southeastern,19–59 years old,HepB (1),50.1%
"2,726",Walworth,2025,Southeastern,19–59 years old,HepB Complete,43.4%
"2,727",Walworth,2025,Southeastern,19–64 years old,Td or Tdap,56.8%
"2,728",Walworth,2025,Southeastern,19–64 years old,Tdap,53.1%
"2,729",Walworth,2025,Southeastern,50 years and older,Pneumo Complete,41.8%
"2,730",Walworth,2025,Southeastern,50 years and older,Zoster (Shingles) Complete,31.2%
"2,731",Washburn,2014,Western,19–26 years old,HPV Complete,19.6%
"2,732",Washburn,2015,Western,19–26 years old,HPV Complete,21.3%
"2,733",Washburn,2016,Western,19–26 years old,HPV Complete,24.5%
"2,734",Washburn,2017,Western,19–26 years old,HPV Complete,27.6%
"2,735",Washburn,2018,Western,19–26 years old,HPV Complete,30.8%
"2,736",Washburn,2018,Western,50 years and older,Zoster (Shingles) Complete,1.2%
"2,737",Washburn,2019,Western,19–26 years old,HPV Complete,33.4%
"2,738",Washburn,2019,Western,19–49 years old,HepA Complete,9.9%
"2,739",Washburn,2019,Western,50 years and older,Zoster (Shingles) Complete,5.2%
"2,740",Washburn,2020,Western,19–26 years old,HPV Complete,35.7%
"2,741",Washburn,2020,Western,19–49 years old,HepA Complete,11.2%
"2,742",Washburn,2020,Western,50 years and older,Zoster (Shingles) Complete,12.3%
"2,743",Washburn,2021,Western,19–26 years old,HPV Complete,38.1%
"2,744",Washburn,2021,Western,19–49 years old,HepA Complete,12.5%
"2,745",Washburn,2021,Western,50 years and older,Zoster (Shingles) Complete,18.4%
"2,746",Washburn,2022,Western,19–26 years old,HPV Complete,40.1%
"2,747",Washburn,2022,Western,19–49 years old,HepA Complete,12.6%
"2,748",Washburn,2022,Western,19–59 years old,HepB (1),49.4%
"2,749",Washburn,2022,Western,19–59 years old,HepB Complete,44.4%
"2,750",Washburn,2022,Western,50 years and older,Zoster (Shingles) Complete,23.1%
"2,751",Washburn,2023,Western,19–26 years old,HPV Complete,45.6%
"2,752",Washburn,2023,Western,19–49 years old,HepA Complete,16.5%
"2,753",Washburn,2023,Western,19–59 years old,HepB (1),52.4%
"2,754",Washburn,2023,Western,19–59 years old,HepB Complete,47.6%
"2,755",Washburn,2023,Western,19–64 years old,Td or Tdap,57.6%
"2,756",Washburn,2023,Western,19–64 years old,Tdap,44.7%
"2,757",Washburn,2023,Western,50 years and older,Zoster (Shingles) Complete,28.0%
"2,758",Washburn,2024,Western,19–26 years old,HPV Complete,46.8%
"2,759",Washburn,2024,Western,19–49 years old,HepA Complete,18.5%
"2,760",Washburn,2024,Western,19–59 years old,HepB (1),54.6%
"2,761",Washburn,2024,Western,19–59 years old,HepB Complete,49.3%
"2,762",Washburn,2024,Western,19–64 years old,Td or Tdap,57.2%
"2,763",Washburn,2024,Western,19–64 years old,Tdap,43.7%
"2,764",Washburn,2024,Western,50 years and older,Zoster (Shingles) Complete,30.7%
"2,765",Washburn,2025,Western,19–26 years old,HPV Complete,49.5%
"2,766",Washburn,2025,Western,19–49 years old,HepA Complete,21.1%
"2,767",Washburn,2025,Western,19–59 years old,HepB (1),57.2%
"2,768",Washburn,2025,Western,19–59 years old,HepB Complete,52.0%
"2,769",Washburn,2025,Western,19–64 years old,Td or Tdap,57.9%
"2,770",Washburn,2025,Western,19–64 years old,Tdap,43.9%
"2,771",Washburn,2025,Western,50 years and older,Pneumo Complete,46.4%
"2,772",Washburn,2025,Western,50 years and older,Zoster (Shingles) Complete,34.8%
"2,773",Washington,2014,Southeastern,19–26 years old,HPV Complete,21.2%
"2,774",Washington,2015,Southeastern,19–26 years old,HPV Complete,23.5%
"2,775",Washington,2016,Southeastern,19–26 years old,HPV Complete,26.1%
"2,776",Washington,2017,Southeastern,19–26 years old,HPV Complete,29.9%
"2,777",Washington,2018,Southeastern,19–26 years old,HPV Complete,33.1%
"2,778",Washington,2018,Southeastern,50 years and older,Zoster (Shingles) Complete,1.6%
"2,779",Washington,2019,Southeastern,19–26 years old,HPV Complete,37.5%
"2,780",Washington,2019,Southeastern,19–49 years old,HepA Complete,13.1%
"2,781",Washington,2019,Southeastern,50 years and older,Zoster (Shingles) Complete,6.8%
"2,782",Washington,2020,Southeastern,19–26 years old,HPV Complete,39.5%
"2,783",Washington,2020,Southeastern,19–49 years old,HepA Complete,14.6%
"2,784",Washington,2020,Southeastern,50 years and older,Zoster (Shingles) Complete,14.9%
"2,785",Washington,2021,Southeastern,19–26 years old,HPV Complete,42.5%
"2,786",Washington,2021,Southeastern,19–49 years old,HepA Complete,16.2%
"2,787",Washington,2021,Southeastern,50 years and older,Zoster (Shingles) Complete,21.1%
"2,788",Washington,2022,Southeastern,19–26 years old,HPV Complete,45.8%
"2,789",Washington,2022,Southeastern,19–49 years old,HepA Complete,16.7%
"2,790",Washington,2022,Southeastern,19–59 years old,HepB (1),46.9%
"2,791",Washington,2022,Southeastern,19–59 years old,HepB Complete,39.3%
"2,792",Washington,2022,Southeastern,50 years and older,Zoster (Shingles) Complete,26.6%
"2,793",Washington,2023,Southeastern,19–26 years old,HPV Complete,51.8%
"2,794",Washington,2023,Southeastern,19–49 years old,HepA Complete,20.6%
"2,795",Washington,2023,Southeastern,19–59 years old,HepB (1),50.2%
"2,796",Washington,2023,Southeastern,19–59 years old,HepB Complete,42.9%
"2,797",Washington,2023,Southeastern,19–64 years old,Td or Tdap,64.8%
"2,798",Washington,2023,Southeastern,19–64 years old,Tdap,60.0%
"2,799",Washington,2023,Southeastern,50 years and older,Zoster (Shingles) Complete,33.1%
"2,800",Washington,2024,Southeastern,19–26 years old,HPV Complete,54.7%
"2,801",Washington,2024,Southeastern,19–49 years old,HepA Complete,22.9%
"2,802",Washington,2024,Southeastern,19–59 years old,HepB (1),52.9%
"2,803",Washington,2024,Southeastern,19–59 years old,HepB Complete,45.4%
"2,804",Washington,2024,Southeastern,19–64 years old,Td or Tdap,65.8%
"2,805",Washington,2024,Southeastern,19–64 years old,Tdap,59.8%
"2,806",Washington,2024,Southeastern,50 years and older,Zoster (Shingles) Complete,37.0%
"2,807",Washington,2025,Southeastern,19–26 years old,HPV Complete,57.2%
"2,808",Washington,2025,Southeastern,19–49 years old,HepA Complete,25.2%
"2,809",Washington,2025,Southeastern,19–59 years old,HepB (1),55.4%
"2,810",Washington,2025,Southeastern,19–59 years old,HepB Complete,47.8%
"2,811",Washington,2025,Southeastern,19–64 years old,Td or Tdap,66.1%
"2,812",Washington,2025,Southeastern,19–64 years old,Tdap,60.1%
"2,813",Washington,2025,Southeastern,50 years and older,Pneumo Complete,50.2%
"2,814",Washington,2025,Southeastern,50 years and older,Zoster (Shingles) Complete,39.8%
"2,815",Waukesha,2014,Southeastern,19–26 years old,HPV Complete,22.3%
"2,816",Waukesha,2015,Southeastern,19–26 years old,HPV Complete,24.6%
"2,817",Waukesha,2016,Southeastern,19–26 years old,HPV Complete,27.7%
"2,818",Waukesha,2017,Southeastern,19–26 years old,HPV Complete,31.9%
"2,819",Waukesha,2018,Southeastern,19–26 years old,HPV Complete,35.3%
"2,820",Waukesha,2018,Southeastern,50 years and older,Zoster (Shingles) Complete,2.1%
"2,821",Waukesha,2019,Southeastern,19–26 years old,HPV Complete,39.1%
"2,822",Waukesha,2019,Southeastern,19–49 years old,HepA Complete,16.2%
"2,823",Waukesha,2019,Southeastern,50 years and older,Zoster (Shingles) Complete,8.7%
"2,824",Waukesha,2020,Southeastern,19–26 years old,HPV Complete,41.4%
"2,825",Waukesha,2020,Southeastern,19–49 years old,HepA Complete,17.4%
"2,826",Waukesha,2020,Southeastern,50 years and older,Zoster (Shingles) Complete,17.1%
"2,827",Waukesha,2021,Southeastern,19–26 years old,HPV Complete,44.6%
"2,828",Waukesha,2021,Southeastern,19–49 years old,HepA Complete,19.1%
"2,829",Waukesha,2021,Southeastern,50 years and older,Zoster (Shingles) Complete,23.7%
"2,830",Waukesha,2022,Southeastern,19–26 years old,HPV Complete,47.8%
"2,831",Waukesha,2022,Southeastern,19–49 years old,HepA Complete,19.5%
"2,832",Waukesha,2022,Southeastern,19–59 years old,HepB (1),42.6%
"2,833",Waukesha,2022,Southeastern,19–59 years old,HepB Complete,35.5%
"2,834",Waukesha,2022,Southeastern,50 years and older,Zoster (Shingles) Complete,28.9%
"2,835",Waukesha,2023,Southeastern,19–26 years old,HPV Complete,55.6%
"2,836",Waukesha,2023,Southeastern,19–49 years old,HepA Complete,23.7%
"2,837",Waukesha,2023,Southeastern,19–59 years old,HepB (1),46.6%
"2,838",Waukesha,2023,Southeastern,19–59 years old,HepB Complete,39.4%
"2,839",Waukesha,2023,Southeastern,19–64 years old,Td or Tdap,65.0%
"2,840",Waukesha,2023,Southeastern,19–64 years old,Tdap,57.9%
"2,841",Waukesha,2023,Southeastern,50 years and older,Zoster (Shingles) Complete,35.7%
"2,842",Waukesha,2024,Southeastern,19–26 years old,HPV Complete,58.4%
"2,843",Waukesha,2024,Southeastern,19–49 years old,HepA Complete,26.1%
"2,844",Waukesha,2024,Southeastern,19–59 years old,HepB (1),49.4%
"2,845",Waukesha,2024,Southeastern,19–59 years old,HepB Complete,42.1%
"2,846",Waukesha,2024,Southeastern,19–64 years old,Td or Tdap,65.1%
"2,847",Waukesha,2024,Southeastern,19–64 years old,Tdap,57.4%
"2,848",Waukesha,2024,Southeastern,50 years and older,Zoster (Shingles) Complete,39.1%
"2,849",Waukesha,2025,Southeastern,19–26 years old,HPV Complete,60.4%
"2,850",Waukesha,2025,Southeastern,19–49 years old,HepA Complete,28.5%
"2,851",Waukesha,2025,Southeastern,19–59 years old,HepB (1),52.0%
"2,852",Waukesha,2025,Southeastern,19–59 years old,HepB Complete,44.6%
"2,853",Waukesha,2025,Southeastern,19–64 years old,Td or Tdap,64.9%
"2,854",Waukesha,2025,Southeastern,19–64 years old,Tdap,57.3%
"2,855",Waukesha,2025,Southeastern,50 years and older,Pneumo Complete,48.5%
"2,856",Waukesha,2025,Southeastern,50 years and older,Zoster (Shingles) Complete,42.0%
"2,857",Waupaca,2014,Northeastern,19–26 years old,HPV Complete,17.7%
"2,858",Waupaca,2015,Northeastern,19–26 years old,HPV Complete,20.7%
"2,859",Waupaca,2016,Northeastern,19–26 years old,HPV Complete,24.2%
"2,860",Waupaca,2017,Northeastern,19–26 years old,HPV Complete,28.2%
"2,861",Waupaca,2018,Northeastern,19–26 years old,HPV Complete,32.0%
"2,862",Waupaca,2018,Northeastern,50 years and older,Zoster (Shingles) Complete,2.5%
"2,863",Waupaca,2019,Northeastern,19–26 years old,HPV Complete,35.6%
"2,864",Waupaca,2019,Northeastern,19–49 years old,HepA Complete,11.1%
"2,865",Waupaca,2019,Northeastern,50 years and older,Zoster (Shingles) Complete,8.2%
"2,866",Waupaca,2020,Northeastern,19–26 years old,HPV Complete,38.3%
"2,867",Waupaca,2020,Northeastern,19–49 years old,HepA Complete,12.8%
"2,868",Waupaca,2020,Northeastern,50 years and older,Zoster (Shingles) Complete,15.1%
"2,869",Waupaca,2021,Northeastern,19–26 years old,HPV Complete,40.0%
"2,870",Waupaca,2021,Northeastern,19–49 years old,HepA Complete,14.2%
"2,871",Waupaca,2021,Northeastern,50 years and older,Zoster (Shingles) Complete,19.8%
"2,872",Waupaca,2022,Northeastern,19–26 years old,HPV Complete,42.6%
"2,873",Waupaca,2022,Northeastern,19–49 years old,HepA Complete,14.5%
"2,874",Waupaca,2022,Northeastern,19–59 years old,HepB (1),49.1%
"2,875",Waupaca,2022,Northeastern,19–59 years old,HepB Complete,44.0%
"2,876",Waupaca,2022,Northeastern,50 years and older,Zoster (Shingles) Complete,24.7%
"2,877",Waupaca,2023,Northeastern,19–26 years old,HPV Complete,48.4%
"2,878",Waupaca,2023,Northeastern,19–49 years old,HepA Complete,17.7%
"2,879",Waupaca,2023,Northeastern,19–59 years old,HepB (1),51.6%
"2,880",Waupaca,2023,Northeastern,19–59 years old,HepB Complete,46.8%
"2,881",Waupaca,2023,Northeastern,19–64 years old,Td or Tdap,62.0%
"2,882",Waupaca,2023,Northeastern,19–64 years old,Tdap,53.1%
"2,883",Waupaca,2023,Northeastern,50 years and older,Zoster (Shingles) Complete,29.1%
"2,884",Waupaca,2024,Northeastern,19–26 years old,HPV Complete,50.1%
"2,885",Waupaca,2024,Northeastern,19–49 years old,HepA Complete,19.9%
"2,886",Waupaca,2024,Northeastern,19–59 years old,HepB (1),54.6%
"2,887",Waupaca,2024,Northeastern,19–59 years old,HepB Complete,49.1%
"2,888",Waupaca,2024,Northeastern,19–64 years old,Td or Tdap,61.9%
"2,889",Waupaca,2024,Northeastern,19–64 years old,Tdap,52.7%
"2,890",Waupaca,2024,Northeastern,50 years and older,Zoster (Shingles) Complete,33.4%
"2,891",Waupaca,2025,Northeastern,19–26 years old,HPV Complete,53.0%
"2,892",Waupaca,2025,Northeastern,19–49 years old,HepA Complete,22.6%
"2,893",Waupaca,2025,Northeastern,19–59 years old,HepB (1),58.4%
"2,894",Waupaca,2025,Northeastern,19–59 years old,HepB Complete,52.6%
"2,895",Waupaca,2025,Northeastern,19–64 years old,Td or Tdap,62.6%
"2,896",Waupaca,2025,Northeastern,19–64 years old,Tdap,53.4%
"2,897",Waupaca,2025,Northeastern,50 years and older,Pneumo Complete,51.2%
"2,898",Waupaca,2025,Northeastern,50 years and older,Zoster (Shingles) Complete,36.7%
"2,899",Waushara,2014,Northeastern,19–26 years old,HPV Complete,12.6%
"2,900",Waushara,2015,Northeastern,19–26 years old,HPV Complete,12.8%
"2,901",Waushara,2016,Northeastern,19–26 years old,HPV Complete,14.9%
"2,902",Waushara,2017,Northeastern,19–26 years old,HPV Complete,18.1%
"2,903",Waushara,2018,Northeastern,19–26 years old,HPV Complete,20.7%
"2,904",Waushara,2018,Northeastern,50 years and older,Zoster (Shingles) Complete,2.2%
"2,905",Waushara,2019,Northeastern,19–26 years old,HPV Complete,23.7%
"2,906",Waushara,2019,Northeastern,19–49 years old,HepA Complete,8.3%
"2,907",Waushara,2019,Northeastern,50 years and older,Zoster (Shingles) Complete,7.8%
"2,908",Waushara,2020,Northeastern,19–26 years old,HPV Complete,26.7%
"2,909",Waushara,2020,Northeastern,19–49 years old,HepA Complete,9.9%
"2,910",Waushara,2020,Northeastern,50 years and older,Zoster (Shingles) Complete,13.5%
"2,911",Waushara,2021,Northeastern,19–26 years old,HPV Complete,29.1%
"2,912",Waushara,2021,Northeastern,19–49 years old,HepA Complete,11.2%
"2,913",Waushara,2021,Northeastern,50 years and older,Zoster (Shingles) Complete,18.3%
"2,914",Waushara,2022,Northeastern,19–26 years old,HPV Complete,32.6%
"2,915",Waushara,2022,Northeastern,19–49 years old,HepA Complete,11.3%
"2,916",Waushara,2022,Northeastern,19–59 years old,HepB (1),47.5%
"2,917",Waushara,2022,Northeastern,19–59 years old,HepB Complete,40.5%
"2,918",Waushara,2022,Northeastern,50 years and older,Zoster (Shingles) Complete,22.9%
"2,919",Waushara,2023,Northeastern,19–26 years old,HPV Complete,46.6%
"2,920",Waushara,2023,Northeastern,19–49 years old,HepA Complete,16.1%
"2,921",Waushara,2023,Northeastern,19–59 years old,HepB (1),51.6%
"2,922",Waushara,2023,Northeastern,19–59 years old,HepB Complete,45.7%
"2,923",Waushara,2023,Northeastern,19–64 years old,Td or Tdap,64.4%
"2,924",Waushara,2023,Northeastern,19–64 years old,Tdap,53.9%
"2,925",Waushara,2023,Northeastern,50 years and older,Zoster (Shingles) Complete,29.3%
"2,926",Waushara,2024,Northeastern,19–26 years old,HPV Complete,49.4%
"2,927",Waushara,2024,Northeastern,19–49 years old,HepA Complete,18.5%
"2,928",Waushara,2024,Northeastern,19–59 years old,HepB (1),54.8%
"2,929",Waushara,2024,Northeastern,19–59 years old,HepB Complete,48.5%
"2,930",Waushara,2024,Northeastern,19–64 years old,Td or Tdap,64.5%
"2,931",Waushara,2024,Northeastern,19–64 years old,Tdap,54.5%
"2,932",Waushara,2024,Northeastern,50 years and older,Zoster (Shingles) Complete,33.4%
"2,933",Waushara,2025,Northeastern,19–26 years old,HPV Complete,51.5%
"2,934",Waushara,2025,Northeastern,19–49 years old,HepA Complete,21.2%
"2,935",Waushara,2025,Northeastern,19–59 years old,HepB (1),57.8%
"2,936",Waushara,2025,Northeastern,19–59 years old,HepB Complete,51.4%
"2,937",Waushara,2025,Northeastern,19–64 years old,Td or Tdap,64.8%
"2,938",Waushara,2025,Northeastern,19–64 years old,Tdap,54.9%
"2,939",Waushara,2025,Northeastern,50 years and older,Pneumo Complete,54.5%
"2,940",Waushara,2025,Northeastern,50 years and older,Zoster (Shingles) Complete,36.1%
"2,941",Winnebago,2014,Northeastern,19–26 years old,HPV Complete,21.4%
"2,942",Winnebago,2015,Northeastern,19–26 years old,HPV Complete,24.7%
"2,943",Winnebago,2016,Northeastern,19–26 years old,HPV Complete,28.3%
"2,944",Winnebago,2017,Northeastern,19–26 years old,HPV Complete,33.3%
"2,945",Winnebago,2018,Northeastern,19–26 years old,HPV Complete,38.7%
"2,946",Winnebago,2018,Northeastern,50 years and older,Zoster (Shingles) Complete,3.0%
"2,947",Winnebago,2019,Northeastern,19–26 years old,HPV Complete,41.9%
"2,948",Winnebago,2019,Northeastern,19–49 years old,HepA Complete,11.5%
"2,949",Winnebago,2019,Northeastern,50 years and older,Zoster (Shingles) Complete,9.5%
"2,950",Winnebago,2020,Northeastern,19–26 years old,HPV Complete,44.3%
"2,951",Winnebago,2020,Northeastern,19–49 years old,HepA Complete,13.1%
"2,952",Winnebago,2020,Northeastern,50 years and older,Zoster (Shingles) Complete,17.2%
"2,953",Winnebago,2021,Northeastern,19–26 years old,HPV Complete,47.4%
"2,954",Winnebago,2021,Northeastern,19–49 years old,HepA Complete,15.0%
"2,955",Winnebago,2021,Northeastern,50 years and older,Zoster (Shingles) Complete,22.9%
"2,956",Winnebago,2022,Northeastern,19–26 years old,HPV Complete,49.9%
"2,957",Winnebago,2022,Northeastern,19–49 years old,HepA Complete,15.4%
"2,958",Winnebago,2022,Northeastern,19–59 years old,HepB (1),50.4%
"2,959",Winnebago,2022,Northeastern,19–59 years old,HepB Complete,44.7%
"2,960",Winnebago,2022,Northeastern,50 years and older,Zoster (Shingles) Complete,26.5%
"2,961",Winnebago,2023,Northeastern,19–26 years old,HPV Complete,56.6%
"2,962",Winnebago,2023,Northeastern,19–49 years old,HepA Complete,19.9%
"2,963",Winnebago,2023,Northeastern,19–59 years old,HepB (1),55.3%
"2,964",Winnebago,2023,Northeastern,19–59 years old,HepB Complete,49.6%
"2,965",Winnebago,2023,Northeastern,19–64 years old,Td or Tdap,65.0%
"2,966",Winnebago,2023,Northeastern,19–64 years old,Tdap,57.6%
"2,967",Winnebago,2023,Northeastern,50 years and older,Zoster (Shingles) Complete,32.9%
"2,968",Winnebago,2024,Northeastern,19–26 years old,HPV Complete,58.6%
"2,969",Winnebago,2024,Northeastern,19–49 years old,HepA Complete,22.1%
"2,970",Winnebago,2024,Northeastern,19–59 years old,HepB (1),58.2%
"2,971",Winnebago,2024,Northeastern,19–59 years old,HepB Complete,52.0%
"2,972",Winnebago,2024,Northeastern,19–64 years old,Td or Tdap,65.4%
"2,973",Winnebago,2024,Northeastern,19–64 years old,Tdap,57.4%
"2,974",Winnebago,2024,Northeastern,50 years and older,Zoster (Shingles) Complete,36.9%
"2,975",Winnebago,2025,Northeastern,19–26 years old,HPV Complete,60.9%
"2,976",Winnebago,2025,Northeastern,19–49 years old,HepA Complete,24.8%
"2,977",Winnebago,2025,Northeastern,19–59 years old,HepB (1),61.2%
"2,978",Winnebago,2025,Northeastern,19–59 years old,HepB Complete,55.0%
"2,979",Winnebago,2025,Northeastern,19–64 years old,Td or Tdap,65.5%
"2,980",Winnebago,2025,Northeastern,19–64 years old,Tdap,57.5%
"2,981",Winnebago,2025,Northeastern,50 years and older,Pneumo Complete,50.9%
"2,982",Winnebago,2025,Northeastern,50 years and older,Zoster (Shingles) Complete,40.2%
"2,983",Wood,2014,Northern,19–26 years old,HPV Complete,21.9%
"2,984",Wood,2015,Northern,19–26 years old,HPV Complete,24.3%
"2,985",Wood,2016,Northern,19–26 years old,HPV Complete,27.7%
"2,986",Wood,2017,Northern,19–26 years old,HPV Complete,31.8%
"2,987",Wood,2018,Northern,19–26 years old,HPV Complete,35.2%
"2,988",Wood,2018,Northern,50 years and older,Zoster (Shingles) Complete,2.0%
"2,989",Wood,2019,Northern,19–26 years old,HPV Complete,38.8%
"2,990",Wood,2019,Northern,19–49 years old,HepA Complete,7.7%
"2,991",Wood,2019,Northern,50 years and older,Zoster (Shingles) Complete,6.1%
"2,992",Wood,2020,Northern,19–26 years old,HPV Complete,41.4%
"2,993",Wood,2020,Northern,19–49 years old,HepA Complete,8.9%
"2,994",Wood,2020,Northern,50 years and older,Zoster (Shingles) Complete,15.0%
"2,995",Wood,2021,Northern,19–26 years old,HPV Complete,45.6%
"2,996",Wood,2021,Northern,19–49 years old,HepA Complete,10.2%
"2,997",Wood,2021,Northern,50 years and older,Zoster (Shingles) Complete,22.9%
"2,998",Wood,2022,Northern,19–26 years old,HPV Complete,48.4%
"2,999",Wood,2022,Northern,19–49 years old,HepA Complete,10.4%
"3,000",Wood,2022,Northern,19–59 years old,HepB (1),53.9%
"3,001",Wood,2022,Northern,19–59 years old,HepB Complete,48.9%
"3,002",Wood,2022,Northern,50 years and older,Zoster (Shingles) Complete,27.8%
"3,003",Wood,2023,Northern,19–26 years old,HPV Complete,56.0%
"3,004",Wood,2023,Northern,19–49 years old,HepA Complete,14.3%
"3,005",Wood,2023,Northern,19–59 years old,HepB (1),57.8%
"3,006",Wood,2023,Northern,19–59 years old,HepB Complete,53.2%
"3,007",Wood,2023,Northern,19–64 years old,Td or Tdap,66.0%
"3,008",Wood,2023,Northern,19–64 years old,Tdap,50.8%
"3,009",Wood,2023,Northern,50 years and older,Zoster (Shingles) Complete,32.7%
"3,010",Wood,2024,Northern,19–26 years old,HPV Complete,57.8%
"3,011",Wood,2024,Northern,19–49 years old,HepA Complete,16.8%
"3,012",Wood,2024,Northern,19–59 years old,HepB (1),59.8%
"3,013",Wood,2024,Northern,19–59 years old,HepB Complete,55.0%
"3,014",Wood,2024,Northern,19–64 years old,Td or Tdap,66.5%
"3,015",Wood,2024,Northern,19–64 years old,Tdap,51.6%
"3,016",Wood,2024,Northern,50 years and older,Zoster (Shingles) Complete,37.4%
"3,017",Wood,2025,Northern,19–26 years old,HPV Complete,59.5%
"3,018",Wood,2025,Northern,19–49 years old,HepA Complete,19.4%
"3,019",Wood,2025,Northern,19–59 years old,HepB (1),61.5%
"3,020",Wood,2025,Northern,19–59 years old,HepB Complete,56.8%
"3,021",Wood,2025,Northern,19–64 years old,Td or Tdap,66.4%
"3,022",Wood,2025,Northern,19–64 years old,Tdap,52.1%
"3,023",Wood,2025,Northern,50 years and older,Pneumo Complete,50.4%
"3,024",Wood,2025,Northern,50 years and older,Zoster (Shingles) Complete,39.6%
