"REPORT_DATE","FIPS","LOCALITY_NAME","INDICATOR","SUB_INDICATOR","COVID_VACCINE_COUNT","COVID_19_PEOPLE_COUNT","FLU_VACCINE_COUNT","FLU_PEOPLE_COUNT","COVID_VACCINE_RATE","FLU_VACCINE_RATE","VACCINE_RESPIRATORY_SEASON"
"2026-04-13","51001","Accomack","Age_Group","0-4","0","0","0","0","0","0","2025-26"
"2024-09-10","51001","Accomack","Age_Group","0-4","45","44","840","629","2.6%","37.4%","2023-24"
"2025-10-07","51001","Accomack","Age_Group","0-4","7","5","399","323","0.003","0.192","2024-25"
"2026-04-13","51001","Accomack","Age_Group","12-17","0","0","0","0","0","0","2025-26"
"2025-10-07","51001","Accomack","Age_Group","12-17","16","16","215","213","0.007","0.093","2024-25"
"2024-09-10","51001","Accomack","Age_Group","12-17","91","89","590","578","3.9%","25.2%","2023-24"
"2026-04-13","51001","Accomack","Age_Group","18-30","0","0","0","0","0","0","2025-26"
"2024-09-10","51001","Accomack","Age_Group","18-30","135","130","754","728","3.0%","16.9%","2023-24"
"2025-10-07","51001","Accomack","Age_Group","18-30","67","65","418","415","0.015","0.096","2024-25"
"2026-04-13","51001","Accomack","Age_Group","31-49","0","0","0","0","0","0","2025-26"
"2025-10-07","51001","Accomack","Age_Group","31-49","164","159","796","789","0.025","0.122","2024-25"
"2024-09-10","51001","Accomack","Age_Group","31-49","348","337","1,355","1,306","5.2%","20.2%","2023-24"
"2026-04-13","51001","Accomack","Age_Group","50-64","0","0","0","0","0","0","2025-26"
"2025-10-07","51001","Accomack","Age_Group","50-64","494","464","1334","1310","0.065","0.185","2024-25"
"2024-09-10","51001","Accomack","Age_Group","50-64","998","970","2,272","2,196","13.7%","31.0%","2023-24"
"2026-04-13","51001","Accomack","Age_Group","5-11","0","0","0","0","0","0","2025-26"
"2024-09-10","51001","Accomack","Age_Group","5-11","58","58","595","586","2.3%","22.8%","2023-24"
"2025-10-07","51001","Accomack","Age_Group","5-11","8","8","279","274","0.003","0.107","2024-25"
"2026-04-13","51001","Accomack","Age_Group","65+","0","0","0","0","0","0","2025-26"
"2024-09-10","51001","Accomack","Age_Group","65+","2,929","2,722","4,899","4,576","31.2%","52.4%","2023-24"
"2025-10-07","51001","Accomack","Age_Group","65+","2019","1750","3368","3286","0.2","0.376","2024-25"
"2026-04-13","51001","Accomack","Race and Ethnicity","Asian or Pacific Islander","0","0","0","0","0","0","2025-26"
"2025-10-07","51001","Accomack","Race and Ethnicity","Asian or Pacific Islander","27","26","89","88","0.086","0.292","2024-25"
"2024-09-10","51001","Accomack","Race and Ethnicity","Asian or Pacific Islander","34","32","93","90","10.6%","29.9%","2023-24"
"2026-04-13","51001","Accomack","Race and Ethnicity","Black","0","0","0","0","0","0","2025-26"
"2024-09-10","51001","Accomack","Race and Ethnicity","Black","1,212","1,179","2,992","2,805","13.0%","30.9%","2023-24"
"2025-10-07","51001","Accomack","Race and Ethnicity","Black","504","467","1504","1454","0.051","0.16","2024-25"
"2026-04-13","51001","Accomack","Age_Group","Female","0","0","0","0","0","0","2025-26"
"2026-04-13","51001","Accomack","Race and Ethnicity","Female","0","0","0","0","0","0","2025-26"
"2025-10-07","51001","Accomack","Sex","Female","1568","1402","4034","3912","0","0","2024-25"
"2024-09-10","51001","Accomack","Sex","Female","2,533","2,414","6,572","6,192","14.3%","36.8%","2023-24"
"2026-04-13","51001","Accomack","Sex","Female","912","881","3388","3324","0","0","2025-26"
"2026-04-13","51001","Accomack","Race and Ethnicity","Latino","0","0","0","0","0","0","2025-26"
"2024-09-10","51001","Accomack","Race and Ethnicity","Latino","258","249","1,208","1,113","7.8%","35.1%","2023-24"
"2025-10-07","51001","Accomack","Race and Ethnicity","Latino","67","61","426","401","0.019","0.126","2024-25"
"2026-04-13","51001","Accomack","Age_Group","Male","0","0","0","0","0","0","2025-26"
"2026-04-13","51001","Accomack","Race and Ethnicity","Male","0","0","0","0","0","0","2025-26"
"2025-10-07","51001","Accomack","Sex","Male","1207","1065","2775","2698","0","0","2024-25"
"2024-09-10","51001","Accomack","Sex","Male","2,071","1,936","4,732","4,406","11.9%","27.0%","2023-24"
"2026-04-13","51001","Accomack","Sex","Male","719","684","2362","2304","0","0","2025-26"
"2026-04-13","51001","Accomack","Race and Ethnicity","Native American","0","0","0","0","0","0","2025-26"
"2025-10-07","51001","Accomack","Race and Ethnicity","Native American","21","19","33","33","0.221","0.384","2024-25"
"2024-09-10","51001","Accomack","Race and Ethnicity","Native American","22","20","48","46","23.3%","53.5%","2023-24"
"2024-09-10","51001","Accomack","Sex","Not Reported","0","0","1","1","","","2023-24"
"2026-04-13","51001","Accomack","Race and Ethnicity","Not Reported","0","0","0","0","0","0","2025-26"
"2026-04-13","51001","Accomack","Sex","Not Reported","0","0","0","0","0","0","2025-26"
"2025-10-07","51001","Accomack","Race and Ethnicity","Not Reported","17","16","73","70","0","0.002","2024-25"
"2024-09-10","51001","Accomack","Race and Ethnicity","Not Reported","48","48","193","187","","","2023-24"
"2026-04-13","51001","Accomack","Race and Ethnicity","Other Race","0","0","0","0","0","0","2025-26"
"2025-10-07","51001","Accomack","Race and Ethnicity","Other Race","6","6","21","21","0.011","0.038","2024-25"
"2024-09-10","51001","Accomack","Race and Ethnicity","Other Race","8","8","27","27","1.5%","4.9%","2023-24"
"2026-04-13","51001","Accomack","Age_Group","Unknown","0","0","0","0","0","0","2025-26"
"2026-04-13","51001","Accomack","Race and Ethnicity","Unknown","0","0","0","0","0","0","2025-26"
"2026-04-13","51001","Accomack","Sex","UNKNOWN","0","0","1","1","0","0","2025-26"
"2026-04-13","51001","Accomack","Race and Ethnicity","White","0","0","0","0","0","0","2025-26"
"2025-10-07","51001","Accomack","Race and Ethnicity","White","2133","1872","4663","4543","0.094","0.228","2024-25"
"2024-09-10","51001","Accomack","Race and Ethnicity","White","3,022","2,814","6,744","6,331","14.1%","31.7%","2023-24"
"2026-04-13","51003","Albemarle","Age_Group","0-4","0","0","0","0","0","0","2025-26"
"2024-09-10","51003","Albemarle","Age_Group","0-4","1,734","1,328","4,344","3,460","24.4%","63.5%","2023-24"
"2025-10-07","51003","Albemarle","Age_Group","0-4","948","770","4090","3307","0.141","0.607","2024-25"
"2026-04-13","51003","Albemarle","Age_Group","12-17","0","0","0","0","0","0","2025-26"
"2024-09-10","51003","Albemarle","Age_Group","12-17","1,370","1,331","3,328","3,243","13.9%","33.8%","2023-24"
"2025-10-07","51003","Albemarle","Age_Group","12-17","1354","1337","3197","3174","0.139","0.331","2024-25"
"2026-04-13","51003","Albemarle","Age_Group","18-30","0","0","0","0","0","0","2025-26"
"2024-09-10","51003","Albemarle","Age_Group","18-30","2,082","2,016","5,294","5,121","10.1%","25.6%","2023-24"
"2025-10-07","51003","Albemarle","Age_Group","18-30","2116","2075","5040","4991","0.104","0.25","2024-25"
"2026-04-13","51003","Albemarle","Age_Group","31-49","0","0","0","0","0","0","2025-26"
"2024-09-10","51003","Albemarle","Age_Group","31-49","5,130","4,927","9,975","9,548","18.9%","36.5%","2023-24"
"2025-10-07","51003","Albemarle","Age_Group","31-49","5214","5082","9271","9203","0.194","0.352","2024-25"
"2026-04-13","51003","Albemarle","Age_Group","50-64","0","0","0","0","0","0","2025-26"
"2025-10-07","51003","Albemarle","Age_Group","50-64","5659","5446","8577","8503","0.263","0.411","2024-25"
"2024-09-10","51003","Albemarle","Age_Group","50-64","6,282","5,800","9,868","9,312","28.0%","45.0%","2023-24"
"2026-04-13","51003","Albemarle","Age_Group","5-11","0","0","0","0","0","0","2025-26"
"2024-09-10","51003","Albemarle","Age_Group","5-11","1,743","1,726","4,673","4,563","19.8%","52.2%","2023-24"
"2025-10-07","51003","Albemarle","Age_Group","5-11","1810","1794","4477","4434","0.205","0.508","2024-25"
"2026-04-13","51003","Albemarle","Age_Group","65+","0","0","0","0","0","0","2025-26"
"2025-10-07","51003","Albemarle","Age_Group","65+","15643","12501","16560","16239","0.524","0.681","2024-25"
"2024-09-10","51003","Albemarle","Age_Group","65+","16,015","12,213","18,732","16,954","51.2%","71.1%","2023-24"
"2026-04-13","51003","Albemarle","Race and Ethnicity","Asian or Pacific Islander","0","0","0","0","0","0","2025-26"
"2024-09-10","51003","Albemarle","Race and Ethnicity","Asian or Pacific Islander","1,725","1,569","3,347","3,120","23.6%","46.8%","2023-24"
"2025-10-07","51003","Albemarle","Race and Ethnicity","Asian or Pacific Islander","1688","1586","3280","3204","0.238","0.481","2024-25"
"2026-04-13","51003","Albemarle","Race and Ethnicity","Black","0","0","0","0","0","0","2025-26"
"2024-09-10","51003","Albemarle","Race and Ethnicity","Black","1,968","1,806","4,204","3,943","16.9%","36.8%","2023-24"
"2025-10-07","51003","Albemarle","Race and Ethnicity","Black","2022","1874","3839","3739","0.175","0.349","2024-25"
"2026-04-13","51003","Albemarle","Age_Group","Female","0","0","0","0","0","0","2025-26"
"2026-04-13","51003","Albemarle","Race and Ethnicity","Female","0","0","0","0","0","0","2025-26"
"2026-04-13","51003","Albemarle","Sex","Female","11495","10824","24707","23998","0","0","2025-26"
"2025-10-07","51003","Albemarle","Sex","Female","18360","16256","28731","28025","0","0","2024-25"
"2024-09-10","51003","Albemarle","Sex","Female","19,275","16,476","31,533","29,317","27.7%","49.3%","2023-24"
"2026-04-13","51003","Albemarle","Race and Ethnicity","Latino","0","0","0","0","0","0","2025-26"
"2024-09-10","51003","Albemarle","Race and Ethnicity","Latino","1,372","1,243","3,016","2,833","18.1%","41.2%","2023-24"
"2025-10-07","51003","Albemarle","Race and Ethnicity","Latino","1203","1149","3005","2854","0.167","0.415","2024-25"
"2026-04-13","51003","Albemarle","Age_Group","Male","0","0","0","0","0","0","2025-26"
"2026-04-13","51003","Albemarle","Race and Ethnicity","Male","0","0","0","0","0","0","2025-26"
"2025-10-07","51003","Albemarle","Sex","Male","14378","12744","22420","21765","0","0","2024-25"
"2024-09-10","51003","Albemarle","Sex","Male","15,077","12,861","24,552","22,756","23.4%","41.3%","2023-24"
"2026-04-13","51003","Albemarle","Sex","Male","8889","8370","19202","18556","0","0","2025-26"
"2026-04-13","51003","Albemarle","Race and Ethnicity","Native American","0","0","0","0","0","0","2025-26"
"2024-09-10","51003","Albemarle","Race and Ethnicity","Native American","225","187","341","316","91.7%","154.9%","2023-24"
"2025-10-07","51003","Albemarle","Race and Ethnicity","Native American","326","294","503","497","1.441","2.436","2024-25"
"2026-04-13","51003","Albemarle","Race and Ethnicity","Not Reported","0","0","0","0","0","0","2025-26"
"2026-04-13","51003","Albemarle","Sex","Not Reported","0","0","0","0","0","0","2025-26"
"2024-09-10","51003","Albemarle","Sex","Not Reported","4","4","129","128","","","2023-24"
"2025-10-07","51003","Albemarle","Race and Ethnicity","Not Reported","450","397","1648","1534","0.003","0.013","2024-25"
"2024-09-10","51003","Albemarle","Race and Ethnicity","Not Reported","456","401","1,977","1,780","","","2023-24"
"2026-04-13","51003","Albemarle","Race and Ethnicity","Other Race","0","0","0","0","0","0","2025-26"
"2024-09-10","51003","Albemarle","Race and Ethnicity","Other Race","350","301","884","809","10.2%","27.3%","2023-24"
"2025-10-07","51003","Albemarle","Race and Ethnicity","Other Race","372","346","927","872","0.117","0.294","2024-25"
"2026-04-13","51003","Albemarle","Age_Group","Unknown","0","0","0","0","0","0","2025-26"
"2026-04-13","51003","Albemarle","Race and Ethnicity","Unknown","0","0","0","0","0","0","2025-26"
"2026-04-13","51003","Albemarle","Sex","UNKNOWN","5","5","76","75","0","0","2025-26"
"2025-10-07","51003","Albemarle","Sex","UNKNOWN","6","5","61","61","0","0","2024-25"
"2026-04-13","51003","Albemarle","Race and Ethnicity","White","0","0","0","0","0","0","2025-26"
"2025-10-07","51003","Albemarle","Race and Ethnicity","White","26683","23359","38010","37151","0.268","0.427","2024-25"
"2024-09-10","51003","Albemarle","Race and Ethnicity","White","28,260","23,834","42,445","39,400","27.4%","45.3%","2023-24"
"2026-04-13","51005","Alleghany","Age_Group","0-4","0","0","0","0","0","0","2025-26"
"2025-10-07","51005","Alleghany","Age_Group","0-4","1","1","111","85","0.002","0.133","2024-25"
"2024-09-10","51005","Alleghany","Age_Group","0-4","3","3","103","86","0.5%","13.4%","2023-24"
"2026-04-13","51005","Alleghany","Age_Group","12-17","0","0","0","0","0","0","2025-26"
"2025-10-07","51005","Alleghany","Age_Group","12-17","10","10","78","78","0.011","0.082","2024-25"
"2024-09-10","51005","Alleghany","Age_Group","12-17","11","11","84","84","1.2%","8.9%","2023-24"
"2026-04-13","51005","Alleghany","Age_Group","18-30","0","0","0","0","0","0","2025-26"
"2025-10-07","51005","Alleghany","Age_Group","18-30","36","36","181","181","0.018","0.088","2024-25"
"2024-09-10","51005","Alleghany","Age_Group","18-30","48","44","250","241","2.2%","11.8%","2023-24"
"2026-04-13","51005","Alleghany","Age_Group","31-49","0","0","0","0","0","0","2025-26"
"2025-10-07","51005","Alleghany","Age_Group","31-49","86","85","325","324","0.03","0.114","2024-25"
"2024-09-10","51005","Alleghany","Age_Group","31-49","87","81","444","414","2.9%","14.6%","2023-24"
"2026-04-13","51005","Alleghany","Age_Group","50-64","0","0","0","0","0","0","2025-26"
"2025-10-07","51005","Alleghany","Age_Group","50-64","292","279","756","751","0.083","0.224","2024-25"
"2024-09-10","51005","Alleghany","Age_Group","50-64","303","263","1,038","953","7.9%","28.4%","2023-24"
"2026-04-13","51005","Alleghany","Age_Group","5-11","0","0","0","0","0","0","2025-26"
"2024-09-10","51005","Alleghany","Age_Group","5-11","2","2","86","86","0.2%","8.3%","2023-24"
"2025-10-07","51005","Alleghany","Age_Group","5-11","6","6","78","78","0.006","0.076","2024-25"
"2026-04-13","51005","Alleghany","Age_Group","65+","0","0","0","0","0","0","2025-26"
"2024-09-10","51005","Alleghany","Age_Group","65+","1,009","870","2,402","2,177","22.2%","55.6%","2023-24"
"2025-10-07","51005","Alleghany","Age_Group","65+","1031","929","2010","1993","0.237","0.509","2024-25"
"2026-04-13","51005","Alleghany","Race and Ethnicity","Asian or Pacific Islander","0","0","0","0","0","0","2025-26"
"2024-09-10","51005","Alleghany","Race and Ethnicity","Asian or Pacific Islander","12","11","28","27","30.6%","75.0%","2023-24"
"2025-10-07","51005","Alleghany","Race and Ethnicity","Asian or Pacific Islander","9","9","26","25","0.25","0.694","2024-25"
"2026-04-13","51005","Alleghany","Race and Ethnicity","Black","0","0","0","0","0","0","2025-26"
"2025-10-07","51005","Alleghany","Race and Ethnicity","Black","115","106","183","179","0.159","0.268","2024-25"
"2024-09-10","51005","Alleghany","Race and Ethnicity","Black","117","95","257","225","14.2%","33.7%","2023-24"
"2026-04-13","51005","Alleghany","Age_Group","Female","0","0","0","0","0","0","2025-26"
"2026-04-13","51005","Alleghany","Race and Ethnicity","Female","0","0","0","0","0","0","2025-26"
"2026-04-13","51005","Alleghany","Sex","Female","403","392","1612","1582","0","0","2025-26"
"2024-09-10","51005","Alleghany","Sex","Female","771","677","2,473","2,278","9.0%","30.3%","2023-24"
"2025-10-07","51005","Alleghany","Sex","Female","780","716","1991","1965","0","0","2024-25"
"2026-04-13","51005","Alleghany","Race and Ethnicity","Latino","0","0","0","0","0","0","2025-26"
"2024-09-10","51005","Alleghany","Race and Ethnicity","Latino","13","12","51","46","5.0%","19.3%","2023-24"
"2025-10-07","51005","Alleghany","Race and Ethnicity","Latino","8","8","30","29","0.034","0.122","2024-25"
"2026-04-13","51005","Alleghany","Age_Group","Male","0","0","0","0","0","0","2025-26"
"2026-04-13","51005","Alleghany","Race and Ethnicity","Male","0","0","0","0","0","0","2025-26"
"2026-04-13","51005","Alleghany","Sex","Male","351","343","1206","1195","0","0","2025-26"
"2025-10-07","51005","Alleghany","Sex","Male","682","630","1547","1524","0","0","2024-25"
"2024-09-10","51005","Alleghany","Sex","Male","692","597","1,929","1,758","8.2%","24.2%","2023-24"
"2026-04-13","51005","Alleghany","Race and Ethnicity","Native American","0","0","0","0","0","0","2025-26"
"2025-10-07","51005","Alleghany","Race and Ethnicity","Native American","14","13","27","27","0.481","1","2024-25"
"2024-09-10","51005","Alleghany","Race and Ethnicity","Native American","17","11","28","25","40.7%","92.6%","2023-24"
"2024-09-10","51005","Alleghany","Sex","Not Reported","0","0","5","5","","","2023-24"
"2026-04-13","51005","Alleghany","Race and Ethnicity","Not Reported","0","0","0","0","0","0","2025-26"
"2026-04-13","51005","Alleghany","Sex","Not Reported","0","0","0","0","0","0","2025-26"
"2025-10-07","51005","Alleghany","Race and Ethnicity","Not Reported","14","13","138","124","0.001","0.008","2024-25"
"2024-09-10","51005","Alleghany","Race and Ethnicity","Not Reported","14","14","163","150","","","2023-24"
"2026-04-13","51005","Alleghany","Race and Ethnicity","Other Race","0","0","0","0","0","0","2025-26"
"2024-09-10","51005","Alleghany","Race and Ethnicity","Other Race","1","1","23","21","0.4%","7.4%","2023-24"
"2025-10-07","51005","Alleghany","Race and Ethnicity","Other Race","8","6","16","16","0.021","0.057","2024-25"
"2026-04-13","51005","Alleghany","Age_Group","Unknown","0","0","0","0","0","0","2025-26"
"2026-04-13","51005","Alleghany","Race and Ethnicity","Unknown","0","0","0","0","0","0","2025-26"
"2026-04-13","51005","Alleghany","Sex","Unknown","0","0","0","0","0","0","2025-26"
"2025-10-07","51005","Alleghany","Sex","UNKNOWN","0","0","1","1","0","0","2024-25"
"2026-04-13","51005","Alleghany","Race and Ethnicity","White","0","0","0","0","0","0","2025-26"
"2024-09-10","51005","Alleghany","Race and Ethnicity","White","1,289","1,130","3,857","3,547","8.4%","26.2%","2023-24"
"2025-10-07","51005","Alleghany","Race and Ethnicity","White","1294","1191","3119","3090","0.088","0.229","2024-25"
"2026-04-13","51007","Amelia","Age_Group","0-4","0","0","0","0","0","0","2025-26"
"2024-09-10","51007","Amelia","Age_Group","0-4","10","8","267","204","1.0%","26.2%","2023-24"
"2025-10-07","51007","Amelia","Age_Group","0-4","6","3","187","149","0.004","0.191","2024-25"
"2026-04-13","51007","Amelia","Age_Group","12-17","0","0","0","0","0","0","2025-26"
"2024-09-10","51007","Amelia","Age_Group","12-17","12","12","119","119","1.3%","13.1%","2023-24"
"2025-10-07","51007","Amelia","Age_Group","12-17","6","6","91","89","0.007","0.098","2024-25"
"2026-04-13","51007","Amelia","Age_Group","18-30","0","0","0","0","0","0","2025-26"
"2025-10-07","51007","Amelia","Age_Group","18-30","31","31","161","159","0.017","0.085","2024-25"
"2024-09-10","51007","Amelia","Age_Group","18-30","45","43","221","215","2.3%","11.5%","2023-24"
"2026-04-13","51007","Amelia","Age_Group","31-49","0","0","0","0","0","0","2025-26"
"2025-10-07","51007","Amelia","Age_Group","31-49","80","77","312","310","0.027","0.107","2024-25"
"2024-09-10","51007","Amelia","Age_Group","31-49","84","83","366","356","2.9%","12.3%","2023-24"
"2026-04-13","51007","Amelia","Age_Group","50-64","0","0","0","0","0","0","2025-26"
"2025-10-07","51007","Amelia","Age_Group","50-64","251","248","660","653","0.082","0.216","2024-25"
"2024-09-10","51007","Amelia","Age_Group","50-64","291","280","787","756","9.2%","25.0%","2023-24"
"2026-04-13","51007","Amelia","Age_Group","5-11","0","0","0","0","0","0","2025-26"
"2025-10-07","51007","Amelia","Age_Group","5-11","11","10","119","119","0.01","0.114","2024-25"
"2024-09-10","51007","Amelia","Age_Group","5-11","17","15","159","155","1.4%","14.9%","2023-24"
"2026-04-13","51007","Amelia","Age_Group","65+","0","0","0","0","0","0","2025-26"
"2024-09-10","51007","Amelia","Age_Group","65+","681","630","1,626","1,518","22.1%","53.2%","2023-24"
"2025-10-07","51007","Amelia","Age_Group","65+","729","699","1474","1460","0.245","0.511","2024-25"
"2026-04-13","51007","Amelia","Race and Ethnicity","Asian or Pacific Islander","0","0","0","0","0","0","2025-26"
"2025-10-07","51007","Amelia","Race and Ethnicity","Asian or Pacific Islander","12","11","30","30","0.239","0.652","2024-25"
"2024-09-10","51007","Amelia","Race and Ethnicity","Asian or Pacific Islander","5","5","20","20","10.9%","43.5%","2023-24"
"2026-04-13","51007","Amelia","Race and Ethnicity","Black","0","0","0","0","0","0","2025-26"
"2025-10-07","51007","Amelia","Race and Ethnicity","Black","387","380","747","733","0.148","0.286","2024-25"
"2024-09-10","51007","Amelia","Race and Ethnicity","Black","406","396","934","880","15.5%","34.3%","2023-24"
"2026-04-13","51007","Amelia","Age_Group","Female","0","0","0","0","0","0","2025-26"
"2026-04-13","51007","Amelia","Race and Ethnicity","Female","0","0","0","0","0","0","2025-26"
"2026-04-13","51007","Amelia","Sex","Female","364","357","1461","1442","0","0","2025-26"
"2025-10-07","51007","Amelia","Sex","Female","619","598","1748","1716","0","0","2024-25"
"2024-09-10","51007","Amelia","Sex","Female","687","646","2,070","1,946","9.6%","29.0%","2023-24"
"2026-04-13","51007","Amelia","Race and Ethnicity","Latino","0","0","0","0","0","0","2025-26"
"2024-09-10","51007","Amelia","Race and Ethnicity","Latino","27","25","136","123","5.3%","25.9%","2023-24"
"2025-10-07","51007","Amelia","Race and Ethnicity","Latino","31","30","110","106","0.063","0.224","2024-25"
"2026-04-13","51007","Amelia","Age_Group","Male","0","0","0","0","0","0","2025-26"
"2026-04-13","51007","Amelia","Race and Ethnicity","Male","0","0","0","0","0","0","2025-26"
"2026-04-13","51007","Amelia","Sex","Male","262","256","1032","1010","0","0","2025-26"
"2024-09-10","51007","Amelia","Sex","Male","453","425","1,474","1,376","6.4%","20.6%","2023-24"
"2025-10-07","51007","Amelia","Sex","Male","495","476","1256","1223","0","0","2024-25"
"2026-04-13","51007","Amelia","Race and Ethnicity","Native American","0","0","0","0","0","0","2025-26"
"2025-10-07","51007","Amelia","Race and Ethnicity","Native American","19","19","34","33","0.633","1.1","2024-25"
"2024-09-10","51007","Amelia","Race and Ethnicity","Native American","8","8","29","27","26.7%","90.0%","2023-24"
"2024-09-10","51007","Amelia","Sex","Not Reported","0","0","1","1","","","2023-24"
"2026-04-13","51007","Amelia","Race and Ethnicity","Not Reported","0","0","0","0","0","0","2025-26"
"2026-04-13","51007","Amelia","Sex","Not Reported","0","0","0","0","0","0","2025-26"
"2024-09-10","51007","Amelia","Race and Ethnicity","Not Reported","13","12","116","102","","","2023-24"
"2025-10-07","51007","Amelia","Race and Ethnicity","Not Reported","3","2","65","55","0","0.004","2024-25"
"2026-04-13","51007","Amelia","Race and Ethnicity","Other Race","0","0","0","0","0","0","2025-26"
"2024-09-10","51007","Amelia","Race and Ethnicity","Other Race","2","2","25","23","0.7%","8.6%","2023-24"
"2025-10-07","51007","Amelia","Race and Ethnicity","Other Race","3","3","16","14","0.011","0.052","2024-25"
"2026-04-13","51007","Amelia","Age_Group","Unknown","0","0","0","0","0","0","2025-26"
"2026-04-13","51007","Amelia","Race and Ethnicity","Unknown","0","0","0","0","0","0","2025-26"
"2026-04-13","51007","Amelia","Sex","UNKNOWN","0","0","1","1","0","0","2025-26"
"2026-04-13","51007","Amelia","Race and Ethnicity","White","0","0","0","0","0","0","2025-26"
"2025-10-07","51007","Amelia","Race and Ethnicity","White","659","629","2002","1968","0.063","0.197","2024-25"
"2024-09-10","51007","Amelia","Race and Ethnicity","White","679","623","2,285","2,148","6.2%","21.5%","2023-24"
"2026-04-13","51009","Amherst","Age_Group","0-4","0","0","0","0","0","0","2025-26"
"2024-09-10","51009","Amherst","Age_Group","0-4","12","9","384","309","0.6%","19.0%","2023-24"
"2025-10-07","51009","Amherst","Age_Group","0-4","4","3","371","290","0.002","0.178","2024-25"
"2026-04-13","51009","Amherst","Age_Group","12-17","0","0","0","0","0","0","2025-26"
"2025-10-07","51009","Amherst","Age_Group","12-17","37","36","287","286","0.016","0.131","2024-25"
"2024-09-10","51009","Amherst","Age_Group","12-17","39","33","307","299","1.5%","13.7%","2023-24"
"2026-04-13","51009","Amherst","Age_Group","18-30","0","0","0","0","0","0","2025-26"
"2025-10-07","51009","Amherst","Age_Group","18-30","77","76","546","543","0.016","0.111","2024-25"
"2024-09-10","51009","Amherst","Age_Group","18-30","84","82","571","552","1.7%","11.3%","2023-24"
"2026-04-13","51009","Amherst","Age_Group","31-49","0","0","0","0","0","0","2025-26"
"2025-10-07","51009","Amherst","Age_Group","31-49","187","185","1080","1075","0.028","0.162","2024-25"
"2024-09-10","51009","Amherst","Age_Group","31-49","238","220","1,143","1,099","3.3%","16.6%","2023-24"
"2026-04-13","51009","Amherst","Age_Group","50-64","0","0","0","0","0","0","2025-26"
"2025-10-07","51009","Amherst","Age_Group","50-64","473","459","1748","1737","0.068","0.258","2024-25"
"2024-09-10","51009","Amherst","Age_Group","50-64","605","568","2,040","1,965","8.4%","29.2%","2023-24"
"2026-04-13","51009","Amherst","Age_Group","5-11","0","0","0","0","0","0","2025-26"
"2024-09-10","51009","Amherst","Age_Group","5-11","19","18","365","359","0.7%","14.9%","2023-24"
"2025-10-07","51009","Amherst","Age_Group","5-11","27","27","340","340","0.011","0.141","2024-25"
"2026-04-13","51009","Amherst","Age_Group","65+","0","0","0","0","0","0","2025-26"
"2024-09-10","51009","Amherst","Age_Group","65+","1,899","1,689","4,351","4,069","23.9%","57.5%","2023-24"
"2024-09-10","51017","Bath","Race and Ethnicity","Native American","1","1","4","4","","","2023-24"
"2025-10-07","51017","Bath","Race and Ethnicity","Native American","1","1","4","4","0","0","2024-25"
"2026-04-13","51017","Bath","Race and Ethnicity","Not Reported","0","0","0","0","0","0","2025-26"
"2026-04-13","51017","Bath","Sex","Not Reported","0","0","0","0","0","0","2025-26"
"2024-09-10","51017","Bath","Race and Ethnicity","Not Reported","1","1","28","28","","","2023-24"
"2025-10-07","51017","Bath","Race and Ethnicity","Not Reported","2","2","20","18","0.001","0.005","2024-25"
"2026-04-13","51017","Bath","Race and Ethnicity","Other Race","0","0","0","0","0","0","2025-26"
"2025-10-07","51017","Bath","Race and Ethnicity","Other Race","1","1","3","3","0.022","0.067","2024-25"
"2026-04-13","51017","Bath","Age_Group","Unknown","0","0","0","0","0","0","2025-26"
"2026-04-13","51017","Bath","Race and Ethnicity","Unknown","0","0","0","0","0","0","2025-26"
"2025-10-07","51009","Amherst","Age_Group","65+","1603","1517","3753","3730","0.214","0.527","2024-25"
"2025-10-07","51017","Bath","Sex","UNKNOWN","0","0","1","1","0","0","2024-25"
"2026-04-13","51017","Bath","Sex","Unknown","0","0","1","1","0","0","2025-26"
"2026-04-13","51009","Amherst","Race and Ethnicity","Asian or Pacific Islander","0","0","0","0","0","0","2025-26"
"2026-04-13","51017","Bath","Race and Ethnicity","White","0","0","0","0","0","0","2025-26"
"2024-09-10","51009","Amherst","Race and Ethnicity","Asian or Pacific Islander","25","24","67","63","12.2%","32.0%","2023-24"
"2024-09-10","51017","Bath","Race and Ethnicity","White","279","263","918","867","7.1%","23.3%","2023-24"
"2025-10-07","51009","Amherst","Race and Ethnicity","Asian or Pacific Islander","34","32","71","70","0.162","0.355","2024-25"
"2025-10-07","51017","Bath","Race and Ethnicity","White","281","259","685","674","0.07","0.181","2024-25"
"2026-04-13","51009","Amherst","Race and Ethnicity","Black","0","0","0","0","0","0","2025-26"
"2025-10-07","51009","Amherst","Race and Ethnicity","Black","554","537","1502","1482","0.094","0.259","2024-25"
"2026-04-13","51019","Bedford","Age_Group","0-4","0","0","0","0","0","0","2025-26"
"2024-09-10","51009","Amherst","Race and Ethnicity","Black","636","591","1,791","1,674","10.3%","29.2%","2023-24"
"2025-10-07","51019","Bedford","Age_Group","0-4","11","8","1182","930","0.002","0.261","2024-25"
"2024-09-10","51019","Bedford","Age_Group","0-4","15","14","1,085","868","0.4%","24.4%","2023-24"
"2026-04-13","51009","Amherst","Age_Group","Female","0","0","0","0","0","0","2025-26"
"2026-04-13","51019","Bedford","Age_Group","12-17","0","0","0","0","0","0","2025-26"
"2026-04-13","51009","Amherst","Race and Ethnicity","Female","0","0","0","0","0","0","2025-26"
"2024-09-10","51019","Bedford","Age_Group","12-17","107","106","799","781","1.9%","14.1%","2023-24"
"2024-09-10","51009","Amherst","Sex","Female","1,666","1,503","5,503","5,189","9.2%","31.6%","2023-24"
"2025-10-07","51019","Bedford","Age_Group","12-17","94","94","799","792","0.017","0.143","2024-25"
"2026-04-13","51019","Bedford","Age_Group","18-30","0","0","0","0","0","0","2025-26"
"2025-10-07","51009","Amherst","Sex","Female","1325","1265","4849","4782","0","0","2024-25"
"2025-10-07","51019","Bedford","Age_Group","18-30","227","222","1486","1477","0.02","0.131","2024-25"
"2026-04-13","51009","Amherst","Sex","Female","712","695","4248","4190","0","0","2025-26"
"2024-09-10","51019","Bedford","Age_Group","18-30","284","278","1,675","1,631","2.5%","14.5%","2023-24"
"2026-04-13","51009","Amherst","Race and Ethnicity","Latino","0","0","0","0","0","0","2025-26"
"2026-04-13","51019","Bedford","Age_Group","31-49","0","0","0","0","0","0","2025-26"
"2025-10-07","51009","Amherst","Race and Ethnicity","Latino","36","36","152","145","0.04","0.16","2024-25"
"2025-10-07","51019","Bedford","Age_Group","31-49","511","504","2824","2811","0.03","0.168","2024-25"
"2024-09-10","51009","Amherst","Race and Ethnicity","Latino","62","55","185","174","6.1%","19.2%","2023-24"
"2024-09-10","51019","Bedford","Age_Group","31-49","603","575","3,060","2,954","3.4%","17.7%","2023-24"
"2026-04-13","51009","Amherst","Age_Group","Male","0","0","0","0","0","0","2025-26"
"2026-04-13","51019","Bedford","Age_Group","50-64","0","0","0","0","0","0","2025-26"
"2026-04-13","51009","Amherst","Race and Ethnicity","Male","0","0","0","0","0","0","2025-26"
"2024-09-10","51019","Bedford","Age_Group","50-64","1,665","1,562","5,481","5,231","8.3%","27.9%","2023-24"
"2024-09-10","51009","Amherst","Sex","Male","1,230","1,116","3,658","3,463","7.4%","22.9%","2023-24"
"2025-10-07","51019","Bedford","Age_Group","50-64","1334","1304","4685","4656","0.07","0.248","2024-25"
"2025-10-07","51009","Amherst","Sex","Male","1083","1038","3274","3217","0","0","2024-25"
"2026-04-13","51019","Bedford","Age_Group","5-11","0","0","0","0","0","0","2025-26"
"2026-04-13","51009","Amherst","Sex","Male","552","545","2843","2797","0","0","2025-26"
"2025-10-07","51019","Bedford","Age_Group","5-11","44","44","959","950","0.007","0.155","2024-25"
"2026-04-13","51009","Amherst","Race and Ethnicity","Native American","0","0","0","0","0","0","2025-26"
"2024-09-10","51019","Bedford","Age_Group","5-11","60","59","942","931","1.0%","15.2%","2023-24"
"2025-10-07","51009","Amherst","Race and Ethnicity","Native American","54","52","134","134","0.214","0.551","2024-25"
"2026-04-13","51019","Bedford","Age_Group","65+","0","0","0","0","0","0","2025-26"
"2024-09-10","51009","Amherst","Race and Ethnicity","Native American","61","50","122","114","20.6%","46.9%","2023-24"
"2024-09-10","51019","Bedford","Age_Group","65+","5,550","4,818","11,709","10,957","25.6%","58.2%","2023-24"
"2026-04-13","51009","Amherst","Race and Ethnicity","Not Reported","0","0","0","0","0","0","2025-26"
"2025-10-07","51019","Bedford","Age_Group","65+","5072","4629","10484","10418","0.246","0.553","2024-25"
"2026-04-13","51009","Amherst","Sex","Not Reported","0","0","0","0","0","0","2025-26"
"2026-04-13","51019","Bedford","Race and Ethnicity","Asian or Pacific Islander","0","0","0","0","0","0","2025-26"
"2025-10-07","51009","Amherst","Race and Ethnicity","Not Reported","4","4","318","287","0","0.009","2024-25"
"2025-10-07","51019","Bedford","Race and Ethnicity","Asian or Pacific Islander","103","99","398","391","0.088","0.348","2024-25"
"2024-09-10","51009","Amherst","Race and Ethnicity","Not Reported","5","4","405","371","","","2023-24"
"2024-09-10","51019","Bedford","Race and Ethnicity","Asian or Pacific Islander","116","110","392","372","9.8%","33.1%","2023-24"
"2026-04-13","51009","Amherst","Race and Ethnicity","Other Race","0","0","0","0","0","0","2025-26"
"2026-04-13","51019","Bedford","Race and Ethnicity","Black","0","0","0","0","0","0","2025-26"
"2025-10-07","51009","Amherst","Race and Ethnicity","Other Race","11","11","25","24","0.013","0.028","2024-25"
"2025-10-07","51019","Bedford","Race and Ethnicity","Black","547","515","1369","1350","0.092","0.242","2024-25"
"2024-09-10","51009","Amherst","Race and Ethnicity","Other Race","16","14","33","32","1.6%","3.7%","2023-24"
"2024-09-10","51019","Bedford","Race and Ethnicity","Black","617","573","1,581","1,505","10.3%","27.0%","2023-24"
"2026-04-13","51009","Amherst","Age_Group","Unknown","0","0","0","0","0","0","2025-26"
"2026-04-13","51019","Bedford","Age_Group","Female","0","0","0","0","0","0","2025-26"
"2026-04-13","51009","Amherst","Race and Ethnicity","Unknown","0","0","0","0","0","0","2025-26"
"2026-04-13","51019","Bedford","Race and Ethnicity","Female","0","0","0","0","0","0","2025-26"
"2025-10-07","51009","Amherst","Sex","UNKNOWN","0","0","2","2","0","0","2024-25"
"2026-04-13","51019","Bedford","Sex","Female","2183","2126","11044","10915","0","0","2025-26"
"2026-04-13","51009","Amherst","Sex","UNKNOWN","0","0","4","4","0","0","2025-26"
"2025-10-07","51019","Bedford","Sex","Female","3883","3622","12735","12529","0","0","2024-25"
"2026-04-13","51009","Amherst","Race and Ethnicity","White","0","0","0","0","0","0","2025-26"
"2024-09-10","51019","Bedford","Sex","Female","4,652","4,164","14,101","13,328","10.3%","32.8%","2023-24"
"2026-04-13","51019","Bedford","Race and Ethnicity","Latino","0","0","0","0","0","0","2025-26"
"2025-10-07","51009","Amherst","Race and Ethnicity","White","1715","1631","5923","5859","0.069","0.248","2024-25"
"2024-09-10","51019","Bedford","Race and Ethnicity","Latino","163","149","512","476","6.9%","21.9%","2023-24"
"2024-09-10","51009","Amherst","Race and Ethnicity","White","2,091","1,881","6,558","6,224","8.0%","26.3%","2023-24"
"2025-10-07","51019","Bedford","Race and Ethnicity","Latino","181","167","546","536","0.077","0.246","2024-25"
"2026-04-13","51011","Appomattox","Age_Group","0-4","0","0","0","0","0","0","2025-26"
"2026-04-13","51019","Bedford","Age_Group","Male","0","0","0","0","0","0","2025-26"
"2025-10-07","51011","Appomattox","Age_Group","0-4","0","0","205","169","0","0.16","2024-25"
"2026-04-13","51019","Bedford","Race and Ethnicity","Male","0","0","0","0","0","0","2025-26"
"2024-09-10","51011","Appomattox","Age_Group","0-4","2","2","294","234","0.2%","22.2%","2023-24"
"2026-04-13","51019","Bedford","Sex","Male","1895","1854","8375","8247","0","0","2025-26"
"2026-04-13","51011","Appomattox","Age_Group","12-17","0","0","0","0","0","0","2025-26"
"2024-09-10","51019","Bedford","Sex","Male","3,632","3,248","10,645","10,021","8.1%","25.0%","2023-24"
"2025-10-07","51011","Appomattox","Age_Group","12-17","10","10","106","105","0.009","0.094","2024-25"
"2025-10-07","51019","Bedford","Sex","Male","3410","3183","9676","9497","0","0","2024-25"
"2024-09-10","51011","Appomattox","Age_Group","12-17","17","16","141","136","1.4%","12.2%","2023-24"
"2026-04-13","51019","Bedford","Race and Ethnicity","Native American","0","0","0","0","0","0","2025-26"
"2026-04-13","51011","Appomattox","Age_Group","18-30","0","0","0","0","0","0","2025-26"
"2025-10-07","51019","Bedford","Race and Ethnicity","Native American","88","83","240","239","0.343","0.988","2024-25"
"2025-10-07","51011","Appomattox","Age_Group","18-30","32","31","292","290","0.013","0.119","2024-25"
"2024-09-10","51011","Appomattox","Age_Group","18-30","34","33","304","291","1.4%","11.9%","2023-24"
"2026-04-13","51011","Appomattox","Age_Group","31-49","0","0","0","0","0","0","2025-26"
"2024-09-10","51011","Appomattox","Age_Group","31-49","82","74","601","581","2.0%","15.5%","2023-24"
"2025-10-07","51011","Appomattox","Age_Group","31-49","82","80","541","539","0.021","0.144","2024-25"
"2026-04-13","51011","Appomattox","Age_Group","50-64","0","0","0","0","0","0","2025-26"
"2025-10-07","51011","Appomattox","Age_Group","50-64","164","160","782","779","0.048","0.234","2024-25"
"2024-09-10","51011","Appomattox","Age_Group","50-64","204","193","939","897","5.8%","26.9%","2023-24"
"2026-04-13","51011","Appomattox","Age_Group","5-11","0","0","0","0","0","0","2025-26"
"2025-10-07","51011","Appomattox","Age_Group","5-11","2","2","169","169","0.001","0.119","2024-25"
"2024-09-10","51011","Appomattox","Age_Group","5-11","4","4","206","202","0.3%","14.2%","2023-24"
"2026-04-13","51011","Appomattox","Age_Group","65+","0","0","0","0","0","0","2025-26"
"2025-10-07","51011","Appomattox","Age_Group","65+","657","602","1832","1814","0.171","0.516","2024-25"
"2024-09-10","51011","Appomattox","Age_Group","65+","711","641","2,163","2,018","18.2%","57.4%","2023-24"
"2026-04-13","51011","Appomattox","Race and Ethnicity","Asian or Pacific Islander","0","0","0","0","0","0","2025-26"
"2025-10-07","51011","Appomattox","Race and Ethnicity","Asian or Pacific Islander","1","1","22","22","0.018","0.393","2024-25"
"2024-09-10","51011","Appomattox","Race and Ethnicity","Asian or Pacific Islander","3","2","25","23","3.6%","41.1%","2023-24"
"2026-04-13","51011","Appomattox","Race and Ethnicity","Black","0","0","0","0","0","0","2025-26"
"2024-09-10","51011","Appomattox","Race and Ethnicity","Black","230","219","792","736","7.5%","25.1%","2023-24"
"2025-10-07","51011","Appomattox","Race and Ethnicity","Black","234","224","647","637","0.077","0.218","2024-25"
"2026-04-13","51011","Appomattox","Age_Group","Female","0","0","0","0","0","0","2025-26"
"2026-04-13","51011","Appomattox","Race and Ethnicity","Female","0","0","0","0","0","0","2025-26"
"2026-04-13","51011","Appomattox","Sex","Female","261","255","2047","2034","0","0","2025-26"
"2025-10-07","51011","Appomattox","Sex","Female","500","474","2313","2284","0","0","2024-25"
"2024-09-10","51011","Appomattox","Sex","Female","595","545","2,735","2,559","6.5%","30.3%","2023-24"
"2026-04-13","51011","Appomattox","Race and Ethnicity","Latino","0","0","0","0","0","0","2025-26"
"2025-10-07","51011","Appomattox","Race and Ethnicity","Latino","25","25","95","92","0.07","0.256","2024-25"
"2024-09-10","51011","Appomattox","Race and Ethnicity","Latino","31","29","96","88","8.1%","24.5%","2023-24"
"2026-04-13","51011","Appomattox","Age_Group","Male","0","0","0","0","0","0","2025-26"
"2026-04-13","51011","Appomattox","Race and Ethnicity","Male","0","0","0","0","0","0","2025-26"
"2026-04-13","51011","Appomattox","Sex","Male","224","218","1430","1394","0","0","2025-26"
"2025-10-07","51011","Appomattox","Sex","Male","447","411","1614","1581","0","0","2024-25"
"2024-09-10","51011","Appomattox","Sex","Male","459","418","1,913","1,800","5.1%","22.0%","2023-24"
"2026-04-13","51011","Appomattox","Race and Ethnicity","Native American","0","0","0","0","0","0","2025-26"
"2024-09-10","51011","Appomattox","Race and Ethnicity","Native American","12","11","30","29","32.4%","85.3%","2023-24"
"2025-10-07","51011","Appomattox","Race and Ethnicity","Native American","14","14","29","28","0.412","0.824","2024-25"
"2026-04-13","51011","Appomattox","Race and Ethnicity","Not Reported","0","0","0","0","0","0","2025-26"
"2025-10-07","51011","Appomattox","Race and Ethnicity","Not Reported","2","2","205","185","0","0.011","2024-25"
"2024-09-10","51011","Appomattox","Race and Ethnicity","Not Reported","3","3","265","242","","","2023-24"
"2026-04-13","51011","Appomattox","Race and Ethnicity","Other Race","0","0","0","0","0","0","2025-26"
"2025-10-07","51011","Appomattox","Race and Ethnicity","Other Race","2","2","10","10","0.005","0.024","2024-25"
"2024-09-10","51011","Appomattox","Race and Ethnicity","Other Race","4","4","25","24","1.0%","5.8%","2023-24"
"2026-04-13","51011","Appomattox","Age_Group","Unknown","0","0","0","0","0","0","2025-26"
"2026-04-13","51011","Appomattox","Race and Ethnicity","Unknown","0","0","0","0","0","0","2025-26"
"2026-04-13","51011","Appomattox","Sex","Unknown","0","0","0","0","0","0","2025-26"
"2026-04-13","51011","Appomattox","Race and Ethnicity","White","0","0","0","0","0","0","2025-26"
"2025-10-07","51011","Appomattox","Race and Ethnicity","White","669","617","2919","2891","0.048","0.225","2024-25"
"2024-09-10","51011","Appomattox","Race and Ethnicity","White","771","695","3,415","3,217","5.4%","25.1%","2023-24"
"2026-04-13","51013","Arlington","Age_Group","0-4","0","0","0","0","0","0","2025-26"
"2025-10-07","51013","Arlington","Age_Group","0-4","1738","1406","7637","6116","0.118","0.514","2024-25"
"2024-09-10","51029","Buckingham","Age_Group","0-4","23","18","305","234","2.4%","31.8%","2023-24"
"2026-04-13","51029","Buckingham","Age_Group","12-17","0","0","0","0","0","0","2025-26"
"2025-10-07","51029","Buckingham","Age_Group","12-17","24","24","152","150","0.023","0.146","2024-25"
"2024-09-10","51029","Buckingham","Age_Group","12-17","40","39","225","222","3.8%","21.6%","2023-24"
"2026-04-13","51029","Buckingham","Age_Group","18-30","0","0","0","0","0","0","2025-26"
"2025-10-07","51029","Buckingham","Age_Group","18-30","32","32","243","240","0.012","0.094","2024-25"
"2024-09-10","51029","Buckingham","Age_Group","18-30","48","47","323","316","1.8%","12.3%","2023-24"
"2026-04-13","51029","Buckingham","Age_Group","31-49","0","0","0","0","0","0","2025-26"
"2025-10-07","51029","Buckingham","Age_Group","31-49","143","141","714","697","0.032","0.158","2024-25"
"2024-09-10","51029","Buckingham","Age_Group","31-49","276","270","1,055","1,022","6.1%","23.2%","2023-24"
"2026-04-13","51029","Buckingham","Age_Group","50-64","0","0","0","0","0","0","2025-26"
"2025-10-07","51029","Buckingham","Age_Group","50-64","339","332","1061","1042","0.092","0.29","2024-25"
"2024-09-10","51029","Buckingham","Age_Group","50-64","621","607","1,515","1,441","16.9%","40.1%","2023-24"
"2026-04-13","51029","Buckingham","Age_Group","5-11","0","0","0","0","0","0","2025-26"
"2025-10-07","51029","Buckingham","Age_Group","5-11","17","17","152","148","0.015","0.129","2024-25"
"2024-09-10","51029","Buckingham","Age_Group","5-11","25","25","243","241","2.2%","21.0%","2023-24"
"2026-04-13","51029","Buckingham","Age_Group","65+","0","0","0","0","0","0","2025-26"
"2024-09-10","51029","Buckingham","Age_Group","65+","1,048","1,000","2,053","1,933","29.0%","56.1%","2023-24"
"2025-10-07","51029","Buckingham","Age_Group","65+","835","779","1622","1597","0.226","0.464","2024-25"
"2026-04-13","51029","Buckingham","Race and Ethnicity","Asian or Pacific Islander","0","0","0","0","0","0","2025-26"
"2024-09-10","51029","Buckingham","Race and Ethnicity","Asian or Pacific Islander","10","8","26","24","13.8%","41.4%","2023-24"
"2025-10-07","51029","Buckingham","Race and Ethnicity","Asian or Pacific Islander","10","9","24","24","0.155","0.414","2024-25"
"2026-04-13","51029","Buckingham","Race and Ethnicity","Black","0","0","0","0","0","0","2025-26"
"2025-10-07","51029","Buckingham","Race and Ethnicity","Black","505","489","1255","1221","0.089","0.222","2024-25"
"2024-09-10","51029","Buckingham","Race and Ethnicity","Black","723","694","1,745","1,643","12.6%","29.8%","2023-24"
"2026-04-13","51029","Buckingham","Age_Group","Female","0","0","0","0","0","0","2025-26"
"2026-04-13","51029","Buckingham","Race and Ethnicity","Female","0","0","0","0","0","0","2025-26"
"2026-04-13","51029","Buckingham","Sex","Female","337","328","1718","1691","0","0","2025-26"
"2025-10-07","51029","Buckingham","Sex","Female","727","701","2091","2037","0","0","2024-25"
"2024-09-10","51029","Buckingham","Sex","Female","944","904","2,762","2,602","12.1%","34.9%","2023-24"
"2026-04-13","51029","Buckingham","Race and Ethnicity","Latino","0","0","0","0","0","0","2025-26"
"2025-10-07","51029","Buckingham","Race and Ethnicity","Latino","39","38","96","94","0.093","0.229","2024-25"
"2024-09-10","51029","Buckingham","Race and Ethnicity","Latino","44","40","90","83","9.8%","20.2%","2023-24"
"2026-04-13","51029","Buckingham","Age_Group","Male","0","0","0","0","0","0","2025-26"
"2026-04-13","51029","Buckingham","Race and Ethnicity","Male","0","0","0","0","0","0","2025-26"
"2024-09-10","51029","Buckingham","Sex","Male","1,136","1,101","2,952","2,802","11.6%","29.6%","2023-24"
"2026-04-13","51029","Buckingham","Sex","Male","268","262","1247","1204","0","0","2025-26"
"2025-10-07","51029","Buckingham","Sex","Male","676","634","2066","2009","0","0","2024-25"
"2026-04-13","51029","Buckingham","Race and Ethnicity","Native American","0","0","0","0","0","0","2025-26"
"2024-09-10","51029","Buckingham","Race and Ethnicity","Native American","7","7","28","28","12.1%","48.3%","2023-24"
"2025-10-07","51029","Buckingham","Race and Ethnicity","Native American","8","8","31","31","0.138","0.534","2024-25"
"2026-04-13","51029","Buckingham","Race and Ethnicity","Not Reported","0","0","0","0","0","0","2025-26"
"2026-04-13","51029","Buckingham","Sex","Not Reported","0","0","0","0","0","0","2025-26"
"2024-09-10","51029","Buckingham","Sex","Not Reported","1","1","5","5","","","2023-24"
"2024-09-10","51029","Buckingham","Race and Ethnicity","Not Reported","263","263","782","754","","","2023-24"
"2025-10-07","51029","Buckingham","Race and Ethnicity","Not Reported","40","39","304","291","0.002","0.017","2024-25"
"2026-04-13","51029","Buckingham","Race and Ethnicity","Other Race","0","0","0","0","0","0","2025-26"
"2024-09-10","51029","Buckingham","Race and Ethnicity","Other Race","13","12","58","52","3.3%","14.2%","2023-24"
"2025-10-07","51029","Buckingham","Race and Ethnicity","Other Race","6","6","33","32","0.016","0.087","2024-25"
"2026-04-13","51029","Buckingham","Age_Group","Unknown","0","0","0","0","0","0","2025-26"
"2026-04-13","51029","Buckingham","Race and Ethnicity","Unknown","0","0","0","0","0","0","2025-26"
"2025-10-07","51029","Buckingham","Sex","UNKNOWN","0","0","3","3","0","0","2024-25"
"2026-04-13","51029","Buckingham","Sex","UNKNOWN","0","0","4","4","0","0","2025-26"
"2026-04-13","51029","Buckingham","Race and Ethnicity","White","0","0","0","0","0","0","2025-26"
"2024-09-10","51029","Buckingham","Race and Ethnicity","White","1,021","982","2,990","2,825","9.3%","26.9%","2023-24"
"2025-10-07","51029","Buckingham","Race and Ethnicity","White","795","746","2417","2356","0.071","0.224","2024-25"
"2026-04-13","51031","Campbell","Age_Group","0-4","0","0","0","0","0","0","2025-26"
"2025-10-07","51031","Campbell","Age_Group","0-4","0","0","689","548","0","0.217","2024-25"
"2024-09-10","51031","Campbell","Age_Group","0-4","7","6","841","681","0.2%","27.0%","2023-24"
"2026-04-13","51031","Campbell","Age_Group","12-17","0","0","0","0","0","0","2025-26"
"2025-10-07","51031","Campbell","Age_Group","12-17","37","36","463","459","0.01","0.127","2024-25"
"2024-09-10","51031","Campbell","Age_Group","12-17","51","47","517","505","1.3%","14.0%","2023-24"
"2026-04-13","51031","Campbell","Age_Group","18-30","0","0","0","0","0","0","2025-26"
"2025-10-07","51031","Campbell","Age_Group","18-30","122","120","1034","1027","0.014","0.119","2024-25"
"2024-09-10","51031","Campbell","Age_Group","18-30","137","133","1,049","1,024","1.5%","11.9%","2023-24"
"2026-04-13","51031","Campbell","Age_Group","31-49","0","0","0","0","0","0","2025-26"
"2025-10-07","51031","Campbell","Age_Group","31-49","297","290","1937","1933","0.023","0.154","2024-25"
"2024-09-10","51031","Campbell","Age_Group","31-49","299","285","2,053","1,999","2.3%","15.9%","2023-24"
"2026-04-13","51031","Campbell","Age_Group","50-64","0","0","0","0","0","0","2025-26"
"2025-10-07","51031","Campbell","Age_Group","50-64","664","650","2998","2981","0.056","0.257","2024-25"
"2024-09-10","51031","Campbell","Age_Group","50-64","787","766","3,300","3,183","6.6%","27.5%","2023-24"
"2026-04-13","51031","Campbell","Age_Group","5-11","0","0","0","0","0","0","2025-26"
"2024-09-10","51031","Campbell","Age_Group","5-11","13","13","670","648","0.3%","15.3%","2023-24"
"2025-10-07","51031","Campbell","Age_Group","5-11","20","20","561","559","0.005","0.132","2024-25"
"2026-04-13","51031","Campbell","Age_Group","65+","0","0","0","0","0","0","2025-26"
"2024-09-10","51031","Campbell","Age_Group","65+","2,645","2,420","6,903","6,507","20.1%","54.1%","2023-24"
"2025-10-07","51031","Campbell","Age_Group","65+","2295","2159","6150","6109","0.18","0.508","2024-25"
"2026-04-13","51031","Campbell","Race and Ethnicity","Asian or Pacific Islander","0","0","0","0","0","0","2025-26"
"2024-09-10","51031","Campbell","Race and Ethnicity","Asian or Pacific Islander","60","53","228","215","8.7%","35.2%","2023-24"
"2025-10-07","51031","Campbell","Race and Ethnicity","Asian or Pacific Islander","64","57","213","209","0.093","0.342","2024-25"
"2026-04-13","51031","Campbell","Race and Ethnicity","Black","0","0","0","0","0","0","2025-26"
"2025-10-07","51031","Campbell","Race and Ethnicity","Black","596","573","1948","1929","0.069","0.232","2024-25"
"2024-09-10","51031","Campbell","Race and Ethnicity","Black","676","638","2,285","2,176","7.7%","26.2%","2023-24"
"2026-04-13","51031","Campbell","Age_Group","Female","0","0","0","0","0","0","2025-26"
"2026-04-13","51031","Campbell","Race and Ethnicity","Female","0","0","0","0","0","0","2025-26"
"2026-04-13","51031","Campbell","Sex","Female","1036","1023","7316","7222","0","0","2025-26"
"2025-10-07","51031","Campbell","Sex","Female","1908","1819","8189","8089","0","0","2024-25"
"2024-09-10","51031","Campbell","Sex","Female","2,308","2,153","9,025","8,591","7.6%","30.4%","2023-24"
"2026-04-13","51031","Campbell","Race and Ethnicity","Latino","0","0","0","0","0","0","2025-26"
"2025-10-07","51031","Campbell","Race and Ethnicity","Latino","90","85","391","378","0.046","0.204","2024-25"
"2024-09-10","51031","Campbell","Race and Ethnicity","Latino","94","85","403","372","4.6%","20.1%","2023-24"
"2026-04-13","51031","Campbell","Age_Group","Male","0","0","0","0","0","0","2025-26"
"2026-04-13","51031","Campbell","Race and Ethnicity","Male","0","0","0","0","0","0","2025-26"
"2024-09-10","51031","Campbell","Sex","Male","1,630","1,516","6,305","5,953","5.6%","22.1%","2023-24"
"2025-10-07","51031","Campbell","Sex","Male","1527","1456","5641","5525","0","0","2024-25"
"2026-04-13","51031","Campbell","Sex","Male","839","812","4882","4807","0","0","2025-26"
"2026-04-13","51031","Campbell","Race and Ethnicity","Native American","0","0","0","0","0","0","2025-26"
"2025-10-07","51031","Campbell","Race and Ethnicity","Native American","28","26","143","141","0.137","0.742","2024-25"
"2024-09-10","51031","Campbell","Race and Ethnicity","Native American","43","41","142","133","21.6%","70.0%","2023-24"
"2026-04-13","51031","Campbell","Race and Ethnicity","Not Reported","0","0","0","0","0","0","2025-26"
"2026-04-13","51031","Campbell","Sex","Not Reported","0","0","0","0","0","0","2025-26"
"2024-09-10","51031","Campbell","Sex","Not Reported","1","1","3","3","","","2023-24"
"2025-10-07","51031","Campbell","Race and Ethnicity","Not Reported","14","13","739","665","0","0.012","2024-25"
"2024-09-10","51031","Campbell","Race and Ethnicity","Not Reported","32","30","922","842","","","2023-24"
"2026-04-13","51031","Campbell","Race and Ethnicity","Other Race","0","0","0","0","0","0","2025-26"
"2025-10-07","51031","Campbell","Race and Ethnicity","Other Race","25","24","69","68","0.021","0.059","2024-25"
"2024-09-10","51031","Campbell","Race and Ethnicity","Other Race","48","34","61","60","2.9%","5.2%","2023-24"
"2026-04-13","51031","Campbell","Age_Group","Unknown","0","0","0","0","0","0","2025-26"
"2026-04-13","51031","Campbell","Race and Ethnicity","Unknown","0","0","0","0","0","0","2025-26"
"2025-10-07","51031","Campbell","Sex","UNKNOWN","0","0","2","2","0","0","2024-25"
"2026-04-13","51031","Campbell","Sex","UNKNOWN","0","0","5","5","0","0","2025-26"
"2026-04-13","51031","Campbell","Race and Ethnicity","White","0","0","0","0","0","0","2025-26"
"2024-09-10","51031","Campbell","Race and Ethnicity","White","2,986","2,789","11,292","10,749","6.5%","25.0%","2023-24"
"2025-10-07","51031","Campbell","Race and Ethnicity","White","2618","2497","10329","10226","0.058","0.238","2024-25"
"2026-04-13","51033","Caroline","Age_Group","0-4","0","0","0","0","0","0","2025-26"
"2025-10-07","51033","Caroline","Age_Group","0-4","13","10","614","486","0.005","0.267","2024-25"
"2024-09-10","51033","Caroline","Age_Group","0-4","20","15","603","484","0.8%","26.6%","2023-24"
"2026-04-13","51033","Caroline","Age_Group","12-17","0","0","0","0","0","0","2025-26"
"2025-10-07","51033","Caroline","Age_Group","12-17","42","42","257","256","0.018","0.111","2024-25"
"2024-09-10","51033","Caroline","Age_Group","12-17","59","57","315","305","2.5%","13.2%","2023-24"
"2026-04-13","51033","Caroline","Age_Group","18-30","0","0","0","0","0","0","2025-26"
"2025-10-07","51033","Caroline","Age_Group","18-30","102","100","432","428","0.02","0.087","2024-25"
"2024-09-10","51033","Caroline","Age_Group","18-30","121","113","473","456","2.3%","9.3%","2023-24"
"2026-04-13","51033","Caroline","Age_Group","31-49","0","0","0","0","0","0","2025-26"
"2025-10-07","51033","Caroline","Age_Group","31-49","271","265","905","901","0.033","0.113","2024-25"
"2024-09-10","51033","Caroline","Age_Group","31-49","289","277","1,001","963","3.5%","12.1%","2023-24"
"2026-04-13","51033","Caroline","Age_Group","50-64","0","0","0","0","0","0","2025-26"
"2025-10-07","51033","Caroline","Age_Group","50-64","602","591","1415","1405","0.091","0.216","2024-25"
"2024-09-10","51033","Caroline","Age_Group","50-64","709","656","1,719","1,626","10.1%","25.1%","2023-24"
"2026-04-13","51033","Caroline","Age_Group","5-11","0","0","0","0","0","0","2025-26"
"2025-10-07","51033","Caroline","Age_Group","5-11","43","43","382","381","0.015","0.13","2024-25"
"2024-09-10","51033","Caroline","Age_Group","5-11","43","43","409","407","1.5%","13.9%","2023-24"
"2026-04-13","51033","Caroline","Age_Group","65+","0","0","0","0","0","0","2025-26"
"2024-09-10","51033","Caroline","Age_Group","65+","1,680","1,496","3,202","2,958","27.1%","53.6%","2023-24"
"2025-10-07","51033","Caroline","Age_Group","65+","1540","1436","2735","2721","0.26","0.493","2024-25"
"2026-04-13","51033","Caroline","Race and Ethnicity","Asian or Pacific Islander","0","0","0","0","0","0","2025-26"
"2024-09-10","51033","Caroline","Race and Ethnicity","Asian or Pacific Islander","45","43","119","112","12.3%","32.1%","2023-24"
"2025-10-07","51033","Caroline","Race and Ethnicity","Asian or Pacific Islander","50","49","138","133","0.14","0.381","2024-25"
"2026-04-13","51033","Caroline","Race and Ethnicity","Black","0","0","0","0","0","0","2025-26"
"2025-10-07","51033","Caroline","Race and Ethnicity","Black","865","821","1872","1842","0.1","0.225","2024-25"
"2024-09-10","51033","Caroline","Race and Ethnicity","Black","935","845","2,145","1,998","10.3%","24.4%","2023-24"
"2026-04-13","51033","Caroline","Age_Group","Female","0","0","0","0","0","0","2025-26"
"2026-04-13","51033","Caroline","Race and Ethnicity","Female","0","0","0","0","0","0","2025-26"
"2024-09-10","51033","Caroline","Sex","Female","1,686","1,542","4,393","4,109","9.7%","25.7%","2023-24"
"2025-10-07","51033","Caroline","Sex","Female","1438","1374","3780","3702","0","0","2024-25"
"2026-04-13","51033","Caroline","Sex","Female","874","827","3245","3196","0","0","2025-26"
"2026-04-13","51033","Caroline","Race and Ethnicity","Latino","0","0","0","0","0","0","2025-26"
"2025-10-07","51033","Caroline","Race and Ethnicity","Latino","103","98","450","434","0.045","0.198","2024-25"
"2025-10-07","51035","Carroll","Race and Ethnicity","Black","15","14","35","34","0.052","0.125","2024-25"
"2024-09-10","51033","Caroline","Race and Ethnicity","Latino","113","105","437","404","4.8%","18.4%","2023-24"
"2024-09-10","51035","Carroll","Race and Ethnicity","Black","15","14","34","31","5.2%","11.4%","2023-24"
"2026-04-13","51033","Caroline","Age_Group","Male","0","0","0","0","0","0","2025-26"
"2026-04-13","51035","Carroll","Age_Group","Female","0","0","0","0","0","0","2025-26"
"2026-04-13","51033","Caroline","Race and Ethnicity","Male","0","0","0","0","0","0","2025-26"
"2026-04-13","51035","Carroll","Race and Ethnicity","Female","0","0","0","0","0","0","2025-26"
"2024-09-10","51033","Caroline","Sex","Male","1,235","1,115","3,327","3,088","7.0%","19.3%","2023-24"
"2024-09-10","51035","Carroll","Sex","Female","1,066","998","3,660","3,464","6.9%","23.9%","2023-24"
"2025-10-07","51033","Caroline","Sex","Male","1175","1113","2959","2875","0","0","2024-25"
"2026-04-13","51035","Carroll","Sex","Female","402","391","2644","2627","0","0","2025-26"
"2026-04-13","51033","Caroline","Sex","Male","745","717","2479","2434","0","0","2025-26"
"2025-10-07","51035","Carroll","Sex","Female","773","739","3079","3029","0","0","2024-25"
"2026-04-13","51033","Caroline","Race and Ethnicity","Native American","0","0","0","0","0","0","2025-26"
"2026-04-13","51035","Carroll","Race and Ethnicity","Latino","0","0","0","0","0","0","2025-26"
"2024-09-10","51033","Caroline","Race and Ethnicity","Native American","45","45","91","89","23.2%","45.9%","2023-24"
"2025-10-07","51035","Carroll","Race and Ethnicity","Latino","24","22","144","140","0.017","0.107","2024-25"
"2024-09-10","51035","Carroll","Race and Ethnicity","Latino","37","34","163","152","2.6%","11.6%","2023-24"
"2025-10-07","51033","Caroline","Race and Ethnicity","Native American","51","48","100","98","0.247","0.505","2024-25"
"2026-04-13","51035","Carroll","Age_Group","Male","0","0","0","0","0","0","2025-26"
"2024-09-10","51033","Caroline","Sex","Not Reported","0","0","2","2","","","2023-24"
"2026-04-13","51033","Caroline","Race and Ethnicity","Not Reported","0","0","0","0","0","0","2025-26"
"2026-04-13","51035","Carroll","Race and Ethnicity","Male","0","0","0","0","0","0","2025-26"
"2026-04-13","51033","Caroline","Sex","Not Reported","0","0","0","0","0","0","2025-26"
"2026-04-13","51035","Carroll","Sex","Male","364","352","2119","2101","0","0","2025-26"
"2024-09-10","51033","Caroline","Race and Ethnicity","Not Reported","20","18","368","329","","","2023-24"
"2025-10-07","51035","Carroll","Sex","Male","724","687","2425","2375","0","0","2024-25"
"2024-09-10","51035","Carroll","Sex","Male","902","831","2,900","2,758","5.7%","18.9%","2023-24"
"2025-10-07","51033","Caroline","Race and Ethnicity","Not Reported","23","23","225","204","0.001","0.006","2024-25"
"2026-04-13","51033","Caroline","Race and Ethnicity","Other Race","0","0","0","0","0","0","2025-26"
"2026-04-13","51035","Carroll","Race and Ethnicity","Native American","0","0","0","0","0","0","2025-26"
"2025-10-07","51035","Carroll","Race and Ethnicity","Native American","21","21","45","44","0.656","1.375","2024-25"
"2024-09-10","51033","Caroline","Race and Ethnicity","Other Race","13","13","100","93","1.2%","8.8%","2023-24"
"2024-09-10","51035","Carroll","Race and Ethnicity","Native American","33","31","62","55","96.9%","171.9%","2023-24"
"2025-10-07","51033","Caroline","Race and Ethnicity","Other Race","21","19","110","103","0.018","0.097","2024-25"
"2026-04-13","51033","Caroline","Age_Group","Unknown","0","0","0","0","0","0","2025-26"
"2026-04-13","51035","Carroll","Race and Ethnicity","Not Reported","0","0","0","0","0","0","2025-26"
"2026-04-13","51033","Caroline","Race and Ethnicity","Unknown","0","0","0","0","0","0","2025-26"
"2025-10-07","51035","Carroll","Race and Ethnicity","Not Reported","17","17","270","265","0.001","0.009","2024-25"
"2025-10-07","51033","Caroline","Sex","UNKNOWN","0","0","1","1","0","0","2024-25"
"2024-09-10","51035","Carroll","Race and Ethnicity","Not Reported","43","43","459","448","","","2023-24"
"2026-04-13","51033","Caroline","Sex","Unknown","0","0","2","2","0","0","2025-26"
"2026-04-13","51035","Carroll","Race and Ethnicity","Other Race","0","0","0","0","0","0","2025-26"
"2026-04-13","51033","Caroline","Race and Ethnicity","White","0","0","0","0","0","0","2025-26"
"2024-09-10","51035","Carroll","Race and Ethnicity","Other Race","5","5","20","16","1.6%","5.0%","2023-24"
"2024-09-10","51033","Caroline","Race and Ethnicity","White","1,750","1,588","4,462","4,174","8.0%","20.9%","2023-24"
"2025-10-07","51035","Carroll","Race and Ethnicity","Other Race","6","6","33","33","0.019","0.104","2024-25"
"2025-10-07","51033","Caroline","Race and Ethnicity","White","1500","1429","3845","3764","0.072","0.189","2024-25"
"2026-04-13","51035","Carroll","Age_Group","Unknown","0","0","0","0","0","0","2025-26"
"2026-04-13","51035","Carroll","Age_Group","0-4","0","0","0","0","0","0","2025-26"
"2026-04-13","51035","Carroll","Race and Ethnicity","Unknown","0","0","0","0","0","0","2025-26"
"2025-10-07","51035","Carroll","Age_Group","0-4","3","2","166","133","0.002","0.109","2024-25"
"2025-10-07","51035","Carroll","Sex","UNKNOWN","0","0","1","1","0","0","2024-25"
"2026-04-13","51035","Carroll","Sex","UNKNOWN","1","1","1","1","0","0","2025-26"
"2026-04-13","51035","Carroll","Race and Ethnicity","White","0","0","0","0","0","0","2025-26"
"2024-09-10","51035","Carroll","Race and Ethnicity","White","1,820","1,689","5,785","5,485","6.2%","20.3%","2023-24"
"2025-10-07","51035","Carroll","Race and Ethnicity","White","1405","1337","4950","4861","0.049","0.18","2024-25"
"2026-04-13","51036","Charles City","Age_Group","0-4","0","0","0","0","0","0","2025-26"
"2025-10-07","51036","Charles City","Age_Group","0-4","2","1","63","50","0.004","0.217","2024-25"
"2024-09-10","51036","Charles City","Age_Group","0-4","2","2","88","71","0.9%","30.9%","2023-24"
"2026-04-13","51036","Charles City","Age_Group","12-17","0","0","0","0","0","0","2025-26"
"2025-10-07","51036","Charles City","Age_Group","12-17","3","3","41","41","0.009","0.125","2024-25"
"2024-09-10","51036","Charles City","Age_Group","12-17","4","4","54","54","1.2%","16.5%","2023-24"
"2026-04-13","51036","Charles City","Age_Group","18-30","0","0","0","0","0","0","2025-26"
"2025-10-07","51036","Charles City","Age_Group","18-30","23","22","89","89","0.026","0.107","2024-25"
"2024-09-10","51036","Charles City","Age_Group","18-30","31","30","102","99","3.6%","11.9%","2023-24"
"2026-04-13","51036","Charles City","Age_Group","31-49","0","0","0","0","0","0","2025-26"
"2025-10-07","51036","Charles City","Age_Group","31-49","53","52","165","162","0.042","0.132","2024-25"
"2024-09-10","51036","Charles City","Age_Group","31-49","64","63","190","186","5.1%","15.2%","2023-24"
"2026-04-13","51036","Charles City","Age_Group","50-64","0","0","0","0","0","0","2025-26"
"2025-10-07","51036","Charles City","Age_Group","50-64","175","168","443","433","0.094","0.243","2024-25"
"2024-09-10","51036","Charles City","Age_Group","50-64","242","231","521","494","13.0%","27.8%","2023-24"
"2026-04-13","51036","Charles City","Age_Group","5-11","0","0","0","0","0","0","2025-26"
"2025-10-07","51036","Charles City","Age_Group","5-11","2","2","57","57","0.006","0.157","2024-25"
"2024-09-10","51036","Charles City","Age_Group","5-11","6","6","73","73","1.7%","20.1%","2023-24"
"2026-04-13","51036","Charles City","Age_Group","65+","0","0","0","0","0","0","2025-26"
"2025-10-07","51036","Charles City","Age_Group","65+","558","526","1032","1009","0.294","0.564","2024-25"
"2024-09-10","51036","Charles City","Age_Group","65+","566","530","1,155","1,058","29.6%","59.2%","2023-24"
"2026-04-13","51036","Charles City","Race and Ethnicity","Asian or Pacific Islander","0","0","0","0","0","0","2025-26"
"2025-10-07","51036","Charles City","Race and Ethnicity","Asian or Pacific Islander","11","9","20","19","0.36","0.76","2024-25"
"2024-09-10","51036","Charles City","Race and Ethnicity","Asian or Pacific Islander","6","4","15","12","16.0%","48.0%","2023-24"
"2026-04-13","51036","Charles City","Race and Ethnicity","Black","0","0","0","0","0","0","2025-26"
"2025-10-07","51036","Charles City","Race and Ethnicity","Black","410","393","835","820","0.141","0.295","2024-25"
"2024-09-10","51036","Charles City","Race and Ethnicity","Black","453","433","978","914","15.6%","32.9%","2023-24"
"2026-04-13","51036","Charles City","Age_Group","Female","0","0","0","0","0","0","2025-26"
"2026-04-13","51036","Charles City","Race and Ethnicity","Female","0","0","0","0","0","0","2025-26"
"2026-04-13","51036","Charles City","Sex","Female","318","312","975","967","0","0","2025-26"
"2025-10-07","51036","Charles City","Sex","Female","465","438","1099","1072","0","0","2024-25"
"2024-09-10","51036","Charles City","Sex","Female","550","522","1,234","1,160","15.8%","35.1%","2023-24"
"2026-04-13","51036","Charles City","Race and Ethnicity","Latino","0","0","0","0","0","0","2025-26"
"2025-10-07","51036","Charles City","Race and Ethnicity","Latino","14","14","45","45","0.102","0.328","2024-25"
"2024-09-10","51036","Charles City","Race and Ethnicity","Latino","17","17","51","48","12.4%","35.0%","2023-24"
"2026-04-13","51036","Charles City","Age_Group","Male","0","0","0","0","0","0","2025-26"
"2026-04-13","51036","Charles City","Race and Ethnicity","Male","0","0","0","0","0","0","2025-26"
"2026-04-13","51036","Charles City","Sex","Male","235","224","712","696","0","0","2025-26"
"2025-10-07","51036","Charles City","Sex","Male","351","336","791","769","0","0","2024-25"
"2024-09-10","51036","Charles City","Sex","Male","365","344","949","875","10.6%","27.0%","2023-24"
"2026-04-13","51036","Charles City","Race and Ethnicity","Native American","0","0","0","0","0","0","2025-26"
"2025-10-07","51036","Charles City","Race and Ethnicity","Native American","105","100","220","211","0.239","0.505","2024-25"
"2024-09-10","51036","Charles City","Race and Ethnicity","Native American","131","128","232","223","30.6%","53.3%","2023-24"
"2026-04-13","51036","Charles City","Race and Ethnicity","Not Reported","0","0","0","0","0","0","2025-26"
"2025-10-07","51036","Charles City","Race and Ethnicity","Not Reported","1","1","28","27","0","0.004","2024-25"
"2024-09-10","51035","Carroll","Age_Group","0-4","5","4","195","149","0.3%","12.3%","2023-24"
"2026-04-13","51035","Carroll","Age_Group","12-17","0","0","0","0","0","0","2025-26"
"2024-09-10","51035","Carroll","Age_Group","12-17","12","12","175","173","0.7%","9.8%","2023-24"
"2025-10-07","51035","Carroll","Age_Group","12-17","17","17","127","126","0.01","0.072","2024-25"
"2026-04-13","51035","Carroll","Age_Group","18-30","0","0","0","0","0","0","2025-26"
"2025-10-07","51035","Carroll","Age_Group","18-30","44","43","275","275","0.011","0.073","2024-25"
"2024-09-10","51035","Carroll","Age_Group","18-30","65","62","304","294","1.6%","7.8%","2023-24"
"2026-04-13","51035","Carroll","Age_Group","31-49","0","0","0","0","0","0","2025-26"
"2024-09-10","51035","Carroll","Age_Group","31-49","131","126","676","659","2.1%","11.0%","2023-24"
"2025-10-07","51035","Carroll","Age_Group","31-49","90","90","536","530","0.015","0.089","2024-25"
"2026-04-13","51035","Carroll","Age_Group","50-64","0","0","0","0","0","0","2025-26"
"2025-10-07","51035","Carroll","Age_Group","50-64","263","254","1196","1183","0.038","0.175","2024-25"
"2024-09-10","51035","Carroll","Age_Group","50-64","370","352","1,464","1,406","5.2%","20.8%","2023-24"
"2026-04-13","51035","Carroll","Age_Group","5-11","0","0","0","0","0","0","2025-26"
"2024-09-10","51035","Carroll","Age_Group","5-11","11","10","279","277","0.5%","14.0%","2023-24"
"2025-10-07","51035","Carroll","Age_Group","5-11","6","6","228","226","0.003","0.115","2024-25"
"2026-04-13","51035","Carroll","Age_Group","65+","0","0","0","0","0","0","2025-26"
"2024-09-10","51035","Carroll","Age_Group","65+","1,374","1,263","3,467","3,264","16.6%","42.8%","2023-24"
"2025-10-07","51035","Carroll","Age_Group","65+","1074","1014","2977","2932","0.133","0.385","2024-25"
"2026-04-13","51035","Carroll","Race and Ethnicity","Asian or Pacific Islander","0","0","0","0","0","0","2025-26"
"2024-09-10","51035","Carroll","Race and Ethnicity","Asian or Pacific Islander","15","13","37","35","21.0%","56.5%","2023-24"
"2025-10-07","51035","Carroll","Race and Ethnicity","Asian or Pacific Islander","9","9","28","28","0.145","0.452","2024-25"
"2026-04-13","51035","Carroll","Race and Ethnicity","Black","0","0","0","0","0","0","2025-26"
"2024-09-10","51036","Charles City","Race and Ethnicity","Not Reported","8","8","55","53","","","2023-24"
"2026-04-13","51036","Charles City","Race and Ethnicity","Other Race","0","0","0","0","0","0","2025-26"
"2024-09-10","51036","Charles City","Race and Ethnicity","Other Race","6","6","24","20","2.7%","8.9%","2023-24"
"2025-10-07","51036","Charles City","Race and Ethnicity","Other Race","7","7","14","14","0.031","0.063","2024-25"
"2026-04-13","51036","Charles City","Age_Group","Unknown","0","0","0","0","0","0","2025-26"
"2026-04-13","51036","Charles City","Race and Ethnicity","Unknown","0","0","0","0","0","0","2025-26"
"2026-04-13","51036","Charles City","Sex","Unknown","0","0","0","0","0","0","2025-26"
"2026-04-13","51036","Charles City","Race and Ethnicity","White","0","0","0","0","0","0","2025-26"
"2025-10-07","51036","Charles City","Race and Ethnicity","White","268","250","728","705","0.084","0.238","2024-25"
"2024-09-10","51036","Charles City","Race and Ethnicity","White","294","270","828","765","9.1%","25.8%","2023-24"
"2026-04-13","51037","Charlotte","Age_Group","0-4","0","0","0","0","0","0","2025-26"
"2025-10-07","51037","Charlotte","Age_Group","0-4","0","0","130","102","0","0.149","2024-25"
"2024-09-10","51037","Charlotte","Age_Group","0-4","6","5","212","168","0.7%","24.5%","2023-24"
"2026-04-13","51037","Charlotte","Age_Group","12-17","0","0","0","0","0","0","2025-26"
"2024-09-10","51037","Charlotte","Age_Group","12-17","3","3","120","119","0.4%","14.8%","2023-24"
"2025-10-07","51037","Charlotte","Age_Group","12-17","5","5","80","80","0.006","0.1","2024-25"
"2026-04-13","51037","Charlotte","Age_Group","18-30","0","0","0","0","0","0","2025-26"
"2025-10-07","51037","Charlotte","Age_Group","18-30","27","24","162","160","0.015","0.101","2024-25"
"2024-09-10","51037","Charlotte","Age_Group","18-30","34","34","184","178","2.1%","11.3%","2023-24"
"2026-04-13","51037","Charlotte","Age_Group","31-49","0","0","0","0","0","0","2025-26"
"2025-10-07","51037","Charlotte","Age_Group","31-49","59","57","304","304","0.026","0.137","2024-25"
"2024-09-10","51037","Charlotte","Age_Group","31-49","65","62","340","333","2.8%","15.0%","2023-24"
"2026-04-13","51037","Charlotte","Age_Group","50-64","0","0","0","0","0","0","2025-26"
"2025-10-07","51037","Charlotte","Age_Group","50-64","173","169","611","607","0.065","0.235","2024-25"
"2024-09-10","51037","Charlotte","Age_Group","50-64","217","212","753","730","8.2%","28.2%","2023-24"
"2026-04-13","51037","Charlotte","Age_Group","5-11","0","0","0","0","0","0","2025-26"
"2025-10-07","51037","Charlotte","Age_Group","5-11","2","2","87","87","0.002","0.091","2024-25"
"2024-09-10","51037","Charlotte","Age_Group","5-11","5","4","138","134","0.4%","14.1%","2023-24"
"2026-04-13","51037","Charlotte","Age_Group","65+","0","0","0","0","0","0","2025-26"
"2025-10-07","51037","Charlotte","Age_Group","65+","612","558","1257","1244","0.214","0.477","2024-25"
"2024-09-10","51037","Charlotte","Age_Group","65+","673","623","1,512","1,446","23.9%","55.4%","2023-24"
"2026-04-13","51037","Charlotte","Race and Ethnicity","Asian or Pacific Islander","0","0","0","0","0","0","2025-26"
"2025-10-07","51037","Charlotte","Race and Ethnicity","Asian or Pacific Islander","4","4","12","12","0.114","0.343","2024-25"
"2024-09-10","51037","Charlotte","Race and Ethnicity","Asian or Pacific Islander","6","6","13","11","17.1%","31.4%","2023-24"
"2026-04-13","51037","Charlotte","Race and Ethnicity","Black","0","0","0","0","0","0","2025-26"
"2025-10-07","51037","Charlotte","Race and Ethnicity","Black","349","325","813","797","0.108","0.264","2024-25"
"2024-09-10","51037","Charlotte","Race and Ethnicity","Black","351","339","1,003","963","11.2%","31.9%","2023-24"
"2026-04-13","51037","Charlotte","Age_Group","Female","0","0","0","0","0","0","2025-26"
"2026-04-13","51037","Charlotte","Race and Ethnicity","Female","0","0","0","0","0","0","2025-26"
"2026-04-13","51037","Charlotte","Sex","Female","259","250","1367","1348","0","0","2025-26"
"2025-10-07","51037","Charlotte","Sex","Female","506","467","1584","1558","0","0","2024-25"
"2024-09-10","51037","Charlotte","Sex","Female","607","571","1,950","1,864","10.0%","32.5%","2023-24"
"2026-04-13","51037","Charlotte","Race and Ethnicity","Latino","0","0","0","0","0","0","2025-26"
"2025-10-07","51037","Charlotte","Race and Ethnicity","Latino","17","17","49","47","0.062","0.17","2024-25"
"2024-09-10","51037","Charlotte","Race and Ethnicity","Latino","19","19","46","39","6.9%","14.1%","2023-24"
"2026-04-13","51037","Charlotte","Age_Group","Male","0","0","0","0","0","0","2025-26"
"2026-04-13","51037","Charlotte","Race and Ethnicity","Male","0","0","0","0","0","0","2025-26"
"2026-04-13","51037","Charlotte","Sex","Male","171","163","892","883","0","0","2025-26"
"2025-10-07","51037","Charlotte","Sex","Male","372","348","1046","1025","0","0","2024-25"
"2024-09-10","51037","Charlotte","Sex","Male","396","372","1,307","1,242","6.5%","21.8%","2023-24"
"2026-04-13","51037","Charlotte","Race and Ethnicity","Native American","0","0","0","0","0","0","2025-26"
"2024-09-10","51037","Charlotte","Race and Ethnicity","Native American","3","2","11","10","5.3%","26.3%","2023-24"
"2025-10-07","51037","Charlotte","Race and Ethnicity","Native American","5","5","17","17","0.132","0.447","2024-25"
"2024-09-10","51037","Charlotte","Sex","Not Reported","0","0","2","2","","","2023-24"
"2026-04-13","51037","Charlotte","Race and Ethnicity","Not Reported","0","0","0","0","0","0","2025-26"
"2026-04-13","51037","Charlotte","Sex","Not Reported","0","0","0","0","0","0","2025-26"
"2024-09-10","51037","Charlotte","Race and Ethnicity","Not Reported","14","14","111","98","","","2023-24"
"2025-10-07","51037","Charlotte","Race and Ethnicity","Not Reported","6","5","60","55","0","0.005","2024-25"
"2026-04-13","51037","Charlotte","Race and Ethnicity","Other Race","0","0","0","0","0","0","2025-26"
"2025-10-07","51037","Charlotte","Race and Ethnicity","Other Race","2","2","8","8","0.011","0.042","2024-25"
"2024-09-10","51037","Charlotte","Race and Ethnicity","Other Race","2","2","16","15","1.1%","7.9%","2023-24"
"2026-04-13","51037","Charlotte","Age_Group","Unknown","0","0","0","0","0","0","2025-26"
"2026-04-13","51037","Charlotte","Race and Ethnicity","Unknown","0","0","0","0","0","0","2025-26"
"2025-10-07","51037","Charlotte","Sex","UNKNOWN","0","0","1","1","0","0","2024-25"
"2026-04-13","51037","Charlotte","Sex","Unknown","0","0","2","2","0","0","2025-26"
"2026-04-13","51037","Charlotte","Race and Ethnicity","White","0","0","0","0","0","0","2025-26"
"2025-10-07","51037","Charlotte","Race and Ethnicity","White","495","457","1672","1648","0.058","0.209","2024-25"
"2024-09-10","51037","Charlotte","Race and Ethnicity","White","608","561","2,059","1,972","7.1%","25.0%","2023-24"
"2026-04-13","51041","Chesterfield","Age_Group","0-4","0","0","0","0","0","0","2025-26"
"2024-09-10","51041","Chesterfield","Age_Group","0-4","1,804","1,397","10,637","8,458","6.5%","39.2%","2023-24"
"2025-10-07","51041","Chesterfield","Age_Group","0-4","576","456","9829","7944","0.021","0.368","2024-25"
"2026-04-13","51041","Chesterfield","Age_Group","12-17","0","0","0","0","0","0","2025-26"
"2025-10-07","51041","Chesterfield","Age_Group","12-17","1875","1849","7217","7171","0.059","0.23","2024-25"
"2024-09-10","51041","Chesterfield","Age_Group","12-17","2,056","1,983","7,857","7,643","6.4%","24.5%","2023-24"
"2026-04-13","51041","Chesterfield","Age_Group","18-30","0","0","0","0","0","0","2025-26"
"2025-10-07","51041","Chesterfield","Age_Group","18-30","2672","2629","8735","8668","0.044","0.144","2024-25"
"2024-09-10","51041","Chesterfield","Age_Group","18-30","3,101","2,974","9,333","8,983","4.9%","14.9%","2023-24"
"2026-04-13","51041","Chesterfield","Age_Group","31-49","0","0","0","0","0","0","2025-26"
"2025-10-07","51041","Chesterfield","Age_Group","31-49","6953","6854","19123","19020","0.071","0.198","2024-25"
"2024-09-10","51041","Chesterfield","Age_Group","31-49","7,855","7,478","21,102","20,400","7.8%","21.2%","2023-24"
"2026-04-13","51041","Chesterfield","Age_Group","50-64","0","0","0","0","0","0","2025-26"
"2025-10-07","51041","Chesterfield","Age_Group","50-64","10274","10021","21082","20907","0.138","0.288","2024-25"
"2024-09-10","51041","Chesterfield","Age_Group","50-64","11,961","11,146","23,786","22,619","15.4%","31.2%","2023-24"
"2026-04-13","51041","Chesterfield","Age_Group","5-11","0","0","0","0","0","0","2025-26"
"2024-09-10","51041","Chesterfield","Age_Group","5-11","1,959","1,939","10,174","9,935","5.6%","28.5%","2023-24"
"2025-10-07","51041","Chesterfield","Age_Group","5-11","1969","1954","9533","9476","0.056","0.272","2024-25"
"2026-04-13","51041","Chesterfield","Age_Group","65+","0","0","0","0","0","0","2025-26"
"2025-10-07","51041","Chesterfield","Age_Group","65+","23740","21685","37052","36505","0.351","0.591","2024-25"
"2024-09-10","51041","Chesterfield","Age_Group","65+","25,463","21,933","39,748","36,703","35.5%","59.4%","2023-24"
"2026-04-13","51041","Chesterfield","Race and Ethnicity","Asian or Pacific Islander","0","0","0","0","0","0","2025-26"
"2024-09-10","51041","Chesterfield","Race and Ethnicity","Asian or Pacific Islander","2,342","2,188","5,469","5,158","15.0%","35.3%","2023-24"
"2025-10-07","51041","Chesterfield","Race and Ethnicity","Asian or Pacific Islander","2176","2087","5617","5503","0.143","0.377","2024-25"
"2026-04-13","51041","Chesterfield","Race and Ethnicity","Black","0","0","0","0","0","0","2025-26"
"2025-10-07","51041","Chesterfield","Race and Ethnicity","Black","10477","9974","20621","20192","0.108","0.218","2024-25"
"2024-09-10","51041","Chesterfield","Race and Ethnicity","Black","11,150","10,148","22,715","21,171","10.9%","22.8%","2023-24"
"2026-04-13","51041","Chesterfield","Age_Group","Female","0","0","0","0","0","0","2025-26"
"2026-04-13","51041","Chesterfield","Race and Ethnicity","Female","0","0","0","0","0","0","2025-26"
"2026-04-13","51041","Chesterfield","Sex","Female","16824","16473","55851","54810","0","0","2025-26"
"2025-10-07","51041","Chesterfield","Sex","Female","26877","25457","64042","62511","0","0","2024-25"
"2024-09-10","51041","Chesterfield","Sex","Female","30,892","27,902","69,719","65,394","14.3%","33.5%","2023-24"
"2026-04-13","51041","Chesterfield","Race and Ethnicity","Latino","0","0","0","0","0","0","2025-26"
"2024-09-10","51041","Chesterfield","Race and Ethnicity","Latino","2,234","2,091","10,551","9,849","5.2%","24.3%","2023-24"
"2025-10-07","51041","Chesterfield","Race and Ethnicity","Latino","2086","2012","10079","9667","0.05","0.239","2024-25"
"2026-04-13","51041","Chesterfield","Age_Group","Male","0","0","0","0","0","0","2025-26"
"2026-04-13","51041","Chesterfield","Race and Ethnicity","Male","0","0","0","0","0","0","2025-26"
"2026-04-13","51041","Chesterfield","Sex","Male","13025","12717","42543","41573","0","0","2025-26"
"2025-10-07","51041","Chesterfield","Sex","Male","21177","19986","48493","47147","0","0","2024-25"
"2024-09-10","51041","Chesterfield","Sex","Male","23,307","20,948","52,766","49,197","11.4%","26.9%","2023-24"
"2026-04-13","51041","Chesterfield","Race and Ethnicity","Native American","0","0","0","0","0","0","2025-26"
"2024-09-10","51041","Chesterfield","Race and Ethnicity","Native American","610","535","1,167","1,075","63.8%","128.1%","2023-24"
"2025-10-07","51041","Chesterfield","Race and Ethnicity","Native American","819","774","1636","1618","0.923","1.928","2024-25"
"2024-09-10","51041","Chesterfield","Sex","Not Reported","0","0","152","150","","","2023-24"
"2026-04-13","51041","Chesterfield","Race and Ethnicity","Not Reported","0","0","0","0","0","0","2025-26"
"2026-04-13","51041","Chesterfield","Sex","Not Reported","0","0","0","0","0","0","2025-26"
"2024-09-10","51041","Chesterfield","Race and Ethnicity","Not Reported","1,361","1,181","6,787","6,029","","","2023-24"
"2025-10-07","51041","Chesterfield","Race and Ethnicity","Not Reported","662","629","4611","4133","0.002","0.011","2024-25"
"2025-10-07","51041","Chesterfield","Sex","OTHER","0","0","4","4","0","0","2024-25"
"2026-04-13","51041","Chesterfield","Race and Ethnicity","Other Race","0","0","0","0","0","0","2025-26"
"2024-09-10","51041","Chesterfield","Race and Ethnicity","Other Race","513","467","2,225","2,021","4.8%","20.6%","2023-24"
"2025-10-07","51041","Chesterfield","Race and Ethnicity","Other Race","581","528","2163","2000","0.054","0.203","2024-25"
"2026-04-13","51041","Chesterfield","Age_Group","Unknown","0","0","0","0","0","0","2025-26"
"2026-04-13","51041","Chesterfield","Race and Ethnicity","Unknown","0","0","0","0","0","0","2025-26"
"2026-04-13","51041","Chesterfield","Sex","UNKNOWN","1","1","15","15","0","0","2025-26"
"2025-10-07","51041","Chesterfield","Sex","UNKNOWN","5","5","32","29","0","0","2024-25"
"2024-09-10","51059","Fairfax","Age_Group","18-30","21,673","20,936","46,546","44,445","11.2%","23.7%","2023-24"
"2026-04-13","51059","Fairfax","Age_Group","31-49","0","0","0","0","0","0","2025-26"
"2025-10-07","51059","Fairfax","Age_Group","31-49","45754","45046","89960","89339","0.149","0.295","2024-25"
"2024-09-10","51059","Fairfax","Age_Group","31-49","52,600","50,295","97,820","93,139","16.6%","30.8%","2023-24"
"2026-04-13","51059","Fairfax","Age_Group","50-64","0","0","0","0","0","0","2025-26"
"2024-09-10","51053","Dinwiddie","Age_Group","0-4","9","6","422","332","0.5%","27.1%","2023-24"
"2025-10-07","51059","Fairfax","Age_Group","50-64","52750","51372","87626","86715","0.233","0.393","2024-25"
"2026-04-13","51053","Dinwiddie","Age_Group","12-17","0","0","0","0","0","0","2025-26"
"2024-09-10","51059","Fairfax","Age_Group","50-64","62,746","58,861","97,795","91,354","26.7%","41.4%","2023-24"
"2025-10-07","51053","Dinwiddie","Age_Group","12-17","19","19","218","217","0.01","0.114","2024-25"
"2026-04-13","51059","Fairfax","Age_Group","5-11","0","0","0","0","0","0","2025-26"
"2024-09-10","51053","Dinwiddie","Age_Group","12-17","34","34","229","222","1.8%","11.7%","2023-24"
"2024-09-10","51059","Fairfax","Age_Group","5-11","14,807","14,651","45,984","44,328","14.5%","43.8%","2023-24"
"2026-04-13","51053","Dinwiddie","Age_Group","18-30","0","0","0","0","0","0","2025-26"
"2025-10-07","51059","Fairfax","Age_Group","5-11","14525","14397","43025","42494","0.142","0.42","2024-25"
"2025-10-07","51053","Dinwiddie","Age_Group","18-30","56","55","401","400","0.013","0.096","2024-25"
"2026-04-13","51059","Fairfax","Age_Group","65+","0","0","0","0","0","0","2025-26"
"2024-09-10","51053","Dinwiddie","Age_Group","18-30","63","63","431","418","1.5%","10.0%","2023-24"
"2025-10-07","51059","Fairfax","Age_Group","65+","100849","82063","112385","110509","0.477","0.642","2024-25"
"2024-09-10","51059","Fairfax","Age_Group","65+","108,086","84,805","121,581","110,057","49.3%","64.0%","2023-24"
"2026-04-13","51059","Fairfax","Race and Ethnicity","Asian or Pacific Islander","0","0","0","0","0","0","2025-26"
"2025-10-07","51059","Fairfax","Race and Ethnicity","Asian or Pacific Islander","48996","46084","103438","101278","0.195","0.43","2024-25"
"2024-09-10","51059","Fairfax","Race and Ethnicity","Asian or Pacific Islander","58,276","53,387","110,456","102,234","22.6%","43.4%","2023-24"
"2026-04-13","51059","Fairfax","Race and Ethnicity","Black","0","0","0","0","0","0","2025-26"
"2025-10-07","51059","Fairfax","Race and Ethnicity","Black","17060","15774","31118","30376","0.137","0.263","2024-25"
"2024-09-10","51059","Fairfax","Race and Ethnicity","Black","19,421","17,594","35,158","32,647","15.2%","28.3%","2023-24"
"2026-04-13","51059","Fairfax","Age_Group","Female","0","0","0","0","0","0","2025-26"
"2026-04-13","51059","Fairfax","Race and Ethnicity","Female","0","0","0","0","0","0","2025-26"
"2025-10-07","51059","Fairfax","Sex","Female","136098","123916","246884","240492","0","0","2024-25"
"2024-09-10","51059","Fairfax","Sex","Female","154,804","136,824","266,521","247,531","24.1%","43.5%","2023-24"
"2026-04-13","51059","Fairfax","Sex","Female","95041","82811","212081","208311","0","0","2025-26"
"2026-04-13","51059","Fairfax","Race and Ethnicity","Latino","0","0","0","0","0","0","2025-26"
"2025-10-07","51059","Fairfax","Race and Ethnicity","Latino","18688","17749","55845","54268","0.093","0.283","2024-25"
"2024-09-10","51059","Fairfax","Race and Ethnicity","Latino","22,495","20,999","59,296","55,605","11.0%","29.0%","2023-24"
"2026-04-13","51059","Fairfax","Age_Group","Male","0","0","0","0","0","0","2025-26"
"2026-04-13","51059","Fairfax","Race and Ethnicity","Male","0","0","0","0","0","0","2025-26"
"2025-10-07","51059","Fairfax","Sex","Male","115810","105483","203492","197680","0","0","2024-25"
"2024-09-10","51059","Fairfax","Sex","Male","132,175","116,528","221,574","204,447","20.5%","35.9%","2023-24"
"2026-04-13","51059","Fairfax","Sex","Male","81687","70972","174284","170855","0","0","2025-26"
"2026-04-13","51059","Fairfax","Race and Ethnicity","Native American","0","0","0","0","0","0","2025-26"
"2024-09-10","51059","Fairfax","Race and Ethnicity","Native American","4,133","3,422","5,885","5,394","222.6%","350.9%","2023-24"
"2025-10-07","51059","Fairfax","Race and Ethnicity","Native American","5247","4761","8999","8874","3.098","5.774","2024-25"
"2026-04-13","51059","Fairfax","Race and Ethnicity","Not Reported","0","0","0","0","0","0","2025-26"
"2026-04-13","51059","Fairfax","Sex","Not Reported","0","0","0","0","0","0","2025-26"
"2025-10-07","51059","Fairfax","Race and Ethnicity","Not Reported","4878","4351","21457","19152","0.004","0.017","2024-25"
"2024-09-10","51059","Fairfax","Race and Ethnicity","Not Reported","6,180","5,248","26,014","22,723","","","2023-24"
"2024-09-10","51059","Fairfax","Sex","Not Reported","8","8","137","135","","","2023-24"
"2026-04-13","51059","Fairfax","Sex","OTHER","0","0","0","0","0","0","2025-26"
"2025-10-07","51059","Fairfax","Sex","OTHER","2","2","2","2","0","0","2024-25"
"2026-04-13","51059","Fairfax","Race and Ethnicity","Other Race","0","0","0","0","0","0","2025-26"
"2024-09-10","51059","Fairfax","Race and Ethnicity","Other Race","4,170","3,853","13,494","12,299","9.3%","29.5%","2023-24"
"2025-10-07","51059","Fairfax","Race and Ethnicity","Other Race","4788","4479","14191","13331","0.108","0.32","2024-25"
"2026-04-13","51059","Fairfax","Age_Group","Unknown","0","0","0","0","0","0","2025-26"
"2026-04-13","51059","Fairfax","Race and Ethnicity","Unknown","0","0","0","0","0","0","2025-26"
"2025-10-07","51059","Fairfax","Sex","UNKNOWN","25","23","85","80","0","0","2024-25"
"2026-04-13","51059","Fairfax","Sex","UNKNOWN","31","30","103","102","0","0","2025-26"
"2026-04-13","51059","Fairfax","Race and Ethnicity","White","0","0","0","0","0","0","2025-26"
"2025-10-07","51059","Fairfax","Race and Ethnicity","White","152278","136226","215415","210975","0.247","0.382","2024-25"
"2024-09-10","51059","Fairfax","Race and Ethnicity","White","172,312","148,857","237,929","221,211","27.0%","40.1%","2023-24"
"2026-04-13","51061","Fauquier","Age_Group","0-4","0","0","0","0","0","0","2025-26"
"2024-09-10","51061","Fauquier","Age_Group","0-4","120","92","1,415","1,148","2.2%","27.1%","2023-24"
"2025-10-07","51061","Fauquier","Age_Group","0-4","44","35","1574","1275","0.008","0.301","2024-25"
"2026-04-13","51061","Fauquier","Age_Group","12-17","0","0","0","0","0","0","2025-26"
"2025-10-07","51061","Fauquier","Age_Group","12-17","208","201","1171","1162","0.034","0.198","2024-25"
"2024-09-10","51061","Fauquier","Age_Group","12-17","249","243","1,008","984","4.1%","16.8%","2023-24"
"2026-04-13","51061","Fauquier","Age_Group","18-30","0","0","0","0","0","0","2025-26"
"2025-10-07","51061","Fauquier","Age_Group","18-30","480","472","1473","1459","0.044","0.136","2024-25"
"2024-09-10","51061","Fauquier","Age_Group","18-30","503","487","1,537","1,482","4.5%","13.8%","2023-24"
"2026-04-13","51061","Fauquier","Age_Group","31-49","0","0","0","0","0","0","2025-26"
"2024-09-10","51061","Fauquier","Age_Group","31-49","1,124","1,076","3,259","3,126","6.1%","17.7%","2023-24"
"2025-10-07","51061","Fauquier","Age_Group","31-49","1018","996","2887","2865","0.056","0.162","2024-25"
"2026-04-13","51061","Fauquier","Age_Group","50-64","0","0","0","0","0","0","2025-26"
"2025-10-07","51061","Fauquier","Age_Group","50-64","1861","1805","4102","4061","0.112","0.251","2024-25"
"2024-09-10","51061","Fauquier","Age_Group","50-64","2,223","2,105","5,090","4,837","13.0%","29.9%","2023-24"
"2026-04-13","51061","Fauquier","Age_Group","5-11","0","0","0","0","0","0","2025-26"
"2025-10-07","51061","Fauquier","Age_Group","5-11","143","141","1596","1589","0.021","0.236","2024-25"
"2024-09-10","51061","Fauquier","Age_Group","5-11","182","181","1,357","1,321","2.7%","19.6%","2023-24"
"2026-04-13","51061","Fauquier","Age_Group","65+","0","0","0","0","0","0","2025-26"
"2024-09-10","51061","Fauquier","Age_Group","65+","4,803","4,188","8,120","7,518","31.7%","56.9%","2023-24"
"2025-10-07","51061","Fauquier","Age_Group","65+","4491","3922","6697","6610","0.297","0.501","2024-25"
"2026-04-13","51061","Fauquier","Race and Ethnicity","Asian or Pacific Islander","0","0","0","0","0","0","2025-26"
"2024-09-10","51061","Fauquier","Race and Ethnicity","Asian or Pacific Islander","291","273","673","629","19.7%","45.4%","2023-24"
"2025-10-07","51061","Fauquier","Race and Ethnicity","Asian or Pacific Islander","298","284","738","718","0.205","0.518","2024-25"
"2026-04-13","51061","Fauquier","Race and Ethnicity","Black","0","0","0","0","0","0","2025-26"
"2025-10-07","51061","Fauquier","Race and Ethnicity","Black","656","620","1471","1442","0.115","0.268","2024-25"
"2024-09-10","51061","Fauquier","Race and Ethnicity","Black","714","663","1,556","1,469","12.3%","27.3%","2023-24"
"2026-04-13","51061","Fauquier","Age_Group","Female","0","0","0","0","0","0","2025-26"
"2026-04-13","51061","Fauquier","Race and Ethnicity","Female","0","0","0","0","0","0","2025-26"
"2026-04-13","51061","Fauquier","Sex","Female","2808","2662","9579","9366","0","0","2025-26"
"2025-10-07","51061","Fauquier","Sex","Female","4596","4234","10892","10647","0","0","2024-25"
"2024-09-10","51061","Fauquier","Sex","Female","5,096","4,656","12,217","11,473","12.5%","30.9%","2023-24"
"2026-04-13","51061","Fauquier","Race and Ethnicity","Latino","0","0","0","0","0","0","2025-26"
"2025-10-07","51061","Fauquier","Race and Ethnicity","Latino","434","415","1659","1626","0.049","0.192","2024-25"
"2024-09-10","51061","Fauquier","Race and Ethnicity","Latino","464","445","1,697","1,599","5.3%","18.9%","2023-24"
"2026-04-13","51061","Fauquier","Age_Group","Male","0","0","0","0","0","0","2025-26"
"2026-04-13","51061","Fauquier","Race and Ethnicity","Male","0","0","0","0","0","0","2025-26"
"2026-04-13","51061","Fauquier","Sex","Male","2194","2067","7435","7262","0","0","2025-26"
"2025-10-07","51061","Fauquier","Sex","Male","3649","3338","8608","8374","0","0","2024-25"
"2024-09-10","51061","Fauquier","Sex","Male","4,108","3,716","9,567","8,941","9.9%","23.9%","2023-24"
"2026-04-13","51061","Fauquier","Race and Ethnicity","Native American","0","0","0","0","0","0","2025-26"
"2025-10-07","51061","Fauquier","Race and Ethnicity","Native American","73","61","150","145","0.263","0.625","2024-25"
"2024-09-10","51061","Fauquier","Race and Ethnicity","Native American","83","74","168","150","31.9%","64.7%","2023-24"
"2024-09-10","51061","Fauquier","Sex","Not Reported","0","0","2","2","","","2023-24"
"2026-04-13","51061","Fauquier","Race and Ethnicity","Not Reported","0","0","0","0","0","0","2025-26"
"2026-04-13","51061","Fauquier","Sex","Not Reported","0","0","0","0","0","0","2025-26"
"2025-10-07","51061","Fauquier","Race and Ethnicity","Not Reported","76","75","1033","931","0.001","0.012","2024-25"
"2024-09-10","51061","Fauquier","Race and Ethnicity","Not Reported","88","86","1,720","1,563","","","2023-24"
"2026-04-13","51061","Fauquier","Race and Ethnicity","Other Race","0","0","0","0","0","0","2025-26"
"2024-09-10","51061","Fauquier","Race and Ethnicity","Other Race","102","92","363","332","4.6%","16.5%","2023-24"
"2025-10-07","51061","Fauquier","Race and Ethnicity","Other Race","84","76","303","295","0.038","0.147","2024-25"
"2026-04-13","51061","Fauquier","Age_Group","Unknown","0","0","0","0","0","0","2025-26"
"2026-04-13","51061","Fauquier","Race and Ethnicity","Unknown","0","0","0","0","0","0","2025-26"
"2026-04-13","51061","Fauquier","Sex","Unknown","0","0","1","1","0","0","2025-26"
"2026-04-13","51061","Fauquier","Race and Ethnicity","White","0","0","0","0","0","0","2025-26"
"2025-10-07","51061","Fauquier","Race and Ethnicity","White","6624","6041","14146","13864","0.106","0.243","2024-25"
"2024-09-10","51061","Fauquier","Race and Ethnicity","White","7,462","6,739","15,609","14,674","11.8%","25.7%","2023-24"
"2026-04-13","51063","Floyd","Age_Group","0-4","0","0","0","0","0","0","2025-26"
"2024-09-10","51063","Floyd","Age_Group","0-4","10","7","196","153","1.0%","20.8%","2023-24"
"2025-10-07","51063","Floyd","Age_Group","0-4","5","4","157","131","0.005","0.178","2024-25"
"2026-04-13","51063","Floyd","Age_Group","12-17","0","0","0","0","0","0","2025-26"
"2024-09-10","51063","Floyd","Age_Group","12-17","21","21","160","156","2.1%","15.4%","2023-24"
"2025-10-07","51063","Floyd","Age_Group","12-17","9","9","100","99","0.009","0.098","2024-25"
"2026-04-13","51063","Floyd","Age_Group","18-30","0","0","0","0","0","0","2025-26"
"2025-10-07","51063","Floyd","Age_Group","18-30","49","49","254","251","0.024","0.122","2024-25"
"2024-09-10","51063","Floyd","Age_Group","18-30","65","63","262","251","3.1%","12.2%","2023-24"
"2026-04-13","51063","Floyd","Age_Group","31-49","0","0","0","0","0","0","2025-26"
"2025-10-07","51063","Floyd","Age_Group","31-49","127","125","431","430","0.039","0.133","2024-25"
"2024-09-10","51063","Floyd","Age_Group","31-49","155","146","544","519","4.5%","16.0%","2023-24"
"2026-04-13","51063","Floyd","Age_Group","50-64","0","0","0","0","0","0","2025-26"
"2025-10-07","51063","Floyd","Age_Group","50-64","275","266","856","851","0.075","0.241","2024-25"
"2024-09-10","51063","Floyd","Age_Group","50-64","359","336","988","947","9.5%","26.8%","2023-24"
"2026-04-13","51063","Floyd","Age_Group","5-11","0","0","0","0","0","0","2025-26"
"2024-09-10","51063","Floyd","Age_Group","5-11","13","12","145","144","1.1%","12.7%","2023-24"
"2025-10-07","51063","Floyd","Age_Group","5-11","6","6","152","150","0.005","0.132","2024-25"
"2026-04-13","51063","Floyd","Age_Group","65+","0","0","0","0","0","0","2025-26"
"2024-09-10","51063","Floyd","Age_Group","65+","1,168","989","2,202","2,065","25.9%","54.1%","2023-24"
"2025-10-07","51063","Floyd","Age_Group","65+","977","877","1825","1803","0.23","0.472","2024-25"
"2026-04-13","51063","Floyd","Race and Ethnicity","Asian or Pacific Islander","0","0","0","0","0","0","2025-26"
"2025-10-07","51063","Floyd","Race and Ethnicity","Asian or Pacific Islander","12","11","17","16","0.169","0.246","2024-25"
"2024-09-10","51063","Floyd","Race and Ethnicity","Asian or Pacific Islander","13","12","23","22","18.5%","33.8%","2023-24"
"2026-04-13","51063","Floyd","Race and Ethnicity","Black","0","0","0","0","0","0","2025-26"
"2025-10-07","51063","Floyd","Race and Ethnicity","Black","47","44","102","99","0.149","0.336","2024-25"
"2024-09-10","51063","Floyd","Race and Ethnicity","Black","58","50","108","101","16.9%","34.2%","2023-24"
"2026-04-13","51063","Floyd","Age_Group","Female","0","0","0","0","0","0","2025-26"
"2026-04-13","51063","Floyd","Race and Ethnicity","Female","0","0","0","0","0","0","2025-26"
"2026-04-13","51063","Floyd","Sex","Female","453","440","1869","1833","0","0","2025-26"
"2025-10-07","51063","Floyd","Sex","Female","763","706","2123","2089","0","0","2024-25"
"2024-09-10","51063","Floyd","Sex","Female","996","871","2,564","2,400","11.4%","31.3%","2023-24"
"2026-04-13","51063","Floyd","Race and Ethnicity","Latino","0","0","0","0","0","0","2025-26"
"2025-10-07","51063","Floyd","Race and Ethnicity","Latino","21","20","77","72","0.048","0.174","2024-25"
"2024-09-10","51063","Floyd","Race and Ethnicity","Latino","24","23","77","67","5.6%","16.2%","2023-24"
"2026-04-13","51063","Floyd","Age_Group","Male","0","0","0","0","0","0","2025-26"
"2026-04-13","51063","Floyd","Race and Ethnicity","Male","0","0","0","0","0","0","2025-26"
"2026-04-13","51063","Floyd","Sex","Male","402","378","1441","1421","0","0","2025-26"
"2025-10-07","51063","Floyd","Sex","Male","685","630","1651","1625","0","0","2024-25"
"2024-09-10","51063","Floyd","Sex","Male","795","703","1,931","1,833","8.9%","23.3%","2023-24"
"2026-04-13","51063","Floyd","Race and Ethnicity","Native American","0","0","0","0","0","0","2025-26"
"2024-09-10","51063","Floyd","Race and Ethnicity","Native American","12","12","27","26","75.0%","162.5%","2023-24"
"2025-10-07","51063","Floyd","Race and Ethnicity","Native American","15","15","35","35","0.938","2.188","2024-25"
"2024-09-10","51063","Floyd","Sex","Not Reported","0","0","2","2","","","2023-24"
"2026-04-13","51063","Floyd","Race and Ethnicity","Not Reported","0","0","0","0","0","0","2025-26"
"2026-04-13","51063","Floyd","Sex","Not Reported","0","0","0","0","0","0","2025-26"
"2024-09-10","51063","Floyd","Race and Ethnicity","Not Reported","146","136","754","723","","","2023-24"
"2025-10-07","51063","Floyd","Race and Ethnicity","Not Reported","82","75","484","481","0.005","0.031","2024-25"
"2025-10-07","51063","Floyd","Sex","OTHER","0","0","1","1","0","0","2024-25"
"2026-04-13","51063","Floyd","Race and Ethnicity","Other Race","0","0","0","0","0","0","2025-26"
"2025-10-07","51063","Floyd","Race and Ethnicity","Other Race","27","22","57","56","0.082","0.208","2024-25"
"2024-09-10","51063","Floyd","Race and Ethnicity","Other Race","38","31","59","57","11.5%","21.2%","2023-24"
"2026-04-13","51063","Floyd","Age_Group","Unknown","0","0","0","0","0","0","2025-26"
"2026-04-13","51063","Floyd","Race and Ethnicity","Unknown","0","0","0","0","0","0","2025-26"
"2026-04-13","51063","Floyd","Sex","Unknown","0","0","0","0","0","0","2025-26"
"2026-04-13","51063","Floyd","Race and Ethnicity","White","0","0","0","0","0","0","2025-26"
"2024-09-10","51063","Floyd","Race and Ethnicity","White","1,500","1,310","3,449","3,239","9.1%","22.4%","2023-24"
"2025-10-07","51063","Floyd","Race and Ethnicity","White","1244","1149","3003","2956","0.079","0.204","2024-25"
"2026-04-13","51065","Fluvanna","Age_Group","0-4","0","0","0","0","0","0","2025-26"
"2025-10-07","51065","Fluvanna","Age_Group","0-4","107","90","678","551","0.066","0.405","2024-25"
"2024-09-10","51065","Fluvanna","Age_Group","0-4","196","148","775","608","10.9%","44.7%","2023-24"
"2026-04-13","51065","Fluvanna","Age_Group","12-17","0","0","0","0","0","0","2025-26"
"2024-09-10","51065","Fluvanna","Age_Group","12-17","129","128","590","577","6.8%","30.9%","2023-24"
"2025-10-07","51065","Fluvanna","Age_Group","12-17","131","130","565","564","0.07","0.302","2024-25"
"2026-04-13","51065","Fluvanna","Age_Group","18-30","0","0","0","0","0","0","2025-26"
"2025-10-07","51065","Fluvanna","Age_Group","18-30","184","182","753","751","0.045","0.187","2024-25"
"2024-09-10","51065","Fluvanna","Age_Group","18-30","195","189","873","848","4.7%","21.1%","2023-24"
"2026-04-13","51065","Fluvanna","Age_Group","31-49","0","0","0","0","0","0","2025-26"
"2025-10-07","51065","Fluvanna","Age_Group","31-49","554","537","1666","1649","0.079","0.243","2024-25"
"2024-09-10","51065","Fluvanna","Age_Group","31-49","592","553","1,960","1,863","8.1%","27.4%","2023-24"
"2026-04-13","51065","Fluvanna","Age_Group","50-64","0","0","0","0","0","0","2025-26"
"2024-09-10","51065","Fluvanna","Age_Group","50-64","1,022","958","2,487","2,357","16.3%","40.1%","2023-24"
"2025-10-07","51065","Fluvanna","Age_Group","50-64","1014","971","2129","2109","0.165","0.358","2024-25"
"2026-04-13","51065","Fluvanna","Age_Group","5-11","0","0","0","0","0","0","2025-26"
"2024-09-10","51065","Fluvanna","Age_Group","5-11","134","132","635","615","6.4%","30.0%","2023-24"
"2025-10-07","51065","Fluvanna","Age_Group","5-11","140","139","610","604","0.068","0.294","2024-25"
"2026-04-13","51065","Fluvanna","Age_Group","65+","0","0","0","0","0","0","2025-26"
"2024-09-10","51065","Fluvanna","Age_Group","65+","2,980","2,501","4,579","4,157","40.9%","68.0%","2023-24"
"2025-10-07","51065","Fluvanna","Age_Group","65+","3054","2579","4092","4030","0.422","0.659","2024-25"
"2026-04-13","51065","Fluvanna","Race and Ethnicity","Asian or Pacific Islander","0","0","0","0","0","0","2025-26"
"2024-09-10","51065","Fluvanna","Race and Ethnicity","Asian or Pacific Islander","78","70","199","184","26.8%","70.5%","2023-24"
"2025-10-07","51065","Fluvanna","Race and Ethnicity","Asian or Pacific Islander","93","88","198","193","0.337","0.739","2024-25"
"2026-04-13","51065","Fluvanna","Race and Ethnicity","Black","0","0","0","0","0","0","2025-26"
"2025-10-07","51065","Fluvanna","Race and Ethnicity","Black","619","572","1361","1325","0.141","0.327","2024-25"
"2024-09-10","51065","Fluvanna","Race and Ethnicity","Black","643","601","1,583","1,470","14.8%","36.3%","2023-24"
"2026-04-13","51065","Fluvanna","Age_Group","Female","0","0","0","0","0","0","2025-26"
"2026-04-13","51065","Fluvanna","Race and Ethnicity","Female","0","0","0","0","0","0","2025-26"
"2026-04-13","51065","Fluvanna","Sex","Female","1670","1584","4972","4837","0","0","2025-26"
"2024-09-10","51065","Fluvanna","Sex","Female","2,991","2,651","6,897","6,407","17.7%","42.9%","2023-24"
"2025-10-07","51065","Fluvanna","Sex","Female","2861","2569","6019","5881","0","0","2024-25"
"2026-04-13","51065","Fluvanna","Race and Ethnicity","Latino","0","0","0","0","0","0","2025-26"
"2025-10-07","51065","Fluvanna","Race and Ethnicity","Latino","178","161","454","439","0.127","0.347","2024-25"
"2024-09-10","51065","Fluvanna","Race and Ethnicity","Latino","202","179","481","453","14.1%","35.8%","2023-24"
"2026-04-13","51065","Fluvanna","Age_Group","Male","0","0","0","0","0","0","2025-26"
"2026-04-13","51065","Fluvanna","Race and Ethnicity","Male","0","0","0","0","0","0","2025-26"
"2026-04-13","51065","Fluvanna","Sex","Male","1300","1231","3768","3643","0","0","2025-26"
"2024-09-10","51065","Fluvanna","Sex","Male","2,257","1,958","4,982","4,599","14.9%","35.0%","2023-24"
"2025-10-07","51065","Fluvanna","Sex","Male","2323","2059","4463","4366","0","0","2024-25"
"2026-04-13","51065","Fluvanna","Race and Ethnicity","Native American","0","0","0","0","0","0","2025-26"
"2024-09-10","51065","Fluvanna","Race and Ethnicity","Native American","56","47","87","77","66.2%","108.5%","2023-24"
"2025-10-07","51065","Fluvanna","Race and Ethnicity","Native American","78","66","119","118","0.93","1.662","2024-25"
"2024-09-10","51065","Fluvanna","Sex","Not Reported","0","0","20","19","","","2023-24"
"2026-04-13","51065","Fluvanna","Race and Ethnicity","Not Reported","0","0","0","0","0","0","2025-26"
"2026-04-13","51065","Fluvanna","Sex","Not Reported","0","0","0","0","0","0","2025-26"
"2025-10-07","51065","Fluvanna","Race and Ethnicity","Not Reported","43","41","274","266","0.001","0.009","2024-25"
"2024-09-10","51065","Fluvanna","Race and Ethnicity","Not Reported","59","55","521","494","","","2023-24"
"2026-04-13","51065","Fluvanna","Race and Ethnicity","Other Race","0","0","0","0","0","0","2025-26"
"2025-10-07","51065","Fluvanna","Race and Ethnicity","Other Race","17","17","111","107","0.022","0.136","2024-25"
"2024-09-10","51065","Fluvanna","Race and Ethnicity","Other Race","27","23","111","100","2.9%","12.7%","2023-24"
"2026-04-13","51065","Fluvanna","Age_Group","Unknown","0","0","0","0","0","0","2025-26"
"2026-04-13","51065","Fluvanna","Race and Ethnicity","Unknown","0","0","0","0","0","0","2025-26"
"2025-10-07","51065","Fluvanna","Sex","UNKNOWN","0","0","11","11","0","0","2024-25"
"2026-04-13","51065","Fluvanna","Sex","UNKNOWN","1","1","11","11","0","0","2025-26"
"2026-04-13","51065","Fluvanna","Race and Ethnicity","White","0","0","0","0","0","0","2025-26"
"2024-09-10","51065","Fluvanna","Race and Ethnicity","White","4,183","3,634","8,917","8,247","16.8%","38.1%","2023-24"
"2025-10-07","51065","Fluvanna","Race and Ethnicity","White","4156","3683","7976","7810","0.17","0.361","2024-25"
"2026-04-13","51067","Franklin County","Age_Group","0-4","0","0","0","0","0","0","2025-26"
"2025-10-07","51067","Franklin County","Age_Group","0-4","21","18","761","605","0.007","0.247","2024-25"
"2024-09-10","51067","Franklin County","Age_Group","0-4","32","20","653","519","0.8%","21.2%","2023-24"
"2026-04-13","51067","Franklin County","Age_Group","12-17","0","0","0","0","0","0","2025-26"
"2025-10-07","51067","Franklin County","Age_Group","12-17","48","47","429","428","0.012","0.111","2024-25"
"2024-09-10","51067","Franklin County","Age_Group","12-17","61","61","428","422","1.6%","11.0%","2023-24"
"2026-04-13","51067","Franklin County","Age_Group","18-30","0","0","0","0","0","0","2025-26"
"2025-10-07","51067","Franklin County","Age_Group","18-30","150","145","840","837","0.019","0.109","2024-25"
"2024-09-10","51067","Franklin County","Age_Group","18-30","155","149","924","883","1.9%","11.5%","2023-24"
"2026-04-13","51067","Franklin County","Age_Group","31-49","0","0","0","0","0","0","2025-26"
"2025-10-07","51067","Franklin County","Age_Group","31-49","295","287","1534","1527","0.027","0.145","2024-25"
"2024-09-10","51067","Franklin County","Age_Group","31-49","314","302","1,777","1,714","2.9%","16.3%","2023-24"
"2026-04-13","51067","Franklin County","Age_Group","50-64","0","0","0","0","0","0","2025-26"
"2024-09-10","51067","Franklin County","Age_Group","50-64","1,118","1,067","3,790","3,578","8.3%","27.7%","2023-24"
"2025-10-07","51067","Franklin County","Age_Group","50-64","990","961","3128","3106","0.074","0.24","2024-25"
"2026-04-13","51067","Franklin County","Age_Group","5-11","0","0","0","0","0","0","2025-26"
"2025-10-07","51067","Franklin County","Age_Group","5-11","25","25","531","531","0.007","0.139","2024-25"
"2024-09-10","51067","Franklin County","Age_Group","5-11","32","32","501","493","0.8%","12.9%","2023-24"
"2026-04-13","51067","Franklin County","Age_Group","65+","0","0","0","0","0","0","2025-26"
"2024-09-10","51067","Franklin County","Age_Group","65+","3,994","3,459","8,583","7,986","25.0%","57.7%","2023-24"
"2025-10-07","51067","Franklin County","Age_Group","65+","3648","3261","7304","7234","0.236","0.522","2024-25"
"2026-04-13","51067","Franklin County","Race and Ethnicity","Asian or Pacific Islander","0","0","0","0","0","0","2025-26"
"2024-09-10","51067","Franklin County","Race and Ethnicity","Asian or Pacific Islander","59","54","135","132","17.4%","42.4%","2023-24"
"2025-10-07","51067","Franklin County","Race and Ethnicity","Asian or Pacific Islander","65","61","152","150","0.196","0.482","2024-25"
"2026-04-13","51067","Franklin County","Race and Ethnicity","Black","0","0","0","0","0","0","2025-26"
"2024-09-10","51067","Franklin County","Race and Ethnicity","Black","397","355","1,106","1,017","8.3%","23.7%","2023-24"
"2025-10-07","51067","Franklin County","Race and Ethnicity","Black","453","412","984","968","0.096","0.226","2024-25"
"2026-04-13","51067","Franklin County","Age_Group","Female","0","0","0","0","0","0","2025-26"
"2026-04-13","51067","Franklin County","Race and Ethnicity","Female","0","0","0","0","0","0","2025-26"
"2026-04-13","51067","Franklin County","Sex","Female","1434","1385","6997","6913","0","0","2025-26"
"2025-10-07","51067","Franklin County","Sex","Female","2745","2523","8235","8116","0","0","2024-25"
"2024-09-10","51067","Franklin County","Sex","Female","3,206","2,887","9,575","8,959","10.4%","32.4%","2023-24"
"2026-04-13","51067","Franklin County","Race and Ethnicity","Latino","0","0","0","0","0","0","2025-26"
"2024-09-10","51067","Franklin County","Race and Ethnicity","Latino","112","103","343","328","6.1%","19.4%","2023-24"
"2025-10-07","51067","Franklin County","Race and Ethnicity","Latino","86","83","328","322","0.049","0.19","2024-25"
"2026-04-13","51067","Franklin County","Age_Group","Male","0","0","0","0","0","0","2025-26"
"2026-04-13","51067","Franklin County","Race and Ethnicity","Male","0","0","0","0","0","0","2025-26"
"2026-04-13","51067","Franklin County","Sex","Male","1328","1278","5475","5380","0","0","2025-26"
"2024-09-10","51067","Franklin County","Sex","Male","2,500","2,203","7,079","6,634","8.0%","24.2%","2023-24"
"2025-10-07","51067","Franklin County","Sex","Male","2432","2221","6292","6152","0","0","2024-25"
"2026-04-13","51067","Franklin County","Race and Ethnicity","Native American","0","0","0","0","0","0","2025-26"
"2024-09-10","51067","Franklin County","Race and Ethnicity","Native American","59","51","127","124","32.5%","79.0%","2023-24"
"2025-10-07","51067","Franklin County","Race and Ethnicity","Native American","63","56","127","123","0.357","0.783","2024-25"
"2024-09-10","51067","Franklin County","Sex","Not Reported","0","0","2","2","","","2023-24"
"2026-04-13","51067","Franklin County","Race and Ethnicity","Not Reported","0","0","0","0","0","0","2025-26"
"2026-04-13","51067","Franklin County","Sex","Not Reported","0","0","0","0","0","0","2025-26"
"2024-09-10","51067","Franklin County","Race and Ethnicity","Not Reported","130","119","2,444","2,283","","","2023-24"
"2025-10-07","51067","Franklin County","Race and Ethnicity","Not Reported","82","79","1611","1512","0.001","0.027","2024-25"
"2026-04-13","51067","Franklin County","Race and Ethnicity","Other Race","0","0","0","0","0","0","2025-26"
"2024-09-10","51067","Franklin County","Race and Ethnicity","Other Race","54","51","165","155","5.9%","18.1%","2023-24"
"2025-10-07","51067","Franklin County","Race and Ethnicity","Other Race","60","55","156","154","0.064","0.179","2024-25"
"2026-04-13","51067","Franklin County","Age_Group","Unknown","0","0","0","0","0","0","2025-26"
"2026-04-13","51067","Franklin County","Race and Ethnicity","Unknown","0","0","0","0","0","0","2025-26"
"2026-04-13","51067","Franklin County","Sex","UNKNOWN","0","0","2","2","0","0","2025-26"
"2026-04-13","51067","Franklin County","Race and Ethnicity","White","0","0","0","0","0","0","2025-26"
"2024-09-10","51067","Franklin County","Race and Ethnicity","White","4,895","4,357","12,336","11,556","9.1%","24.2%","2023-24"
"2025-10-07","51067","Franklin County","Race and Ethnicity","White","4368","3998","11169","11039","0.084","0.231","2024-25"
"2026-04-13","51069","Frederick","Age_Group","0-4","0","0","0","0","0","0","2025-26"
"2024-09-10","51069","Frederick","Age_Group","0-4","73","57","2,364","1,809","1.1%","34.0%","2023-24"
"2025-10-07","51069","Frederick","Age_Group","0-4","77","60","2170","1714","0.011","0.322","2024-25"
"2026-04-13","51069","Frederick","Age_Group","12-17","0","0","0","0","0","0","2025-26"
"2025-10-07","51069","Frederick","Age_Group","12-17","237","236","1431","1424","0.032","0.195","2024-25"
"2024-09-10","51069","Frederick","Age_Group","12-17","253","248","1,356","1,334","3.4%","18.3%","2023-24"
"2026-04-13","51069","Frederick","Age_Group","18-30","0","0","0","0","0","0","2025-26"
"2025-10-07","51069","Frederick","Age_Group","18-30","540","532","1977","1965","0.038","0.139","2024-25"
"2024-09-10","51069","Frederick","Age_Group","18-30","552","529","1,644","1,577","3.7%","11.1%","2023-24"
"2026-04-13","51069","Frederick","Age_Group","31-49","0","0","0","0","0","0","2025-26"
"2024-09-10","51069","Frederick","Age_Group","31-49","1,258","1,203","3,755","3,632","5.3%","16.1%","2023-24"
"2025-10-07","51069","Frederick","Age_Group","31-49","1120","1102","3904","3870","0.049","0.172","2024-25"
"2026-04-13","51069","Frederick","Age_Group","50-64","0","0","0","0","0","0","2025-26"
"2025-10-07","51069","Frederick","Age_Group","50-64","1968","1929","5167","5107","0.1","0.264","2024-25"
"2024-09-10","51069","Frederick","Age_Group","50-64","2,284","2,145","5,394","5,155","11.1%","26.7%","2023-24"
"2026-04-13","51069","Frederick","Age_Group","5-11","0","0","0","0","0","0","2025-26"
"2025-10-07","51069","Frederick","Age_Group","5-11","149","143","1925","1914","0.017","0.229","2024-25"
"2024-09-10","51069","Frederick","Age_Group","5-11","152","150","1,865","1,804","1.8%","21.6%","2023-24"
"2024-09-10","51071","Giles","Race and Ethnicity","Not Reported","71","71","1,038","996","","","2023-24"
"2026-04-13","51069","Frederick","Age_Group","65+","0","0","0","0","0","0","2025-26"
"2026-04-13","51071","Giles","Race and Ethnicity","Other Race","0","0","0","0","0","0","2025-26"
"2024-09-10","51069","Frederick","Age_Group","65+","6,243","5,465","10,798","10,124","30.2%","55.9%","2023-24"
"2025-10-07","51071","Giles","Race and Ethnicity","Other Race","15","15","93","90","0.072","0.431","2024-25"
"2025-10-07","51069","Frederick","Age_Group","65+","6342","5593","10535","10354","0.309","0.572","2024-25"
"2024-09-10","51071","Giles","Race and Ethnicity","Other Race","16","15","66","63","7.2%","30.1%","2023-24"
"2026-04-13","51069","Frederick","Race and Ethnicity","Asian or Pacific Islander","0","0","0","0","0","0","2025-26"
"2026-04-13","51071","Giles","Age_Group","Unknown","0","0","0","0","0","0","2025-26"
"2024-09-10","51069","Frederick","Race and Ethnicity","Asian or Pacific Islander","276","261","693","650","12.4%","31.0%","2023-24"
"2026-04-13","51071","Giles","Race and Ethnicity","Unknown","0","0","0","0","0","0","2025-26"
"2025-10-07","51071","Giles","Sex","UNKNOWN","0","0","1","1","0","0","2024-25"
"2025-10-07","51069","Frederick","Race and Ethnicity","Asian or Pacific Islander","305","287","809","777","0.137","0.37","2024-25"
"2026-04-13","51069","Frederick","Race and Ethnicity","Black","0","0","0","0","0","0","2025-26"
"2026-04-13","51071","Giles","Sex","UNKNOWN","1","1","2","2","0","0","2025-26"
"2026-04-13","51071","Giles","Race and Ethnicity","White","0","0","0","0","0","0","2025-26"
"2025-10-07","51069","Frederick","Race and Ethnicity","Black","434","415","1083","1039","0.097","0.243","2024-25"
"2024-09-10","51071","Giles","Race and Ethnicity","White","1,198","1,083","3,568","3,334","7.0%","21.5%","2023-24"
"2024-09-10","51069","Frederick","Race and Ethnicity","Black","452","415","1,002","940","9.7%","22.0%","2023-24"
"2026-04-13","51069","Frederick","Age_Group","Female","0","0","0","0","0","0","2025-26"
"2025-10-07","51071","Giles","Race and Ethnicity","White","1040","993","3192","3133","0.064","0.202","2024-25"
"2026-04-13","51069","Frederick","Race and Ethnicity","Female","0","0","0","0","0","0","2025-26"
"2026-04-13","51073","Gloucester","Age_Group","0-4","0","0","0","0","0","0","2025-26"
"2026-04-13","51069","Frederick","Sex","Female","3303","3207","13712","13471","0","0","2025-26"
"2025-10-07","51073","Gloucester","Age_Group","0-4","42","35","709","592","0.018","0.311","2024-25"
"2025-10-07","51069","Frederick","Sex","Female","5824","5328","15174","14785","0","0","2024-25"
"2024-09-10","51073","Gloucester","Age_Group","0-4","57","38","871","706","2.0%","37.1%","2023-24"
"2026-04-13","51073","Gloucester","Age_Group","12-17","0","0","0","0","0","0","2025-26"
"2024-09-10","51069","Frederick","Sex","Female","6,137","5,564","15,110","14,159","11.7%","29.8%","2023-24"
"2024-09-10","51073","Gloucester","Age_Group","12-17","72","71","584","569","2.6%","21.2%","2023-24"
"2026-04-13","51069","Frederick","Race and Ethnicity","Latino","0","0","0","0","0","0","2025-26"
"2025-10-07","51073","Gloucester","Age_Group","12-17","82","81","541","539","0.03","0.201","2024-25"
"2024-09-10","51069","Frederick","Race and Ethnicity","Latino","447","417","1,867","1,711","3.9%","15.8%","2023-24"
"2026-04-13","51073","Gloucester","Age_Group","18-30","0","0","0","0","0","0","2025-26"
"2025-10-07","51069","Frederick","Race and Ethnicity","Latino","452","425","2219","2099","0.039","0.194","2024-25"
"2025-10-07","51073","Gloucester","Age_Group","18-30","122","120","751","749","0.022","0.139","2024-25"
"2024-09-10","51073","Gloucester","Age_Group","18-30","130","127","877","848","2.4%","15.8%","2023-24"
"2026-04-13","51073","Gloucester","Age_Group","31-49","0","0","0","0","0","0","2025-26"
"2025-10-07","51073","Gloucester","Age_Group","31-49","312","309","1602","1583","0.034","0.173","2024-25"
"2024-09-10","51073","Gloucester","Age_Group","31-49","393","385","1,715","1,672","4.2%","18.3%","2023-24"
"2026-04-13","51073","Gloucester","Age_Group","50-64","0","0","0","0","0","0","2025-26"
"2024-09-10","51073","Gloucester","Age_Group","50-64","1,111","1,071","2,849","2,752","11.9%","30.6%","2023-24"
"2025-10-07","51073","Gloucester","Age_Group","50-64","791","772","2399","2358","0.086","0.263","2024-25"
"2026-04-13","51073","Gloucester","Age_Group","5-11","0","0","0","0","0","0","2025-26"
"2025-10-07","51073","Gloucester","Age_Group","5-11","38","38","700","694","0.012","0.222","2024-25"
"2024-09-10","51073","Gloucester","Age_Group","5-11","70","64","755","735","2.0%","23.5%","2023-24"
"2026-04-13","51073","Gloucester","Age_Group","65+","0","0","0","0","0","0","2025-26"
"2025-10-07","51073","Gloucester","Age_Group","65+","2344","2184","4530","4434","0.265","0.537","2024-25"
"2024-09-10","51073","Gloucester","Age_Group","65+","3,114","2,838","5,116","4,829","34.4%","58.5%","2023-24"
"2026-04-13","51073","Gloucester","Race and Ethnicity","Asian or Pacific Islander","0","0","0","0","0","0","2025-26"
"2025-10-07","51073","Gloucester","Race and Ethnicity","Asian or Pacific Islander","48","46","187","183","0.136","0.541","2024-25"
"2024-09-10","51073","Gloucester","Race and Ethnicity","Asian or Pacific Islander","58","56","184","178","16.6%","52.7%","2023-24"
"2026-04-13","51073","Gloucester","Race and Ethnicity","Black","0","0","0","0","0","0","2025-26"
"2025-10-07","51073","Gloucester","Race and Ethnicity","Black","368","350","926","897","0.117","0.299","2024-25"
"2024-09-10","51073","Gloucester","Race and Ethnicity","Black","506","472","1,092","1,023","15.7%","34.1%","2023-24"
"2026-04-13","51073","Gloucester","Age_Group","Female","0","0","0","0","0","0","2025-26"
"2026-04-13","51073","Gloucester","Race and Ethnicity","Female","0","0","0","0","0","0","2025-26"
"2024-09-10","51073","Gloucester","Sex","Female","2,782","2,577","7,437","7,070","12.9%","35.5%","2023-24"
"2025-10-07","51073","Gloucester","Sex","Female","2095","1997","6558","6396","0","0","2024-25"
"2026-04-13","51073","Gloucester","Sex","Female","998","974","5681","5545","0","0","2025-26"
"2026-04-13","51073","Gloucester","Race and Ethnicity","Latino","0","0","0","0","0","0","2025-26"
"2025-10-07","51073","Gloucester","Race and Ethnicity","Latino","117","113","379","365","0.065","0.209","2024-25"
"2024-09-10","51073","Gloucester","Race and Ethnicity","Latino","127","122","382","362","7.0%","20.7%","2023-24"
"2026-04-13","51073","Gloucester","Age_Group","Male","0","0","0","0","0","0","2025-26"
"2026-04-13","51073","Gloucester","Race and Ethnicity","Male","0","0","0","0","0","0","2025-26"
"2025-10-07","51073","Gloucester","Sex","Male","1636","1542","4674","4553","0","0","2024-25"
"2024-09-10","51073","Gloucester","Sex","Male","2,165","2,017","5,326","5,037","10.3%","25.8%","2023-24"
"2026-04-13","51073","Gloucester","Sex","Male","839","818","3955","3870","0","0","2025-26"
"2026-04-13","51073","Gloucester","Race and Ethnicity","Native American","0","0","0","0","0","0","2025-26"
"2024-09-10","51073","Gloucester","Race and Ethnicity","Native American","19","17","40","37","9.6%","20.9%","2023-24"
"2025-10-07","51073","Gloucester","Race and Ethnicity","Native American","25","21","55","54","0.119","0.305","2024-25"
"2024-09-10","51073","Gloucester","Sex","Not Reported","0","0","4","4","","","2023-24"
"2026-04-13","51073","Gloucester","Race and Ethnicity","Not Reported","0","0","0","0","0","0","2025-26"
"2026-04-13","51073","Gloucester","Sex","Not Reported","0","0","0","0","0","0","2025-26"
"2025-10-07","51073","Gloucester","Race and Ethnicity","Not Reported","22","22","218","208","0.001","0.005","2024-25"
"2024-09-10","51073","Gloucester","Race and Ethnicity","Not Reported","67","64","518","489","","","2023-24"
"2026-04-13","51073","Gloucester","Race and Ethnicity","Other Race","0","0","0","0","0","0","2025-26"
"2025-10-07","51073","Gloucester","Race and Ethnicity","Other Race","33","32","135","133","0.033","0.136","2024-25"
"2024-09-10","51073","Gloucester","Race and Ethnicity","Other Race","41","37","153","146","3.8%","15.0%","2023-24"
"2026-04-13","51073","Gloucester","Age_Group","Unknown","0","0","0","0","0","0","2025-26"
"2026-04-13","51073","Gloucester","Race and Ethnicity","Unknown","0","0","0","0","0","0","2025-26"
"2026-04-13","51073","Gloucester","Sex","UNKNOWN","0","0","1","1","0","0","2025-26"
"2026-04-13","51073","Gloucester","Race and Ethnicity","White","0","0","0","0","0","0","2025-26"
"2025-10-07","51073","Gloucester","Race and Ethnicity","White","3118","2955","9332","9109","0.089","0.274","2024-25"
"2026-04-13","51097","King and Queen","Race and Ethnicity","Other Race","0","0","0","0","0","0","2025-26"
"2025-10-07","51097","King and Queen","Race and Ethnicity","Other Race","0","0","13","13","0","0.057","2024-25"
"2024-09-10","51097","King and Queen","Race and Ethnicity","Other Race","5","5","31","28","2.2%","12.3%","2023-24"
"2026-04-13","51097","King and Queen","Age_Group","Unknown","0","0","0","0","0","0","2025-26"
"2026-04-13","51097","King and Queen","Race and Ethnicity","Unknown","0","0","0","0","0","0","2025-26"
"2026-04-13","51097","King and Queen","Sex","Unknown","0","0","0","0","0","0","2025-26"
"2025-10-07","51097","King and Queen","Sex","UNKNOWN","0","0","1","1","0","0","2024-25"
"2026-04-13","51097","King and Queen","Race and Ethnicity","White","0","0","0","0","0","0","2025-26"
"2025-10-07","51097","King and Queen","Race and Ethnicity","White","366","335","1034","1012","0.074","0.225","2024-25"
"2024-09-10","51097","King and Queen","Race and Ethnicity","White","457","422","1,385","1,295","9.4%","28.8%","2023-24"
"2026-04-13","51099","King George","Age_Group","0-4","0","0","0","0","0","0","2025-26"
"2025-10-07","51099","King George","Age_Group","0-4","17","14","599","498","0.009","0.32","2024-25"
"2024-09-10","51099","King George","Age_Group","0-4","49","36","653","509","2.3%","32.7%","2023-24"
"2026-04-13","51099","King George","Age_Group","12-17","0","0","0","0","0","0","2025-26"
"2025-10-07","51099","King George","Age_Group","12-17","76","76","355","351","0.032","0.148","2024-25"
"2024-09-10","51099","King George","Age_Group","12-17","88","86","451","432","3.6%","18.3%","2023-24"
"2026-04-13","51099","King George","Age_Group","18-30","0","0","0","0","0","0","2025-26"
"2024-09-10","51099","King George","Age_Group","18-30","143","132","453","428","3.0%","9.7%","2023-24"
"2025-10-07","51099","King George","Age_Group","18-30","162","160","469","467","0.036","0.105","2024-25"
"2026-04-13","51099","King George","Age_Group","31-49","0","0","0","0","0","0","2025-26"
"2025-10-07","51099","King George","Age_Group","31-49","349","342","980","966","0.048","0.135","2024-25"
"2024-09-10","51099","King George","Age_Group","31-49","366","349","1,010","974","4.9%","13.6%","2023-24"
"2026-04-13","51099","King George","Age_Group","50-64","0","0","0","0","0","0","2025-26"
"2025-10-07","51099","King George","Age_Group","50-64","625","603","1265","1249","0.108","0.224","2024-25"
"2024-09-10","51099","King George","Age_Group","50-64","703","654","1,425","1,335","11.7%","23.9%","2023-24"
"2026-04-13","51099","King George","Age_Group","5-11","0","0","0","0","0","0","2025-26"
"2024-09-10","51099","King George","Age_Group","5-11","63","62","508","485","2.3%","17.8%","2023-24"
"2025-10-07","51099","King George","Age_Group","5-11","69","68","506","495","0.025","0.182","2024-25"
"2026-04-13","51099","King George","Age_Group","65+","0","0","0","0","0","0","2025-26"
"2024-09-10","51099","King George","Age_Group","65+","1,333","1,135","2,295","2,072","28.4%","51.9%","2023-24"
"2025-10-07","51099","King George","Age_Group","65+","1224","1104","1960","1919","0.276","0.48","2024-25"
"2026-04-13","51099","King George","Race and Ethnicity","Asian or Pacific Islander","0","0","0","0","0","0","2025-26"
"2024-09-10","51099","King George","Race and Ethnicity","Asian or Pacific Islander","92","84","224","206","16.5%","40.4%","2023-24"
"2025-10-07","51099","King George","Race and Ethnicity","Asian or Pacific Islander","93","88","210","208","0.173","0.408","2024-25"
"2026-04-13","51099","King George","Race and Ethnicity","Black","0","0","0","0","0","0","2025-26"
"2025-10-07","51099","King George","Race and Ethnicity","Black","490","461","1038","1011","0.105","0.231","2024-25"
"2024-09-10","51099","King George","Race and Ethnicity","Black","503","454","1,083","971","10.4%","22.2%","2023-24"
"2026-04-13","51099","King George","Age_Group","Female","0","0","0","0","0","0","2025-26"
"2026-04-13","51099","King George","Race and Ethnicity","Female","0","0","0","0","0","0","2025-26"
"2024-09-10","51099","King George","Sex","Female","1,492","1,330","3,692","3,388","9.7%","24.8%","2023-24"
"2025-10-07","51099","King George","Sex","Female","1369","1285","3364","3263","0","0","2024-25"
"2026-04-13","51099","King George","Sex","Female","837","788","2764","2707","0","0","2025-26"
"2026-04-13","51099","King George","Race and Ethnicity","Latino","0","0","0","0","0","0","2025-26"
"2024-09-10","51099","King George","Race and Ethnicity","Latino","105","96","357","324","5.0%","16.9%","2023-24"
"2025-10-07","51099","King George","Race and Ethnicity","Latino","121","116","363","353","0.061","0.184","2024-25"
"2026-04-13","51099","King George","Age_Group","Male","0","0","0","0","0","0","2025-26"
"2026-04-13","51099","King George","Race and Ethnicity","Male","0","0","0","0","0","0","2025-26"
"2024-09-10","51099","King George","Sex","Male","1,253","1,124","3,102","2,846","8.0%","20.1%","2023-24"
"2025-10-07","51099","King George","Sex","Male","1153","1082","2770","2682","0","0","2024-25"
"2026-04-13","51099","King George","Sex","Male","728","680","2295","2242","0","0","2025-26"
"2026-04-13","51099","King George","Race and Ethnicity","Native American","0","0","0","0","0","0","2025-26"
"2024-09-10","51099","King George","Race and Ethnicity","Native American","30","27","67","60","18.4%","40.8%","2023-24"
"2025-10-07","51099","King George","Race and Ethnicity","Native American","34","30","60","60","0.204","0.408","2024-25"
"2024-09-10","51099","King George","Sex","Not Reported","0","0","1","1","","","2023-24"
"2026-04-13","51099","King George","Race and Ethnicity","Not Reported","0","0","0","0","0","0","2025-26"
"2026-04-13","51099","King George","Sex","Not Reported","0","0","0","0","0","0","2025-26"
"2025-10-07","51099","King George","Race and Ethnicity","Not Reported","29","29","224","207","0.001","0.007","2024-25"
"2024-09-10","51099","King George","Race and Ethnicity","Not Reported","34","30","299","276","","","2023-24"
"2026-04-13","51099","King George","Race and Ethnicity","Other Race","0","0","0","0","0","0","2025-26"
"2024-09-10","51099","King George","Race and Ethnicity","Other Race","22","20","80","73","2.1%","7.8%","2023-24"
"2025-10-07","51099","King George","Race and Ethnicity","Other Race","32","28","89","86","0.03","0.092","2024-25"
"2026-04-13","51099","King George","Age_Group","Unknown","0","0","0","0","0","0","2025-26"
"2026-04-13","51099","King George","Race and Ethnicity","Unknown","0","0","0","0","0","0","2025-26"
"2026-04-13","51099","King George","Sex","Unknown","0","0","0","0","0","0","2025-26"
"2026-04-13","51099","King George","Race and Ethnicity","White","0","0","0","0","0","0","2025-26"
"2024-09-10","51099","King George","Race and Ethnicity","White","1,959","1,743","4,685","4,325","8.8%","21.7%","2023-24"
"2025-10-07","51099","King George","Race and Ethnicity","White","1723","1615","4150","4020","0.081","0.202","2024-25"
"2026-04-13","51101","King William","Age_Group","0-4","0","0","0","0","0","0","2025-26"
"2025-10-07","51101","King William","Age_Group","0-4","10","7","429","344","0.006","0.314","2024-25"
"2024-09-10","51101","King William","Age_Group","0-4","29","26","509","393","2.4%","35.9%","2023-24"
"2026-04-13","51101","King William","Age_Group","12-17","0","0","0","0","0","0","2025-26"
"2025-10-07","51101","King William","Age_Group","12-17","29","28","198","196","0.021","0.145","2024-25"
"2024-09-10","51101","King William","Age_Group","12-17","30","29","242","239","2.1%","17.7%","2023-24"
"2026-04-13","51101","King William","Age_Group","18-30","0","0","0","0","0","0","2025-26"
"2025-10-07","51101","King William","Age_Group","18-30","38","37","297","295","0.013","0.103","2024-25"
"2024-09-10","51101","King William","Age_Group","18-30","56","55","381","370","1.9%","13.0%","2023-24"
"2026-04-13","51101","King William","Age_Group","31-49","0","0","0","0","0","0","2025-26"
"2025-10-07","51101","King William","Age_Group","31-49","145","145","581","578","0.032","0.128","2024-25"
"2024-09-10","51101","King William","Age_Group","31-49","159","154","755","739","3.4%","16.4%","2023-24"
"2026-04-13","51101","King William","Age_Group","50-64","0","0","0","0","0","0","2025-26"
"2025-10-07","51101","King William","Age_Group","50-64","293","288","944","940","0.074","0.242","2024-25"
"2024-09-10","51101","King William","Age_Group","50-64","392","370","1,222","1,182","9.5%","30.4%","2023-24"
"2026-04-13","51101","King William","Age_Group","5-11","0","0","0","0","0","0","2025-26"
"2024-09-10","51101","King William","Age_Group","5-11","24","23","340","334","1.4%","20.9%","2023-24"
"2025-10-07","51101","King William","Age_Group","5-11","28","28","286","282","0.018","0.176","2024-25"
"2026-04-13","51101","King William","Age_Group","65+","0","0","0","0","0","0","2025-26"
"2025-10-07","51101","King William","Age_Group","65+","805","756","1637","1622","0.239","0.514","2024-25"
"2024-09-10","51101","King William","Age_Group","65+","968","887","2,069","1,925","28.1%","61.0%","2023-24"
"2026-04-13","51101","King William","Race and Ethnicity","Asian or Pacific Islander","0","0","0","0","0","0","2025-26"
"2025-10-07","51101","King William","Race and Ethnicity","Asian or Pacific Islander","17","17","81","80","0.067","0.315","2024-25"
"2024-09-10","51101","King William","Race and Ethnicity","Asian or Pacific Islander","18","17","91","85","6.7%","33.5%","2023-24"
"2026-04-13","51101","King William","Race and Ethnicity","Black","0","0","0","0","0","0","2025-26"
"2025-10-07","51101","King William","Race and Ethnicity","Black","325","319","751","733","0.119","0.274","2024-25"
"2024-09-10","51101","King William","Race and Ethnicity","Black","392","367","959","897","13.7%","33.5%","2023-24"
"2026-04-13","51101","King William","Age_Group","Female","0","0","0","0","0","0","2025-26"
"2026-04-13","51101","King William","Race and Ethnicity","Female","0","0","0","0","0","0","2025-26"
"2026-04-13","51101","King William","Sex","Female","434","427","2281","2235","0","0","2025-26"
"2025-10-07","51101","King William","Sex","Female","761","729","2601","2535","0","0","2024-25"
"2024-09-10","51101","King William","Sex","Female","961","892","3,269","3,093","9.6%","33.2%","2023-24"
"2026-04-13","51101","King William","Race and Ethnicity","Latino","0","0","0","0","0","0","2025-26"
"2024-09-10","51101","King William","Race and Ethnicity","Latino","29","25","149","138","4.6%","25.4%","2023-24"
"2025-10-07","51101","King William","Race and Ethnicity","Latino","44","43","184","178","0.079","0.327","2024-25"
"2026-04-13","51101","King William","Age_Group","Male","0","0","0","0","0","0","2025-26"
"2026-04-13","51101","King William","Race and Ethnicity","Male","0","0","0","0","0","0","2025-26"
"2026-04-13","51101","King William","Sex","Male","335","328","1548","1510","0","0","2025-26"
"2025-10-07","51101","King William","Sex","Male","587","560","1770","1721","0","0","2024-25"
"2024-09-10","51101","King William","Sex","Male","697","652","2,247","2,087","7.1%","22.8%","2023-24"
"2026-04-13","51101","King William","Race and Ethnicity","Native American","0","0","0","0","0","0","2025-26"
"2024-09-10","51101","King William","Race and Ethnicity","Native American","53","48","122","108","20.3%","45.8%","2023-24"
"2025-10-07","51101","King William","Race and Ethnicity","Native American","53","52","139","135","0.22","0.572","2024-25"
"2024-09-10","51101","King William","Sex","Not Reported","0","0","2","2","","","2023-24"
"2026-04-13","51101","King William","Race and Ethnicity","Not Reported","0","0","0","0","0","0","2025-26"
"2026-04-13","51101","King William","Sex","Not Reported","0","0","0","0","0","0","2025-26"
"2025-10-07","51101","King William","Race and Ethnicity","Not Reported","17","17","159","146","0.001","0.008","2024-25"
"2024-09-10","51101","King William","Race and Ethnicity","Not Reported","27","26","348","326","","","2023-24"
"2026-04-13","51101","King William","Race and Ethnicity","Other Race","0","0","0","0","0","0","2025-26"
"2024-09-10","51101","King William","Race and Ethnicity","Other Race","13","12","105","91","2.5%","19.2%","2023-24"
"2025-10-07","51101","King William","Race and Ethnicity","Other Race","5","5","60","57","0.011","0.12","2024-25"
"2026-04-13","51101","King William","Age_Group","Unknown","0","0","0","0","0","0","2025-26"
"2026-04-13","51101","King William","Race and Ethnicity","Unknown","0","0","0","0","0","0","2025-26"
"2025-10-07","51101","King William","Sex","UNKNOWN","0","0","1","1","0","0","2024-25"
"2026-04-13","51101","King William","Sex","UNKNOWN","0","0","2","2","0","0","2025-26"
"2026-04-13","51101","King William","Race and Ethnicity","White","0","0","0","0","0","0","2025-26"
"2024-09-10","51101","King William","Race and Ethnicity","White","1,126","1,049","3,744","3,537","7.3%","24.8%","2023-24"
"2025-10-07","51101","King William","Race and Ethnicity","White","887","836","2998","2928","0.059","0.205","2024-25"
"2026-04-13","51103","Lancaster","Age_Group","0-4","0","0","0","0","0","0","2025-26"
"2025-10-07","51103","Lancaster","Age_Group","0-4","0","0","152","119","0","0.35","2024-25"
"2024-09-10","51103","Lancaster","Age_Group","0-4","6","2","155","128","0.6%","37.6%","2023-24"
"2026-04-13","51103","Lancaster","Age_Group","12-17","0","0","0","0","0","0","2025-26"
"2024-09-10","51109","Louisa","Age_Group","0-4","127","93","903","719","4.3%","33.5%","2023-24"
"2025-10-07","51103","Lancaster","Age_Group","12-17","5","5","87","87","0.008","0.146","2024-25"
"2025-10-07","51109","Louisa","Age_Group","0-4","74","62","858","672","0.029","0.313","2024-25"
"2024-09-10","51103","Lancaster","Age_Group","12-17","8","8","91","88","1.3%","14.7%","2023-24"
"2026-04-13","51109","Louisa","Age_Group","12-17","0","0","0","0","0","0","2025-26"
"2026-04-13","51103","Lancaster","Age_Group","18-30","0","0","0","0","0","0","2025-26"
"2024-09-10","51109","Louisa","Age_Group","12-17","104","98","480","474","3.8%","18.5%","2023-24"
"2025-10-07","51103","Lancaster","Age_Group","18-30","14","14","108","107","0.013","0.098","2024-25"
"2025-10-07","51109","Louisa","Age_Group","12-17","97","96","445","445","0.037","0.174","2024-25"
"2024-09-10","51103","Lancaster","Age_Group","18-30","22","22","147","141","2.0%","12.9%","2023-24"
"2026-04-13","51109","Louisa","Age_Group","18-30","0","0","0","0","0","0","2025-26"
"2026-04-13","51103","Lancaster","Age_Group","31-49","0","0","0","0","0","0","2025-26"
"2024-09-10","51109","Louisa","Age_Group","18-30","157","153","744","721","2.8%","13.0%","2023-24"
"2025-10-07","51103","Lancaster","Age_Group","31-49","44","44","245","242","0.027","0.149","2024-25"
"2025-10-07","51109","Louisa","Age_Group","18-30","163","159","700","695","0.029","0.126","2024-25"
"2024-09-10","51103","Lancaster","Age_Group","31-49","66","62","302","290","3.8%","17.9%","2023-24"
"2026-04-13","51109","Louisa","Age_Group","31-49","0","0","0","0","0","0","2025-26"
"2026-04-13","51103","Lancaster","Age_Group","50-64","0","0","0","0","0","0","2025-26"
"2025-10-07","51109","Louisa","Age_Group","31-49","444","438","1426","1422","0.048","0.156","2024-25"
"2025-10-07","51103","Lancaster","Age_Group","50-64","253","244","636","621","0.105","0.267","2024-25"
"2024-09-10","51109","Louisa","Age_Group","31-49","484","463","1,584","1,527","5.1%","16.8%","2023-24"
"2024-09-10","51103","Lancaster","Age_Group","50-64","332","320","815","781","13.8%","33.6%","2023-24"
"2026-04-13","51109","Louisa","Age_Group","50-64","0","0","0","0","0","0","2025-26"
"2026-04-13","51103","Lancaster","Age_Group","5-11","0","0","0","0","0","0","2025-26"
"2024-09-10","51109","Louisa","Age_Group","50-64","1,240","1,178","2,980","2,811","12.8%","30.6%","2023-24"
"2025-10-07","51103","Lancaster","Age_Group","5-11","1","1","111","109","0.002","0.18","2024-25"
"2025-10-07","51109","Louisa","Age_Group","50-64","1141","1106","2634","2613","0.12","0.284","2024-25"
"2024-09-10","51103","Lancaster","Age_Group","5-11","2","2","123","123","0.3%","20.3%","2023-24"
"2026-04-13","51103","Lancaster","Age_Group","65+","0","0","0","0","0","0","2025-26"
"2026-04-13","51109","Louisa","Age_Group","5-11","0","0","0","0","0","0","2025-26"
"2024-09-10","51103","Lancaster","Age_Group","65+","1,444","1,279","2,751","2,606","30.9%","62.9%","2023-24"
"2025-10-07","51109","Louisa","Age_Group","5-11","106","106","661","654","0.035","0.213","2024-25"
"2025-10-07","51103","Lancaster","Age_Group","65+","1341","1188","2278","2251","0.287","0.544","2024-25"
"2024-09-10","51109","Louisa","Age_Group","5-11","112","112","648","637","3.6%","20.7%","2023-24"
"2026-04-13","51103","Lancaster","Race and Ethnicity","Asian or Pacific Islander","0","0","0","0","0","0","2025-26"
"2026-04-13","51109","Louisa","Age_Group","65+","0","0","0","0","0","0","2025-26"
"2024-09-10","51103","Lancaster","Race and Ethnicity","Asian or Pacific Islander","11","9","20","20","9.1%","20.2%","2023-24"
"2025-10-07","51109","Louisa","Age_Group","65+","2867","2580","5097","5032","0.304","0.593","2024-25"
"2025-10-07","51103","Lancaster","Race and Ethnicity","Asian or Pacific Islander","5","5","23","22","0.051","0.222","2024-25"
"2024-09-10","51109","Louisa","Age_Group","65+","3,041","2,685","5,095","4,770","31.7%","56.2%","2023-24"
"2026-04-13","51103","Lancaster","Race and Ethnicity","Black","0","0","0","0","0","0","2025-26"
"2026-04-13","51109","Louisa","Race and Ethnicity","Asian or Pacific Islander","0","0","0","0","0","0","2025-26"
"2025-10-07","51103","Lancaster","Race and Ethnicity","Black","220","211","697","677","0.074","0.238","2024-25"
"2024-09-10","51109","Louisa","Race and Ethnicity","Asian or Pacific Islander","50","41","127","115","13.4%","37.7%","2023-24"
"2024-09-10","51103","Lancaster","Race and Ethnicity","Black","282","272","906","844","9.6%","29.7%","2023-24"
"2025-10-07","51109","Louisa","Race and Ethnicity","Asian or Pacific Islander","57","56","155","151","0.184","0.495","2024-25"
"2026-04-13","51103","Lancaster","Age_Group","Female","0","0","0","0","0","0","2025-26"
"2026-04-13","51109","Louisa","Race and Ethnicity","Black","0","0","0","0","0","0","2025-26"
"2026-04-13","51103","Lancaster","Race and Ethnicity","Female","0","0","0","0","0","0","2025-26"
"2025-10-07","51109","Louisa","Race and Ethnicity","Black","849","808","1857","1823","0.14","0.315","2024-25"
"2024-09-10","51103","Lancaster","Sex","Female","1,091","991","2,545","2,417","17.7%","43.2%","2023-24"
"2024-09-10","51109","Louisa","Race and Ethnicity","Black","889","829","2,054","1,944","14.3%","33.6%","2023-24"
"2026-04-13","51103","Lancaster","Sex","Female","470","459","1484","1466","0","0","2025-26"
"2026-04-13","51109","Louisa","Age_Group","Female","0","0","0","0","0","0","2025-26"
"2025-10-07","51103","Lancaster","Sex","Female","951","855","2081","2034","0","0","2024-25"
"2026-04-13","51109","Louisa","Race and Ethnicity","Female","0","0","0","0","0","0","2025-26"
"2026-04-13","51103","Lancaster","Race and Ethnicity","Latino","0","0","0","0","0","0","2025-26"
"2026-04-13","51109","Louisa","Sex","Female","1691","1629","6031","5893","0","0","2025-26"
"2024-09-10","51103","Lancaster","Race and Ethnicity","Latino","33","30","81","77","11.6%","29.8%","2023-24"
"2024-09-10","51109","Louisa","Sex","Female","2,899","2,636","7,098","6,673","13.2%","33.4%","2023-24"
"2025-10-07","51103","Lancaster","Race and Ethnicity","Latino","35","34","105","103","0.132","0.399","2024-25"
"2025-10-07","51109","Louisa","Sex","Female","2724","2536","6784","6639","0","0","2024-25"
"2026-04-13","51103","Lancaster","Age_Group","Male","0","0","0","0","0","0","2025-26"
"2026-04-13","51109","Louisa","Race and Ethnicity","Latino","0","0","0","0","0","0","2025-26"
"2026-04-13","51103","Lancaster","Race and Ethnicity","Male","0","0","0","0","0","0","2025-26"
"2024-09-10","51109","Louisa","Race and Ethnicity","Latino","158","151","462","430","9.4%","26.7%","2023-24"
"2026-04-13","51103","Lancaster","Sex","Male","384","378","1134","1121","0","0","2025-26"
"2025-10-07","51109","Louisa","Race and Ethnicity","Latino","167","161","478","457","0.1","0.283","2024-25"
"2025-10-07","51103","Lancaster","Sex","Male","707","641","1535","1501","0","0","2024-25"
"2026-04-13","51109","Louisa","Age_Group","Male","0","0","0","0","0","0","2025-26"
"2024-09-10","51103","Lancaster","Sex","Male","789","704","1,839","1,740","13.7%","34.0%","2023-24"
"2026-04-13","51109","Louisa","Race and Ethnicity","Male","0","0","0","0","0","0","2025-26"
"2026-04-13","51103","Lancaster","Race and Ethnicity","Native American","0","0","0","0","0","0","2025-26"
"2026-04-13","51109","Louisa","Sex","Male","1479","1403","4353","4247","0","0","2025-26"
"2025-10-07","51103","Lancaster","Race and Ethnicity","Native American","9","8","18","18","0.727","1.636","2024-25"
"2024-09-10","51109","Louisa","Sex","Male","2,363","2,143","5,319","4,969","10.7%","24.7%","2023-24"
"2024-09-10","51103","Lancaster","Race and Ethnicity","Native American","9","9","19","17","81.8%","154.5%","2023-24"
"2025-10-07","51109","Louisa","Sex","Male","2167","2010","5018","4875","0","0","2024-25"
"2026-04-13","51103","Lancaster","Race and Ethnicity","Not Reported","0","0","0","0","0","0","2025-26"
"2026-04-13","51109","Louisa","Race and Ethnicity","Native American","0","0","0","0","0","0","2025-26"
"2026-04-13","51103","Lancaster","Sex","Not Reported","0","0","0","0","0","0","2025-26"
"2024-09-10","51109","Louisa","Race and Ethnicity","Native American","65","59","109","99","36.9%","61.9%","2023-24"
"2024-09-10","51103","Lancaster","Race and Ethnicity","Not Reported","10","9","59","59","","","2023-24"
"2025-10-07","51103","Lancaster","Race and Ethnicity","Not Reported","8","8","31","31","0.001","0.003","2024-25"
"2025-10-07","51109","Louisa","Race and Ethnicity","Native American","69","63","127","124","0.394","0.775","2024-25"
"2026-04-13","51103","Lancaster","Race and Ethnicity","Other Race","0","0","0","0","0","0","2025-26"
"2026-04-13","51109","Louisa","Race and Ethnicity","Not Reported","0","0","0","0","0","0","2025-26"
"2025-10-07","51103","Lancaster","Race and Ethnicity","Other Race","11","11","26","24","0.08","0.174","2024-25"
"2026-04-13","51109","Louisa","Sex","Not Reported","0","0","0","0","0","0","2025-26"
"2024-09-10","51103","Lancaster","Race and Ethnicity","Other Race","18","13","34","34","9.4%","24.6%","2023-24"
"2024-09-10","51109","Louisa","Race and Ethnicity","Not Reported","129","127","376","351","","","2023-24"
"2026-04-13","51103","Lancaster","Age_Group","Unknown","0","0","0","0","0","0","2025-26"
"2024-09-10","51109","Louisa","Sex","Not Reported","3","3","17","17","","","2023-24"
"2026-04-13","51103","Lancaster","Race and Ethnicity","Unknown","0","0","0","0","0","0","2025-26"
"2025-10-07","51109","Louisa","Race and Ethnicity","Not Reported","43","43","322","302","0.001","0.008","2024-25"
"2025-10-07","51103","Lancaster","Sex","UNKNOWN","0","0","1","1","0","0","2024-25"
"2026-04-13","51109","Louisa","Race and Ethnicity","Other Race","0","0","0","0","0","0","2025-26"
"2024-09-10","51109","Louisa","Race and Ethnicity","Other Race","25","24","96","89","2.4%","9.0%","2023-24"
"2026-04-13","51103","Lancaster","Sex","UNKNOWN","0","0","1","1","0","0","2025-26"
"2026-04-13","51103","Lancaster","Race and Ethnicity","White","0","0","0","0","0","0","2025-26"
"2025-10-07","51109","Louisa","Race and Ethnicity","Other Race","32","30","143","135","0.03","0.137","2024-25"
"2024-09-10","51103","Lancaster","Race and Ethnicity","White","1,517","1,353","3,265","3,106","18.4%","42.1%","2023-24"
"2026-04-13","51109","Louisa","Age_Group","Unknown","0","0","0","0","0","0","2025-26"
"2025-10-07","51103","Lancaster","Race and Ethnicity","White","1370","1219","2717","2661","0.165","0.361","2024-25"
"2026-04-13","51109","Louisa","Race and Ethnicity","Unknown","0","0","0","0","0","0","2025-26"
"2026-04-13","51105","Lee","Age_Group","0-4","0","0","0","0","0","0","2025-26"
"2025-10-07","51109","Louisa","Sex","UNKNOWN","1","1","19","19","0","0","2024-25"
"2025-10-07","51105","Lee","Age_Group","0-4","0","0","129","100","0","0.097","2024-25"
"2026-04-13","51109","Louisa","Sex","UNKNOWN","2","2","19","19","0","0","2025-26"
"2024-09-10","51105","Lee","Age_Group","0-4","1","1","158","123","0.1%","11.9%","2023-24"
"2026-04-13","51109","Louisa","Race and Ethnicity","White","0","0","0","0","0","0","2025-26"
"2026-04-13","51105","Lee","Age_Group","12-17","0","0","0","0","0","0","2025-26"
"2024-09-10","51109","Louisa","Race and Ethnicity","White","3,949","3,551","9,210","8,631","11.4%","27.7%","2023-24"
"2024-09-10","51105","Lee","Age_Group","12-17","2","2","114","114","0.1%","8.1%","2023-24"
"2025-10-07","51109","Louisa","Race and Ethnicity","White","3675","3386","8739","8541","0.109","0.274","2024-25"
"2025-10-07","51105","Lee","Age_Group","12-17","6","5","84","84","0.004","0.06","2024-25"
"2026-04-13","51111","Lunenburg","Age_Group","0-4","0","0","0","0","0","0","2025-26"
"2026-04-13","51105","Lee","Age_Group","18-30","0","0","0","0","0","0","2025-26"
"2025-10-07","51111","Lunenburg","Age_Group","0-4","1","1","149","126","0.002","0.223","2024-25"
"2025-10-07","51105","Lee","Age_Group","18-30","13","13","181","180","0.004","0.057","2024-25"
"2024-09-10","51111","Lunenburg","Age_Group","0-4","3","3","242","197","0.5%","34.9%","2023-24"
"2024-09-10","51105","Lee","Age_Group","18-30","23","23","245","240","0.7%","7.6%","2023-24"
"2026-04-13","51111","Lunenburg","Age_Group","12-17","0","0","0","0","0","0","2025-26"
"2026-04-13","51105","Lee","Age_Group","31-49","0","0","0","0","0","0","2025-26"
"2024-09-10","51111","Lunenburg","Age_Group","12-17","5","5","134","132","0.6%","16.2%","2023-24"
"2025-10-07","51105","Lee","Age_Group","31-49","42","40","401","399","0.008","0.077","2024-25"
"2025-10-07","51111","Lunenburg","Age_Group","12-17","6","6","73","73","0.007","0.09","2024-25"
"2024-09-10","51105","Lee","Age_Group","31-49","59","57","532","513","1.1%","9.9%","2023-24"
"2026-04-13","51111","Lunenburg","Age_Group","18-30","0","0","0","0","0","0","2025-26"
"2026-04-13","51105","Lee","Age_Group","50-64","0","0","0","0","0","0","2025-26"
"2024-09-10","51111","Lunenburg","Age_Group","18-30","18","18","198","193","1.2%","12.3%","2023-24"
"2024-09-10","51105","Lee","Age_Group","50-64","172","166","1,253","1,189","3.7%","26.7%","2023-24"
"2025-10-07","51111","Lunenburg","Age_Group","18-30","21","20","152","149","0.013","0.095","2024-25"
"2025-10-07","51105","Lee","Age_Group","50-64","90","88","877","867","0.02","0.195","2024-25"
"2026-04-13","51111","Lunenburg","Age_Group","31-49","0","0","0","0","0","0","2025-26"
"2026-04-13","51105","Lee","Age_Group","5-11","0","0","0","0","0","0","2025-26"
"2025-10-07","51111","Lunenburg","Age_Group","31-49","113","112","517","511","0.038","0.175","2024-25"
"2025-10-07","51105","Lee","Age_Group","5-11","1","1","105","104","0.001","0.067","2024-25"
"2024-09-10","51111","Lunenburg","Age_Group","31-49","139","137","599","588","4.7%","20.2%","2023-24"
"2024-09-10","51105","Lee","Age_Group","5-11","2","2","126","126","0.1%","8.1%","2023-24"
"2026-04-13","51111","Lunenburg","Age_Group","50-64","0","0","0","0","0","0","2025-26"
"2026-04-13","51105","Lee","Age_Group","65+","0","0","0","0","0","0","2025-26"
"2025-10-07","51111","Lunenburg","Age_Group","50-64","226","220","621","615","0.094","0.263","2024-25"
"2025-10-07","51105","Lee","Age_Group","65+","360","342","1749","1717","0.067","0.335","2024-25"
"2024-09-10","51111","Lunenburg","Age_Group","50-64","263","257","815","779","11.0%","33.4%","2023-24"
"2024-09-10","51105","Lee","Age_Group","65+","589","544","2,633","2,499","10.6%","48.8%","2023-24"
"2026-04-13","51111","Lunenburg","Age_Group","5-11","0","0","0","0","0","0","2025-26"
"2026-04-13","51105","Lee","Race and Ethnicity","Asian or Pacific Islander","0","0","0","0","0","0","2025-26"
"2025-10-07","51111","Lunenburg","Age_Group","5-11","3","3","106","106","0.003","0.111","2024-25"
"2024-09-10","51105","Lee","Race and Ethnicity","Asian or Pacific Islander","0","0","13","13","0.0%","28.3%","2023-24"
"2024-09-10","51111","Lunenburg","Age_Group","5-11","6","6","152","151","0.6%","15.9%","2023-24"
"2025-10-07","51105","Lee","Race and Ethnicity","Asian or Pacific Islander","2","2","7","7","0.043","0.152","2024-25"
"2026-04-13","51111","Lunenburg","Age_Group","65+","0","0","0","0","0","0","2025-26"
"2026-04-13","51105","Lee","Race and Ethnicity","Black","0","0","0","0","0","0","2025-26"
"2025-10-07","51111","Lunenburg","Age_Group","65+","686","654","1384","1375","0.236","0.496","2024-25"
"2025-10-07","51105","Lee","Race and Ethnicity","Black","2","2","18","17","0.002","0.019","2024-25"
"2024-09-10","51111","Lunenburg","Age_Group","65+","828","782","1,827","1,712","28.2%","61.8%","2023-24"
"2024-09-10","51105","Lee","Race and Ethnicity","Black","3","3","17","16","0.3%","1.8%","2023-24"
"2026-04-13","51111","Lunenburg","Race and Ethnicity","Asian or Pacific Islander","0","0","0","0","0","0","2025-26"
"2026-04-13","51105","Lee","Age_Group","Female","0","0","0","0","0","0","2025-26"
"2025-10-07","51111","Lunenburg","Race and Ethnicity","Asian or Pacific Islander","2","2","16","15","0.08","0.6","2024-25"
"2026-04-13","51105","Lee","Race and Ethnicity","Female","0","0","0","0","0","0","2025-26"
"2024-09-10","51111","Lunenburg","Race and Ethnicity","Asian or Pacific Islander","3","2","10","10","8.0%","40.0%","2023-24"
"2026-04-13","51105","Lee","Sex","Female","117","116","1716","1701","0","0","2025-26"
"2026-04-13","51111","Lunenburg","Race and Ethnicity","Black","0","0","0","0","0","0","2025-26"
"2025-10-07","51105","Lee","Sex","Female","244","232","1986","1943","0","0","2024-25"
"2025-10-07","51111","Lunenburg","Race and Ethnicity","Black","376","358","875","864","0.095","0.229","2024-25"
"2024-09-10","51105","Lee","Sex","Female","477","438","2,814","2,685","4.2%","26.0%","2023-24"
"2024-09-10","51111","Lunenburg","Race and Ethnicity","Black","473","446","1,252","1,169","11.8%","31.0%","2023-24"
"2026-04-13","51105","Lee","Race and Ethnicity","Latino","0","0","0","0","0","0","2025-26"
"2026-04-13","51111","Lunenburg","Age_Group","Female","0","0","0","0","0","0","2025-26"
"2026-04-13","51111","Lunenburg","Race and Ethnicity","Female","0","0","0","0","0","0","2025-26"
"2026-04-13","51111","Lunenburg","Sex","Female","310","285","1305","1292","0","0","2025-26"
"2025-10-07","51111","Lunenburg","Sex","Female","527","504","1560","1537","0","0","2024-25"
"2024-09-10","51111","Lunenburg","Sex","Female","665","630","2,127","2,013","11.4%","36.4%","2023-24"
"2026-04-13","51111","Lunenburg","Race and Ethnicity","Latino","0","0","0","0","0","0","2025-26"
"2025-10-07","51111","Lunenburg","Race and Ethnicity","Latino","15","15","109","103","0.019","0.129","2024-25"
"2024-09-10","51111","Lunenburg","Race and Ethnicity","Latino","21","21","167","157","2.6%","19.7%","2023-24"
"2026-04-13","51111","Lunenburg","Age_Group","Male","0","0","0","0","0","0","2025-26"
"2026-04-13","51111","Lunenburg","Race and Ethnicity","Male","0","0","0","0","0","0","2025-26"
"2026-04-13","51111","Lunenburg","Sex","Male","217","199","889","875","0","0","2025-26"
"2025-10-07","51111","Lunenburg","Sex","Male","529","512","1442","1418","0","0","2024-25"
"2024-09-10","51111","Lunenburg","Sex","Male","597","578","1,840","1,739","9.1%","27.2%","2023-24"
"2026-04-13","51111","Lunenburg","Race and Ethnicity","Native American","0","0","0","0","0","0","2025-26"
"2024-09-10","51111","Lunenburg","Race and Ethnicity","Native American","10","9","24","21","23.7%","55.3%","2023-24"
"2025-10-07","51111","Lunenburg","Race and Ethnicity","Native American","8","8","22","22","0.211","0.579","2024-25"
"2026-04-13","51111","Lunenburg","Race and Ethnicity","Not Reported","0","0","0","0","0","0","2025-26"
"2026-04-13","51111","Lunenburg","Sex","Not Reported","0","0","0","0","0","0","2025-26"
"2024-09-10","51111","Lunenburg","Race and Ethnicity","Not Reported","104","103","330","317","","","2023-24"
"2025-10-07","51111","Lunenburg","Race and Ethnicity","Not Reported","66","66","163","160","0.006","0.013","2024-25"
"2026-04-13","51111","Lunenburg","Race and Ethnicity","Other Race","0","0","0","0","0","0","2025-26"
"2025-10-07","51111","Lunenburg","Race and Ethnicity","Other Race","4","4","21","19","0.015","0.069","2024-25"
"2024-09-10","51111","Lunenburg","Race and Ethnicity","Other Race","7","6","32","30","2.2%","10.9%","2023-24"
"2026-04-13","51111","Lunenburg","Age_Group","Unknown","0","0","0","0","0","0","2025-26"
"2026-04-13","51111","Lunenburg","Race and Ethnicity","Unknown","0","0","0","0","0","0","2025-26"
"2026-04-13","51111","Lunenburg","Sex","Unknown","0","0","0","0","0","0","2025-26"
"2026-04-13","51111","Lunenburg","Race and Ethnicity","White","0","0","0","0","0","0","2025-26"
"2025-10-07","51111","Lunenburg","Race and Ethnicity","White","585","563","1796","1772","0.08","0.253","2024-25"
"2024-09-10","51111","Lunenburg","Race and Ethnicity","White","644","621","2,152","2,048","8.9%","29.2%","2023-24"
"2026-04-13","51113","Madison","Age_Group","0-4","0","0","0","0","0","0","2025-26"
"2025-10-07","51113","Madison","Age_Group","0-4","14","13","230","177","0.019","0.255","2024-25"
"2024-09-10","51113","Madison","Age_Group","0-4","41","32","243","191","4.6%","27.5%","2023-24"
"2026-04-13","51113","Madison","Age_Group","12-17","0","0","0","0","0","0","2025-26"
"2025-10-07","51113","Madison","Age_Group","12-17","33","31","153","153","0.033","0.163","2024-25"
"2024-09-10","51113","Madison","Age_Group","12-17","35","35","172","166","3.7%","17.7%","2023-24"
"2026-04-13","51113","Madison","Age_Group","18-30","0","0","0","0","0","0","2025-26"
"2025-10-07","51113","Madison","Age_Group","18-30","51","49","228","226","0.026","0.119","2024-25"
"2024-09-10","51113","Madison","Age_Group","18-30","59","58","259","250","3.1%","13.2%","2023-24"
"2026-04-13","51113","Madison","Age_Group","31-49","0","0","0","0","0","0","2025-26"
"2024-09-10","51113","Madison","Age_Group","31-49","131","129","446","429","4.4%","14.6%","2023-24"
"2025-10-07","51113","Madison","Age_Group","31-49","146","142","392","389","0.048","0.133","2024-25"
"2026-04-13","51113","Madison","Age_Group","50-64","0","0","0","0","0","0","2025-26"
"2025-10-07","51113","Madison","Age_Group","50-64","330","319","762","758","0.102","0.241","2024-25"
"2024-09-10","51113","Madison","Age_Group","50-64","413","396","965","906","12.6%","28.9%","2023-24"
"2026-04-13","51113","Madison","Age_Group","5-11","0","0","0","0","0","0","2025-26"
"2024-09-10","51113","Madison","Age_Group","5-11","30","30","211","208","2.8%","19.7%","2023-24"
"2025-10-07","51113","Madison","Age_Group","5-11","31","30","196","195","0.028","0.184","2024-25"
"2026-04-13","51113","Madison","Age_Group","65+","0","0","0","0","0","0","2025-26"
"2024-09-10","51113","Madison","Age_Group","65+","1,088","933","2,056","1,888","28.3%","57.3%","2023-24"
"2025-10-07","51113","Madison","Age_Group","65+","1008","888","1714","1688","0.27","0.513","2024-25"
"2026-04-13","51113","Madison","Race and Ethnicity","Asian or Pacific Islander","0","0","0","0","0","0","2025-26"
"2025-10-07","51105","Lee","Race and Ethnicity","Latino","3","3","38","37","0.007","0.083","2024-25"
"2024-09-10","51105","Lee","Race and Ethnicity","Latino","8","6","54","53","1.3%","11.9%","2023-24"
"2026-04-13","51105","Lee","Age_Group","Male","0","0","0","0","0","0","2025-26"
"2026-04-13","51105","Lee","Race and Ethnicity","Male","0","0","0","0","0","0","2025-26"
"2025-10-07","51105","Lee","Sex","Male","268","257","1540","1508","0","0","2024-25"
"2024-09-10","51105","Lee","Sex","Male","371","357","2,247","2,119","3.1%","18.3%","2023-24"
"2026-04-13","51105","Lee","Sex","Male","99","97","1275","1260","0","0","2025-26"
"2026-04-13","51105","Lee","Race and Ethnicity","Native American","0","0","0","0","0","0","2025-26"
"2025-10-07","51105","Lee","Race and Ethnicity","Native American","4","4","17","16","0.045","0.182","2024-25"
"2024-09-10","51105","Lee","Race and Ethnicity","Native American","7","7","23","19","8.0%","21.6%","2023-24"
"2026-04-13","51105","Lee","Race and Ethnicity","Not Reported","0","0","0","0","0","0","2025-26"
"2024-09-10","51105","Lee","Race and Ethnicity","Not Reported","20","15","88","84","","","2023-24"
"2025-10-07","51105","Lee","Race and Ethnicity","Not Reported","6","5","47","42","0","0.002","2024-25"
"2026-04-13","51105","Lee","Race and Ethnicity","Other Race","0","0","0","0","0","0","2025-26"
"2024-09-10","51105","Lee","Race and Ethnicity","Other Race","1","1","16","15","0.4%","6.2%","2023-24"
"2025-10-07","51105","Lee","Race and Ethnicity","Other Race","4","3","12","11","0.012","0.045","2024-25"
"2026-04-13","51105","Lee","Age_Group","Unknown","0","0","0","0","0","0","2025-26"
"2026-04-13","51105","Lee","Race and Ethnicity","Unknown","0","0","0","0","0","0","2025-26"
"2026-04-13","51105","Lee","Sex","Unknown","0","0","0","0","0","0","2025-26"
"2026-04-13","51105","Lee","Race and Ethnicity","White","0","0","0","0","0","0","2025-26"
"2025-10-07","51105","Lee","Race and Ethnicity","White","491","470","3387","3321","0.023","0.165","2024-25"
"2024-09-10","51105","Lee","Race and Ethnicity","White","809","763","4,850","4,604","3.8%","22.8%","2023-24"
"2026-04-13","51107","Loudoun","Age_Group","0-4","0","0","0","0","0","0","2025-26"
"2025-10-07","51107","Loudoun","Age_Group","0-4","1841","1423","13905","11275","0.054","0.426","2024-25"
"2024-09-10","51107","Loudoun","Age_Group","0-4","3,760","2,816","15,686","12,568","10.6%","47.5%","2023-24"
"2026-04-13","51107","Loudoun","Age_Group","12-17","0","0","0","0","0","0","2025-26"
"2024-09-10","51107","Loudoun","Age_Group","12-17","4,711","4,586","14,991","14,471","11.5%","36.3%","2023-24"
"2025-10-07","51107","Loudoun","Age_Group","12-17","4140","4089","13746","13642","0.103","0.342","2024-25"
"2026-04-13","51107","Loudoun","Age_Group","18-30","0","0","0","0","0","0","2025-26"
"2024-09-10","51107","Loudoun","Age_Group","18-30","5,899","5,688","14,865","14,208","8.9%","22.4%","2023-24"
"2025-10-07","51107","Loudoun","Age_Group","18-30","5169","5086","13844","13738","0.08","0.216","2024-25"
"2026-04-13","51107","Loudoun","Age_Group","31-49","0","0","0","0","0","0","2025-26"
"2025-10-07","51107","Loudoun","Age_Group","31-49","12203","12029","31738","31466","0.094","0.245","2024-25"
"2024-09-10","51107","Loudoun","Age_Group","31-49","14,817","14,203","35,419","33,921","11.1%","26.4%","2023-24"
"2026-04-13","51107","Loudoun","Age_Group","50-64","0","0","0","0","0","0","2025-26"
"2025-10-07","51107","Loudoun","Age_Group","50-64","15985","15582","31234","30922","0.191","0.379","2024-25"
"2024-09-10","51107","Loudoun","Age_Group","50-64","18,975","17,867","34,609","32,516","21.9%","39.8%","2023-24"
"2025-10-07","51113","Madison","Race and Ethnicity","Asian or Pacific Islander","19","18","34","34","0.167","0.315","2024-25"
"2024-09-10","51113","Madison","Race and Ethnicity","Asian or Pacific Islander","19","19","34","34","17.6%","31.5%","2023-24"
"2026-04-13","51113","Madison","Race and Ethnicity","Black","0","0","0","0","0","0","2025-26"
"2025-10-07","51113","Madison","Race and Ethnicity","Black","204","192","415","401","0.166","0.346","2024-25"
"2024-09-10","51113","Madison","Race and Ethnicity","Black","229","209","490","460","18.0%","39.7%","2023-24"
"2026-04-13","51113","Madison","Age_Group","Female","0","0","0","0","0","0","2025-26"
"2026-04-13","51113","Madison","Race and Ethnicity","Female","0","0","0","0","0","0","2025-26"
"2024-09-10","51113","Madison","Sex","Female","1,021","920","2,489","2,314","12.9%","32.3%","2023-24"
"2026-04-13","51113","Madison","Sex","Female","546","504","1847","1809","0","0","2025-26"
"2025-10-07","51113","Madison","Sex","Female","890","819","2092","2045","0","0","2024-25"
"2026-04-13","51113","Madison","Race and Ethnicity","Latino","0","0","0","0","0","0","2025-26"
"2025-10-07","51113","Madison","Race and Ethnicity","Latino","29","28","130","126","0.056","0.251","2024-25"
"2024-09-10","51113","Madison","Race and Ethnicity","Latino","37","32","121","105","6.4%","21.0%","2023-24"
"2025-10-07","51121","Montgomery","Sex","Female","7188","6637","13626","13363","0","0","2024-25"
"2026-04-13","51121","Montgomery","Race and Ethnicity","Latino","0","0","0","0","0","0","2025-26"
"2025-10-07","51121","Montgomery","Race and Ethnicity","Latino","297","286","700","678","0.079","0.187","2024-25"
"2024-09-10","51121","Montgomery","Race and Ethnicity","Latino","313","284","867","799","7.8%","22.1%","2023-24"
"2026-04-13","51121","Montgomery","Age_Group","Male","0","0","0","0","0","0","2025-26"
"2026-04-13","51121","Montgomery","Race and Ethnicity","Male","0","0","0","0","0","0","2025-26"
"2026-04-13","51121","Montgomery","Sex","Male","4052","3444","9568","9394","0","0","2025-26"
"2025-10-07","51121","Montgomery","Sex","Male","5887","5428","10810","10570","0","0","2024-25"
"2024-09-10","51121","Montgomery","Sex","Male","6,265","5,509","12,448","11,593","10.7%","22.5%","2023-24"
"2026-04-13","51121","Montgomery","Race and Ethnicity","Native American","0","0","0","0","0","0","2025-26"
"2025-10-07","51121","Montgomery","Race and Ethnicity","Native American","117","107","230","225","0.598","1.257","2024-25"
"2024-09-10","51121","Montgomery","Race and Ethnicity","Native American","77","65","132","121","36.3%","67.6%","2023-24"
"2024-09-10","51121","Montgomery","Sex","Not Reported","0","0","37","36","","","2023-24"
"2026-04-13","51121","Montgomery","Race and Ethnicity","Not Reported","0","0","0","0","0","0","2025-26"
"2026-04-13","51121","Montgomery","Sex","Not Reported","0","0","0","0","0","0","2025-26"
"2025-10-07","51121","Montgomery","Race and Ethnicity","Not Reported","374","359","1776","1722","0.004","0.017","2024-25"
"2024-09-10","51121","Montgomery","Race and Ethnicity","Not Reported","476","442","2,450","2,319","","","2023-24"
"2026-04-13","51121","Montgomery","Race and Ethnicity","Other Race","0","0","0","0","0","0","2025-26"
"2024-09-10","51121","Montgomery","Race and Ethnicity","Other Race","260","242","580","537","9.7%","21.6%","2023-24"
"2025-10-07","51121","Montgomery","Race and Ethnicity","Other Race","271","252","525","514","0.101","0.207","2024-25"
"2026-04-13","51121","Montgomery","Age_Group","Unknown","0","0","0","0","0","0","2025-26"
"2026-04-13","51121","Montgomery","Race and Ethnicity","Unknown","0","0","0","0","0","0","2025-26"
"2025-10-07","51121","Montgomery","Sex","UNKNOWN","14","14","26","26","0","0","2024-25"
"2026-04-13","51121","Montgomery","Sex","UNKNOWN","27","22","52","52","0","0","2025-26"
"2026-04-13","51121","Montgomery","Race and Ethnicity","White","0","0","0","0","0","0","2025-26"
"2025-10-07","51121","Montgomery","Race and Ethnicity","White","10826","9939","18889","18529","0.121","0.226","2024-25"
"2024-09-10","51121","Montgomery","Race and Ethnicity","White","11,729","10,240","21,333","19,951","12.5%","24.3%","2023-24"
"2026-04-13","51125","Nelson","Age_Group","0-4","0","0","0","0","0","0","2025-26"
"2025-10-07","51125","Nelson","Age_Group","0-4","22","19","222","177","0.029","0.266","2024-25"
"2024-09-10","51125","Nelson","Age_Group","0-4","40","28","280","222","4.2%","33.4%","2023-24"
"2026-04-13","51125","Nelson","Age_Group","12-17","0","0","0","0","0","0","2025-26"
"2025-10-07","51125","Nelson","Age_Group","12-17","28","27","119","118","0.032","0.139","2024-25"
"2024-09-10","51125","Nelson","Age_Group","12-17","29","28","143","141","3.3%","16.6%","2023-24"
"2026-04-13","51125","Nelson","Age_Group","18-30","0","0","0","0","0","0","2025-26"
"2025-10-07","51125","Nelson","Age_Group","18-30","55","52","249","246","0.03","0.141","2024-25"
"2024-09-10","51125","Nelson","Age_Group","18-30","91","88","325","317","5.1%","18.2%","2023-24"
"2026-04-13","51125","Nelson","Age_Group","31-49","0","0","0","0","0","0","2025-26"
"2025-10-07","51125","Nelson","Age_Group","31-49","174","171","520","516","0.061","0.184","2024-25"
"2024-09-10","51125","Nelson","Age_Group","31-49","175","167","615","601","6.0%","21.5%","2023-24"
"2026-04-13","51125","Nelson","Age_Group","50-64","0","0","0","0","0","0","2025-26"
"2025-10-07","51125","Nelson","Age_Group","50-64","462","448","973","964","0.136","0.293","2024-25"
"2024-09-10","51125","Nelson","Age_Group","50-64","572","527","1,180","1,130","16.0%","34.3%","2023-24"
"2026-04-13","51125","Nelson","Age_Group","5-11","0","0","0","0","0","0","2025-26"
"2024-09-10","51125","Nelson","Age_Group","5-11","25","25","219","217","2.7%","23.6%","2023-24"
"2025-10-07","51125","Nelson","Age_Group","5-11","28","28","182","181","0.03","0.197","2024-25"
"2026-04-13","51125","Nelson","Age_Group","65+","0","0","0","0","0","0","2025-26"
"2024-09-10","51125","Nelson","Age_Group","65+","1,927","1,587","3,133","2,946","36.7%","68.1%","2023-24"
"2025-10-07","51125","Nelson","Age_Group","65+","1770","1502","2520","2486","0.347","0.575","2024-25"
"2026-04-13","51125","Nelson","Race and Ethnicity","Asian or Pacific Islander","0","0","0","0","0","0","2025-26"
"2024-09-10","51125","Nelson","Race and Ethnicity","Asian or Pacific Islander","29","26","47","44","19.0%","32.1%","2023-24"
"2025-10-07","51133","Northumberland","Race and Ethnicity","White","1359","1228","2852","2800","0.143","0.326","2024-25"
"2026-04-13","51135","Nottoway","Age_Group","0-4","0","0","0","0","0","0","2025-26"
"2025-10-07","51135","Nottoway","Age_Group","0-4","1","1","152","122","0.001","0.147","2024-25"
"2024-09-10","51135","Nottoway","Age_Group","0-4","6","6","250","202","0.7%","24.3%","2023-24"
"2026-04-13","51135","Nottoway","Age_Group","12-17","0","0","0","0","0","0","2025-26"
"2024-09-10","51135","Nottoway","Age_Group","12-17","10","10","159","155","1.0%","15.2%","2023-24"
"2025-10-07","51135","Nottoway","Age_Group","12-17","4","4","94","93","0.004","0.091","2024-25"
"2026-04-13","51135","Nottoway","Age_Group","18-30","0","0","0","0","0","0","2025-26"
"2024-09-10","51135","Nottoway","Age_Group","18-30","26","26","233","228","1.0%","8.5%","2023-24"
"2025-10-07","51135","Nottoway","Age_Group","18-30","27","27","196","194","0.01","0.072","2024-25"
"2026-04-13","51135","Nottoway","Age_Group","31-49","0","0","0","0","0","0","2025-26"
"2025-10-07","51135","Nottoway","Age_Group","31-49","116","113","490","486","0.029","0.126","2024-25"
"2024-09-10","51135","Nottoway","Age_Group","31-49","164","162","590","575","4.2%","14.9%","2023-24"
"2026-04-13","51135","Nottoway","Age_Group","50-64","0","0","0","0","0","0","2025-26"
"2025-10-07","51135","Nottoway","Age_Group","50-64","266","263","807","802","0.086","0.263","2024-25"
"2024-09-10","51135","Nottoway","Age_Group","50-64","360","354","1,013","964","11.6%","31.6%","2023-24"
"2026-04-13","51135","Nottoway","Age_Group","5-11","0","0","0","0","0","0","2025-26"
"2024-09-10","51135","Nottoway","Age_Group","5-11","12","12","224","222","1.0%","18.6%","2023-24"
"2025-10-07","51135","Nottoway","Age_Group","5-11","3","3","102","102","0.003","0.086","2024-25"
"2026-04-13","51135","Nottoway","Age_Group","65+","0","0","0","0","0","0","2025-26"
"2025-10-07","51135","Nottoway","Age_Group","65+","645","620","1652","1636","0.218","0.574","2024-25"
"2024-09-10","51135","Nottoway","Age_Group","65+","877","785","1,869","1,768","27.6%","62.1%","2023-24"
"2026-04-13","51135","Nottoway","Race and Ethnicity","Asian or Pacific Islander","0","0","0","0","0","0","2025-26"
"2025-10-07","51135","Nottoway","Race and Ethnicity","Asian or Pacific Islander","6","5","21","20","0.058","0.233","2024-25"
"2024-09-10","51135","Nottoway","Race and Ethnicity","Asian or Pacific Islander","7","7","16","16","8.1%","18.6%","2023-24"
"2026-04-13","51135","Nottoway","Race and Ethnicity","Black","0","0","0","0","0","0","2025-26"
"2025-10-07","51135","Nottoway","Race and Ethnicity","Black","513","495","1261","1241","0.084","0.211","2024-25"
"2024-09-10","51135","Nottoway","Race and Ethnicity","Black","660","612","1,527","1,457","10.4%","24.7%","2023-24"
"2026-04-13","51135","Nottoway","Age_Group","Female","0","0","0","0","0","0","2025-26"
"2026-04-13","51135","Nottoway","Race and Ethnicity","Female","0","0","0","0","0","0","2025-26"
"2026-04-13","51135","Nottoway","Sex","Female","246","237","1567","1548","0","0","2025-26"
"2025-10-07","51135","Nottoway","Sex","Female","464","453","1864","1832","0","0","2024-25"
"2024-09-10","51135","Nottoway","Sex","Female","624","597","2,251","2,127","8.2%","29.3%","2023-24"
"2026-04-13","51135","Nottoway","Race and Ethnicity","Latino","0","0","0","0","0","0","2025-26"
"2025-10-07","51135","Nottoway","Race and Ethnicity","Latino","33","31","132","128","0.042","0.174","2024-25"
"2024-09-10","51135","Nottoway","Race and Ethnicity","Latino","43","39","187","178","5.3%","24.2%","2023-24"
"2026-04-13","51135","Nottoway","Age_Group","Male","0","0","0","0","0","0","2025-26"
"2026-04-13","51135","Nottoway","Race and Ethnicity","Male","0","0","0","0","0","0","2025-26"
"2026-04-13","51135","Nottoway","Sex","Male","214","209","1381","1356","0","0","2025-26"
"2025-10-07","51135","Nottoway","Sex","Male","598","578","1629","1603","0","0","2024-25"
"2024-09-10","51135","Nottoway","Sex","Male","831","758","2,087","1,987","9.2%","24.1%","2023-24"
"2026-04-13","51135","Nottoway","Race and Ethnicity","Native American","0","0","0","0","0","0","2025-26"
"2024-09-10","51135","Nottoway","Race and Ethnicity","Native American","11","9","11","10","22.5%","25.0%","2023-24"
"2025-10-07","51135","Nottoway","Race and Ethnicity","Native American","8","7","14","14","0.175","0.35","2024-25"
"2026-04-13","51135","Nottoway","Race and Ethnicity","Not Reported","0","0","0","0","0","0","2025-26"
"2024-09-10","51135","Nottoway","Race and Ethnicity","Not Reported","14","14","244","230","","","2023-24"
"2025-10-07","51135","Nottoway","Race and Ethnicity","Not Reported","5","5","108","101","0","0.007","2024-25"
"2026-04-13","51135","Nottoway","Race and Ethnicity","Other Race","0","0","0","0","0","0","2025-26"
"2025-10-07","51135","Nottoway","Race and Ethnicity","Other Race","1","1","17","17","0.004","0.065","2024-25"
"2024-09-10","51135","Nottoway","Race and Ethnicity","Other Race","8","6","44","42","2.3%","16.2%","2023-24"
"2026-04-13","51135","Nottoway","Age_Group","Unknown","0","0","0","0","0","0","2025-26"
"2026-04-13","51135","Nottoway","Race and Ethnicity","Unknown","0","0","0","0","0","0","2025-26"
"2026-04-13","51135","Nottoway","Sex","Unknown","0","0","0","0","0","0","2025-26"
"2026-04-13","51135","Nottoway","Race and Ethnicity","White","0","0","0","0","0","0","2025-26"
"2025-10-07","51135","Nottoway","Race and Ethnicity","White","496","487","1940","1914","0.057","0.226","2024-25"
"2024-09-10","51135","Nottoway","Race and Ethnicity","White","712","668","2,309","2,181","7.9%","25.7%","2023-24"
"2026-04-13","51137","Orange","Age_Group","0-4","0","0","0","0","0","0","2025-26"
"2025-10-07","51137","Orange","Age_Group","0-4","14","12","767","610","0.005","0.277","2024-25"
"2025-10-07","51125","Nelson","Race and Ethnicity","Asian or Pacific Islander","35","27","45","45","0.197","0.328","2024-25"
"2024-09-10","51137","Orange","Age_Group","0-4","82","66","890","684","3.0%","31.1%","2023-24"
"2026-04-13","51125","Nelson","Race and Ethnicity","Black","0","0","0","0","0","0","2025-26"
"2026-04-13","51137","Orange","Age_Group","12-17","0","0","0","0","0","0","2025-26"
"2024-09-10","51125","Nelson","Race and Ethnicity","Black","228","215","615","587","14.3%","39.0%","2023-24"
"2024-09-10","51137","Orange","Age_Group","12-17","101","100","532","525","3.8%","20.1%","2023-24"
"2025-10-07","51125","Nelson","Race and Ethnicity","Black","235","212","496","484","0.141","0.322","2024-25"
"2025-10-07","51137","Orange","Age_Group","12-17","96","95","456","455","0.036","0.174","2024-25"
"2026-04-13","51125","Nelson","Age_Group","Female","0","0","0","0","0","0","2025-26"
"2026-04-13","51137","Orange","Age_Group","18-30","0","0","0","0","0","0","2025-26"
"2026-04-13","51125","Nelson","Race and Ethnicity","Female","0","0","0","0","0","0","2025-26"
"2024-09-10","51137","Orange","Age_Group","18-30","155","152","759","723","2.7%","12.9%","2023-24"
"2024-09-10","51125","Nelson","Sex","Female","1,608","1,389","3,327","3,147","18.6%","42.1%","2023-24"
"2025-10-07","51137","Orange","Age_Group","18-30","161","158","697","692","0.028","0.123","2024-25"
"2026-04-13","51137","Orange","Age_Group","31-49","0","0","0","0","0","0","2025-26"
"2025-10-07","51125","Nelson","Sex","Female","1405","1246","2742","2694","0","0","2024-25"
"2024-09-10","51137","Orange","Age_Group","31-49","407","394","1,401","1,348","4.6%","15.8%","2023-24"
"2026-04-13","51125","Nelson","Sex","Female","934","899","2411","2357","0","0","2025-26"
"2025-10-07","51137","Orange","Age_Group","31-49","421","408","1201","1193","0.048","0.14","2024-25"
"2026-04-13","51125","Nelson","Race and Ethnicity","Latino","0","0","0","0","0","0","2025-26"
"2026-04-13","51137","Orange","Age_Group","50-64","0","0","0","0","0","0","2025-26"
"2025-10-07","51125","Nelson","Race and Ethnicity","Latino","66","63","226","214","0.091","0.309","2024-25"
"2025-10-07","51137","Orange","Age_Group","50-64","899","883","1933","1921","0.11","0.239","2024-25"
"2024-09-10","51125","Nelson","Race and Ethnicity","Latino","81","71","286","268","10.2%","38.7%","2023-24"
"2024-09-10","51137","Orange","Age_Group","50-64","988","936","2,430","2,288","11.6%","28.4%","2023-24"
"2026-04-13","51125","Nelson","Age_Group","Male","0","0","0","0","0","0","2025-26"
"2026-04-13","51137","Orange","Age_Group","5-11","0","0","0","0","0","0","2025-26"
"2026-04-13","51125","Nelson","Race and Ethnicity","Male","0","0","0","0","0","0","2025-26"
"2025-10-07","51137","Orange","Age_Group","5-11","67","67","619","614","0.021","0.195","2024-25"
"2024-09-10","51125","Nelson","Sex","Male","1,251","1,061","2,564","2,423","14.9%","34.0%","2023-24"
"2024-09-10","51137","Orange","Age_Group","5-11","79","75","683","666","2.4%","21.2%","2023-24"
"2025-10-07","51125","Nelson","Sex","Male","1134","1001","2041","1992","0","0","2024-25"
"2026-04-13","51137","Orange","Age_Group","65+","0","0","0","0","0","0","2025-26"
"2026-04-13","51125","Nelson","Sex","Male","715","698","1810","1755","0","0","2025-26"
"2025-10-07","51137","Orange","Age_Group","65+","2878","2543","4550","4494","0.326","0.576","2024-25"
"2026-04-13","51125","Nelson","Race and Ethnicity","Native American","0","0","0","0","0","0","2025-26"
"2024-09-10","51137","Orange","Age_Group","65+","3,087","2,682","5,418","4,955","34.4%","63.5%","2023-24"
"2024-09-10","51125","Nelson","Race and Ethnicity","Native American","25","22","43","42","47.8%","91.3%","2023-24"
"2026-04-13","51137","Orange","Race and Ethnicity","Asian or Pacific Islander","0","0","0","0","0","0","2025-26"
"2024-09-10","51137","Orange","Race and Ethnicity","Asian or Pacific Islander","63","58","165","147","11.8%","29.9%","2023-24"
"2025-10-07","51125","Nelson","Race and Ethnicity","Native American","28","25","36","36","0.543","0.783","2024-25"
"2025-10-07","51137","Orange","Race and Ethnicity","Asian or Pacific Islander","76","71","179","177","0.145","0.36","2024-25"
"2024-09-10","51125","Nelson","Sex","Not Reported","0","0","4","4","","","2023-24"
"2026-04-13","51125","Nelson","Race and Ethnicity","Not Reported","0","0","0","0","0","0","2025-26"
"2026-04-13","51125","Nelson","Sex","Not Reported","0","0","0","0","0","0","2025-26"
"2025-10-07","51125","Nelson","Race and Ethnicity","Not Reported","11","11","63","61","0.001","0.004","2024-25"
"2024-09-10","51125","Nelson","Race and Ethnicity","Not Reported","19","17","97","89","","","2023-24"
"2026-04-13","51125","Nelson","Race and Ethnicity","Other Race","0","0","0","0","0","0","2025-26"
"2024-09-10","51125","Nelson","Race and Ethnicity","Other Race","6","6","16","16","1.9%","5.2%","2023-24"
"2025-10-07","51125","Nelson","Race and Ethnicity","Other Race","7","7","19","18","0.023","0.058","2024-25"
"2026-04-13","51125","Nelson","Age_Group","Unknown","0","0","0","0","0","0","2025-26"
"2026-04-13","51125","Nelson","Race and Ethnicity","Unknown","0","0","0","0","0","0","2025-26"
"2025-10-07","51125","Nelson","Sex","UNKNOWN","0","0","2","2","0","0","2024-25"
"2026-04-13","51125","Nelson","Sex","UNKNOWN","2","2","6","6","0","0","2025-26"
"2026-04-13","51125","Nelson","Race and Ethnicity","White","0","0","0","0","0","0","2025-26"
"2026-04-13","51145","Powhatan","Sex","Male","752","735","3006","2951","0","0","2025-26"
"2026-04-13","51145","Powhatan","Race and Ethnicity","Native American","0","0","0","0","0","0","2025-26"
"2024-09-10","51145","Powhatan","Race and Ethnicity","Native American","23","21","61","58","20.0%","55.2%","2023-24"
"2025-10-07","51145","Powhatan","Race and Ethnicity","Native American","36","35","104","102","0.333","0.971","2024-25"
"2024-09-10","51145","Powhatan","Sex","Not Reported","0","0","3","3","","","2023-24"
"2026-04-13","51145","Powhatan","Race and Ethnicity","Not Reported","0","0","0","0","0","0","2025-26"
"2026-04-13","51145","Powhatan","Sex","Not Reported","0","0","0","0","0","0","2025-26"
"2025-10-07","51145","Powhatan","Race and Ethnicity","Not Reported","30","30","238","217","0.001","0.007","2024-25"
"2024-09-10","51145","Powhatan","Race and Ethnicity","Not Reported","76","70","354","321","","","2023-24"
"2026-04-13","51145","Powhatan","Race and Ethnicity","Other Race","0","0","0","0","0","0","2025-26"
"2025-10-07","51145","Powhatan","Race and Ethnicity","Other Race","14","14","72","67","0.028","0.133","2024-25"
"2024-09-10","51145","Powhatan","Race and Ethnicity","Other Race","16","15","81","75","3.0%","14.9%","2023-24"
"2026-04-13","51145","Powhatan","Age_Group","Unknown","0","0","0","0","0","0","2025-26"
"2026-04-13","51145","Powhatan","Race and Ethnicity","Unknown","0","0","0","0","0","0","2025-26"
"2026-04-13","51145","Powhatan","Sex","UNKNOWN","1","1","2","2","0","0","2025-26"
"2026-04-13","51145","Powhatan","Race and Ethnicity","White","0","0","0","0","0","0","2025-26"
"2024-09-10","51145","Powhatan","Race and Ethnicity","White","2,716","2,455","7,301","6,909","9.0%","25.4%","2023-24"
"2025-10-07","51145","Powhatan","Race and Ethnicity","White","2373","2245","6594","6463","0.083","0.238","2024-25"
"2026-04-13","51147","Prince Edward","Age_Group","0-4","0","0","0","0","0","0","2025-26"
"2024-09-10","51147","Prince Edward","Age_Group","0-4","11","9","333","270","0.9%","26.6%","2023-24"
"2025-10-07","51147","Prince Edward","Age_Group","0-4","3","3","154","125","0.003","0.123","2024-25"
"2026-04-13","51147","Prince Edward","Age_Group","12-17","0","0","0","0","0","0","2025-26"
"2025-10-07","51147","Prince Edward","Age_Group","12-17","15","15","98","97","0.007","0.047","2024-25"
"2024-09-10","51147","Prince Edward","Age_Group","12-17","36","36","237","234","1.7%","11.3%","2023-24"
"2026-04-13","51147","Prince Edward","Age_Group","18-30","0","0","0","0","0","0","2025-26"
"2025-10-07","51147","Prince Edward","Age_Group","18-30","79","78","457","454","0.012","0.071","2024-25"
"2024-09-10","51147","Prince Edward","Age_Group","18-30","94","92","559","550","1.4%","8.6%","2023-24"
"2026-04-13","51147","Prince Edward","Age_Group","31-49","0","0","0","0","0","0","2025-26"
"2025-10-07","51147","Prince Edward","Age_Group","31-49","195","189","686","682","0.047","0.171","2024-25"
"2024-09-10","51147","Prince Edward","Age_Group","31-49","254","240","822","797","6.0%","20.0%","2023-24"
"2026-04-13","51147","Prince Edward","Age_Group","50-64","0","0","0","0","0","0","2025-26"
"2025-10-07","51147","Prince Edward","Age_Group","50-64","403","397","998","987","0.116","0.288","2024-25"
"2024-09-10","51147","Prince Edward","Age_Group","50-64","485","457","1,229","1,174","13.3%","34.2%","2023-24"
"2026-04-13","51147","Prince Edward","Age_Group","5-11","0","0","0","0","0","0","2025-26"
"2025-10-07","51147","Prince Edward","Age_Group","5-11","12","12","147","145","0.009","0.11","2024-25"
"2024-09-10","51147","Prince Edward","Age_Group","5-11","17","17","313","302","1.3%","23.0%","2023-24"
"2026-04-13","51147","Prince Edward","Age_Group","65+","0","0","0","0","0","0","2025-26"
"2024-09-10","51147","Prince Edward","Age_Group","65+","1,229","1,124","2,531","2,369","30.5%","64.3%","2023-24"
"2026-04-13","51137","Orange","Race and Ethnicity","Black","0","0","0","0","0","0","2025-26"
"2025-10-07","51137","Orange","Race and Ethnicity","Black","583","542","1284","1255","0.115","0.265","2024-25"
"2024-09-10","51137","Orange","Race and Ethnicity","Black","649","599","1,612","1,503","12.7%","31.8%","2023-24"
"2026-04-13","51137","Orange","Age_Group","Female","0","0","0","0","0","0","2025-26"
"2026-04-13","51137","Orange","Race and Ethnicity","Female","0","0","0","0","0","0","2025-26"
"2026-04-13","51137","Orange","Sex","Female","1486","1404","5147","5050","0","0","2025-26"
"2024-09-10","51137","Orange","Sex","Female","2,766","2,485","6,951","6,433","12.8%","33.2%","2023-24"
"2025-10-07","51137","Orange","Sex","Female","2485","2294","5778","5656","0","0","2024-25"
"2026-04-13","51137","Orange","Race and Ethnicity","Latino","0","0","0","0","0","0","2025-26"
"2025-10-07","51137","Orange","Race and Ethnicity","Latino","166","160","665","632","0.063","0.248","2024-25"
"2024-09-10","51137","Orange","Race and Ethnicity","Latino","187","178","686","635","7.0%","24.9%","2023-24"
"2026-04-13","51137","Orange","Age_Group","Male","0","0","0","0","0","0","2025-26"
"2026-04-13","51137","Orange","Race and Ethnicity","Male","0","0","0","0","0","0","2025-26"
"2026-04-13","51137","Orange","Sex","Male","1150","1089","3765","3648","0","0","2025-26"
"2024-09-10","51137","Orange","Sex","Male","2,131","1,918","5,155","4,749","10.3%","25.6%","2023-24"
"2025-10-07","51137","Orange","Sex","Male","2051","1872","4438","4316","0","0","2024-25"
"2026-04-13","51137","Orange","Race and Ethnicity","Native American","0","0","0","0","0","0","2025-26"
"2025-10-07","51137","Orange","Race and Ethnicity","Native American","44","42","87","84","0.284","0.568","2024-25"
"2024-09-10","51137","Orange","Race and Ethnicity","Native American","45","38","79","69","25.7%","46.6%","2023-24"
"2026-04-13","51137","Orange","Race and Ethnicity","Not Reported","0","0","0","0","0","0","2025-26"
"2026-04-13","51137","Orange","Sex","Not Reported","0","0","0","0","0","0","2025-26"
"2024-09-10","51137","Orange","Sex","Not Reported","2","2","7","7","","","2023-24"
"2024-09-10","51137","Orange","Race and Ethnicity","Not Reported","32","31","290","270","","","2023-24"
"2025-10-07","51137","Orange","Race and Ethnicity","Not Reported","33","29","169","160","0.001","0.004","2024-25"
"2026-04-13","51137","Orange","Race and Ethnicity","Other Race","0","0","0","0","0","0","2025-26"
"2024-09-10","51137","Orange","Race and Ethnicity","Other Race","35","32","213","192","2.8%","16.9%","2023-24"
"2025-10-07","51137","Orange","Race and Ethnicity","Other Race","37","35","170","163","0.031","0.144","2024-25"
"2026-04-13","51137","Orange","Age_Group","Unknown","0","0","0","0","0","0","2025-26"
"2026-04-13","51137","Orange","Race and Ethnicity","Unknown","0","0","0","0","0","0","2025-26"
"2025-10-07","51137","Orange","Sex","UNKNOWN","0","0","7","7","0","0","2024-25"
"2026-04-13","51137","Orange","Sex","UNKNOWN","1","1","10","10","0","0","2025-26"
"2026-04-13","51137","Orange","Race and Ethnicity","White","0","0","0","0","0","0","2025-26"
"2024-09-10","51137","Orange","Race and Ethnicity","White","3,888","3,469","9,068","8,373","12.0%","29.0%","2023-24"
"2025-10-07","51137","Orange","Race and Ethnicity","White","3597","3287","7669","7508","0.114","0.26","2024-25"
"2026-04-13","51139","Page","Age_Group","0-4","0","0","0","0","0","0","2025-26"
"2025-10-07","51139","Page","Age_Group","0-4","4","3","251","203","0.002","0.165","2024-25"
"2024-09-10","51139","Page","Age_Group","0-4","4","4","270","219","0.3%","17.8%","2023-24"
"2026-04-13","51139","Page","Age_Group","12-17","0","0","0","0","0","0","2025-26"
"2025-10-07","51139","Page","Age_Group","12-17","10","10","129","129","0.006","0.083","2024-25"
"2024-09-10","51139","Page","Age_Group","12-17","12","12","143","137","0.8%","8.9%","2023-24"
"2026-04-13","51139","Page","Age_Group","18-30","0","0","0","0","0","0","2025-26"
"2025-10-07","51139","Page","Age_Group","18-30","50","49","337","335","0.015","0.101","2024-25"
"2024-09-10","51139","Page","Age_Group","18-30","65","62","314","301","1.9%","9.1%","2023-24"
"2026-04-13","51139","Page","Age_Group","31-49","0","0","0","0","0","0","2025-26"
"2025-10-07","51139","Page","Age_Group","31-49","131","128","615","611","0.025","0.118","2024-25"
"2024-09-10","51139","Page","Age_Group","31-49","147","140","640","618","2.7%","11.9%","2023-24"
"2026-04-13","51139","Page","Age_Group","50-64","0","0","0","0","0","0","2025-26"
"2025-10-07","51139","Page","Age_Group","50-64","355","350","1161","1155","0.066","0.216","2024-25"
"2024-09-10","51139","Page","Age_Group","50-64","411","380","1,290","1,217","7.1%","22.8%","2023-24"
"2026-04-13","51139","Page","Age_Group","5-11","0","0","0","0","0","0","2025-26"
"2024-09-10","51139","Page","Age_Group","5-11","2","2","168","166","0.1%","9.1%","2023-24"
"2025-10-07","51139","Page","Age_Group","5-11","7","7","174","173","0.004","0.095","2024-25"
"2026-04-13","51139","Page","Age_Group","65+","0","0","0","0","0","0","2025-26"
"2024-09-10","51139","Page","Age_Group","65+","1,275","1,107","2,836","2,620","20.9%","49.4%","2023-24"
"2025-10-07","51139","Page","Age_Group","65+","1153","1063","2479","2453","0.2","0.463","2024-25"
"2026-04-13","51139","Page","Race and Ethnicity","Asian or Pacific Islander","0","0","0","0","0","0","2025-26"
"2024-09-10","51139","Page","Race and Ethnicity","Asian or Pacific Islander","26","23","67","62","16.9%","45.6%","2023-24"
"2025-10-07","51139","Page","Race and Ethnicity","Asian or Pacific Islander","27","26","85","84","0.191","0.618","2024-25"
"2026-04-13","51139","Page","Race and Ethnicity","Black","0","0","0","0","0","0","2025-26"
"2024-09-10","51139","Page","Race and Ethnicity","Black","58","47","152","130","8.6%","23.8%","2023-24"
"2025-10-07","51139","Page","Race and Ethnicity","Black","59","54","125","125","0.099","0.229","2024-25"
"2026-04-13","51139","Page","Age_Group","Female","0","0","0","0","0","0","2025-26"
"2026-04-13","51139","Page","Race and Ethnicity","Female","0","0","0","0","0","0","2025-26"
"2024-09-10","51139","Page","Sex","Female","1,052","944","3,213","3,000","7.9%","25.2%","2023-24"
"2026-04-13","51139","Page","Sex","Female","544","531","2473","2439","0","0","2025-26"
"2025-10-07","51139","Page","Sex","Female","936","883","2957","2918","0","0","2024-25"
"2026-04-13","51139","Page","Race and Ethnicity","Latino","0","0","0","0","0","0","2025-26"
"2024-09-10","51139","Page","Race and Ethnicity","Latino","36","30","107","98","5.1%","16.7%","2023-24"
"2025-10-07","51139","Page","Race and Ethnicity","Latino","47","43","101","99","0.073","0.169","2024-25"
"2026-04-13","51139","Page","Age_Group","Male","0","0","0","0","0","0","2025-26"
"2026-04-13","51139","Page","Race and Ethnicity","Male","0","0","0","0","0","0","2025-26"
"2026-04-13","51139","Page","Sex","Male","439","424","1794","1768","0","0","2025-26"
"2025-10-07","51139","Page","Sex","Male","774","727","2181","2133","0","0","2024-25"
"2024-09-10","51139","Page","Sex","Male","864","763","2,438","2,268","6.5%","19.2%","2023-24"
"2026-04-13","51139","Page","Race and Ethnicity","Native American","0","0","0","0","0","0","2025-26"
"2025-10-07","51139","Page","Race and Ethnicity","Native American","12","11","25","25","0.268","0.61","2024-25"
"2024-09-10","51139","Page","Race and Ethnicity","Native American","19","16","31","28","39.0%","68.3%","2023-24"
"2024-09-10","51139","Page","Sex","Not Reported","0","0","10","10","","","2023-24"
"2026-04-13","51139","Page","Race and Ethnicity","Not Reported","0","0","0","0","0","0","2025-26"
"2026-04-13","51139","Page","Sex","Not Reported","0","0","0","0","0","0","2025-26"
"2025-10-07","51139","Page","Race and Ethnicity","Not Reported","12","12","122","117","0.001","0.005","2024-25"
"2024-09-10","51139","Page","Race and Ethnicity","Not Reported","15","15","195","183","","","2023-24"
"2026-04-13","51139","Page","Race and Ethnicity","Other Race","0","0","0","0","0","0","2025-26"
"2024-09-10","51139","Page","Race and Ethnicity","Other Race","6","4","22","22","1.1%","6.3%","2023-24"
"2025-10-07","51139","Page","Race and Ethnicity","Other Race","7","6","28","27","0.017","0.077","2024-25"
"2026-04-13","51139","Page","Age_Group","Unknown","0","0","0","0","0","0","2025-26"
"2026-04-13","51139","Page","Race and Ethnicity","Unknown","0","0","0","0","0","0","2025-26"
"2025-10-07","51139","Page","Sex","UNKNOWN","0","0","8","8","0","0","2024-25"
"2026-04-13","51139","Page","Sex","UNKNOWN","0","0","8","8","0","0","2025-26"
"2026-04-13","51139","Page","Race and Ethnicity","White","0","0","0","0","0","0","2025-26"
"2024-09-10","51139","Page","Race and Ethnicity","White","1,756","1,572","5,087","4,755","7.1%","21.6%","2023-24"
"2025-10-07","51139","Page","Race and Ethnicity","White","1546","1458","4660","4582","0.066","0.208","2024-25"
"2026-04-13","51141","Patrick","Age_Group","0-4","0","0","0","0","0","0","2025-26"
"2025-10-07","51141","Patrick","Age_Group","0-4","2","2","70","61","0.003","0.09","2024-25"
"2024-09-10","51141","Patrick","Age_Group","0-4","3","3","85","66","0.4%","9.8%","2023-24"
"2026-04-13","51141","Patrick","Age_Group","12-17","0","0","0","0","0","0","2025-26"
"2025-10-07","51141","Patrick","Age_Group","12-17","10","10","74","73","0.009","0.066","2024-25"
"2024-09-10","51141","Patrick","Age_Group","12-17","14","13","95","93","1.2%","8.4%","2023-24"
"2026-04-13","51141","Patrick","Age_Group","18-30","0","0","0","0","0","0","2025-26"
"2025-10-07","51141","Patrick","Age_Group","18-30","31","31","179","173","0.015","0.083","2024-25"
"2024-09-10","51141","Patrick","Age_Group","18-30","34","32","198","189","1.5%","9.0%","2023-24"
"2026-04-13","51141","Patrick","Age_Group","31-49","0","0","0","0","0","0","2025-26"
"2025-10-07","51141","Patrick","Age_Group","31-49","63","61","383","379","0.018","0.113","2024-25"
"2024-09-10","51141","Patrick","Age_Group","31-49","88","82","456","428","2.4%","12.8%","2023-24"
"2026-04-13","51141","Patrick","Age_Group","50-64","0","0","0","0","0","0","2025-26"
"2025-10-07","51141","Patrick","Age_Group","50-64","235","230","837","817","0.054","0.192","2024-25"
"2024-09-10","51141","Patrick","Age_Group","50-64","277","254","1,036","967","6.0%","22.7%","2023-24"
"2026-04-13","51141","Patrick","Age_Group","5-11","0","0","0","0","0","0","2025-26"
"2024-09-10","51141","Patrick","Age_Group","5-11","0","0","90","89","0.0%","7.6%","2023-24"
"2025-10-07","51141","Patrick","Age_Group","5-11","1","1","81","81","0.001","0.069","2024-25"
"2026-04-13","51141","Patrick","Age_Group","65+","0","0","0","0","0","0","2025-26"
"2025-10-07","51141","Patrick","Age_Group","65+","689","648","1840","1799","0.132","0.368","2024-25"
"2024-09-10","51141","Patrick","Age_Group","65+","811","735","2,273","2,115","15.0%","43.2%","2023-24"
"2026-04-13","51141","Patrick","Race and Ethnicity","Asian or Pacific Islander","0","0","0","0","0","0","2025-26"
"2025-10-07","51141","Patrick","Race and Ethnicity","Asian or Pacific Islander","4","4","11","11","0.073","0.2","2024-25"
"2024-09-10","51141","Patrick","Race and Ethnicity","Asian or Pacific Islander","6","6","20","20","10.9%","36.4%","2023-24"
"2026-04-13","51141","Patrick","Race and Ethnicity","Black","0","0","0","0","0","0","2025-26"
"2025-10-07","51141","Patrick","Race and Ethnicity","Black","55","54","198","193","0.059","0.209","2024-25"
"2024-09-10","51141","Patrick","Race and Ethnicity","Black","82","70","235","218","7.6%","23.6%","2023-24"
"2026-04-13","51141","Patrick","Age_Group","Female","0","0","0","0","0","0","2025-26"
"2026-04-13","51141","Patrick","Race and Ethnicity","Female","0","0","0","0","0","0","2025-26"
"2026-04-13","51141","Patrick","Sex","Female","272","265","1685","1652","0","0","2025-26"
"2025-10-07","51141","Patrick","Sex","Female","563","539","2026","1972","0","0","2024-25"
"2024-09-10","51141","Patrick","Sex","Female","684","628","2,426","2,251","7.2%","25.9%","2023-24"
"2026-04-13","51141","Patrick","Race and Ethnicity","Latino","0","0","0","0","0","0","2025-26"
"2025-10-07","51141","Patrick","Race and Ethnicity","Latino","22","20","91","89","0.038","0.168","2024-25"
"2024-09-10","51141","Patrick","Race and Ethnicity","Latino","26","22","105","98","4.2%","18.5%","2023-24"
"2026-04-13","51141","Patrick","Age_Group","Male","0","0","0","0","0","0","2025-26"
"2026-04-13","51141","Patrick","Race and Ethnicity","Male","0","0","0","0","0","0","2025-26"
"2026-04-13","51141","Patrick","Sex","Male","235","225","1266","1246","0","0","2025-26"
"2025-10-07","51147","Prince Edward","Age_Group","65+","1144","1076","2126","2102","0.292","0.571","2024-25"
"2025-10-07","51141","Patrick","Sex","Male","468","444","1438","1411","0","0","2024-25"
"2026-04-13","51147","Prince Edward","Race and Ethnicity","Asian or Pacific Islander","0","0","0","0","0","0","2025-26"
"2024-09-10","51141","Patrick","Sex","Male","542","490","1,807","1,696","5.5%","19.1%","2023-24"
"2025-10-07","51147","Prince Edward","Race and Ethnicity","Asian or Pacific Islander","14","13","62","60","0.045","0.207","2024-25"
"2026-04-13","51141","Patrick","Race and Ethnicity","Native American","0","0","0","0","0","0","2025-26"
"2024-09-10","51147","Prince Edward","Race and Ethnicity","Asian or Pacific Islander","20","20","62","58","6.9%","20.0%","2023-24"
"2025-10-07","51141","Patrick","Race and Ethnicity","Native American","10","10","15","15","0.217","0.326","2024-25"
"2024-09-10","51141","Patrick","Race and Ethnicity","Native American","11","11","20","20","23.9%","43.5%","2023-24"
"2026-04-13","51147","Prince Edward","Race and Ethnicity","Black","0","0","0","0","0","0","2025-26"
"2026-04-13","51141","Patrick","Race and Ethnicity","Not Reported","0","0","0","0","0","0","2025-26"
"2025-10-07","51147","Prince Edward","Race and Ethnicity","Black","622","606","1463","1444","0.089","0.211","2024-25"
"2024-09-10","51147","Prince Edward","Race and Ethnicity","Black","756","709","1,984","1,877","10.4%","27.4%","2023-24"
"2026-04-13","51141","Patrick","Sex","Not Reported","0","0","0","0","0","0","2025-26"
"2024-09-10","51141","Patrick","Sex","Not Reported","1","1","0","0","","","2023-24"
"2026-04-13","51147","Prince Edward","Age_Group","Female","0","0","0","0","0","0","2025-26"
"2025-10-07","51141","Patrick","Race and Ethnicity","Not Reported","14","14","101","98","0.001","0.006","2024-25"
"2026-04-13","51147","Prince Edward","Race and Ethnicity","Female","0","0","0","0","0","0","2025-26"
"2024-09-10","51147","Prince Edward","Sex","Female","1,255","1,164","3,557","3,374","10.9%","31.7%","2023-24"
"2024-09-10","51141","Patrick","Race and Ethnicity","Not Reported","9","9","165","155","","","2023-24"
"2026-04-13","51141","Patrick","Race and Ethnicity","Other Race","0","0","0","0","0","0","2025-26"
"2025-10-07","51147","Prince Edward","Sex","Female","1031","989","2758","2722","0","0","2024-25"
"2026-04-13","51147","Prince Edward","Sex","Female","600","589","2243","2213","0","0","2025-26"
"2025-10-07","51141","Patrick","Race and Ethnicity","Other Race","3","2","21","20","0.01","0.097","2024-25"
"2024-09-10","51141","Patrick","Race and Ethnicity","Other Race","8","8","31","29","3.9%","14.0%","2023-24"
"2026-04-13","51147","Prince Edward","Race and Ethnicity","Latino","0","0","0","0","0","0","2025-26"
"2026-04-13","51141","Patrick","Age_Group","Unknown","0","0","0","0","0","0","2025-26"
"2025-10-07","51147","Prince Edward","Race and Ethnicity","Latino","27","27","102","98","0.03","0.11","2024-25"
"2026-04-13","51141","Patrick","Race and Ethnicity","Unknown","0","0","0","0","0","0","2025-26"
"2024-09-10","51147","Prince Edward","Race and Ethnicity","Latino","34","34","148","141","3.8%","15.9%","2023-24"
"2026-04-13","51141","Patrick","Sex","UNKNOWN","0","0","1","1","0","0","2025-26"
"2026-04-13","51147","Prince Edward","Age_Group","Male","0","0","0","0","0","0","2025-26"
"2026-04-13","51141","Patrick","Race and Ethnicity","White","0","0","0","0","0","0","2025-26"
"2026-04-13","51147","Prince Edward","Race and Ethnicity","Male","0","0","0","0","0","0","2025-26"
"2026-04-13","51147","Prince Edward","Sex","Male","510","493","1575","1542","0","0","2025-26"
"2024-09-10","51141","Patrick","Race and Ethnicity","White","1,085","993","3,657","3,407","6.3%","21.6%","2023-24"
"2025-10-07","51141","Patrick","Race and Ethnicity","White","923","879","3027","2957","0.056","0.187","2024-25"
"2025-10-07","51147","Prince Edward","Sex","Male","820","781","1908","1870","0","0","2024-25"
"2026-04-13","51143","Pittsylvania","Age_Group","0-4","0","0","0","0","0","0","2025-26"
"2024-09-10","51147","Prince Edward","Sex","Male","871","811","2,466","2,321","7.2%","20.6%","2023-24"
"2025-10-07","51143","Pittsylvania","Age_Group","0-4","3","2","434","347","0.001","0.14","2024-25"
"2026-04-13","51147","Prince Edward","Race and Ethnicity","Native American","0","0","0","0","0","0","2025-26"
"2024-09-10","51143","Pittsylvania","Age_Group","0-4","8","6","519","419","0.2%","16.9%","2023-24"
"2024-09-10","51147","Prince Edward","Race and Ethnicity","Native American","18","16","52","48","32.0%","96.0%","2023-24"
"2026-04-13","51143","Pittsylvania","Age_Group","12-17","0","0","0","0","0","0","2025-26"
"2025-10-07","51147","Prince Edward","Race and Ethnicity","Native American","21","19","60","60","0.38","1.2","2024-25"
"2024-09-10","51143","Pittsylvania","Age_Group","12-17","40","38","577","568","1.0%","14.5%","2023-24"
"2024-09-10","51147","Prince Edward","Sex","Not Reported","0","0","1","1","","","2023-24"
"2025-10-07","51143","Pittsylvania","Age_Group","12-17","44","44","447","444","0.011","0.113","2024-25"
"2026-04-13","51147","Prince Edward","Race and Ethnicity","Not Reported","0","0","0","0","0","0","2025-26"
"2026-04-13","51143","Pittsylvania","Age_Group","18-30","0","0","0","0","0","0","2025-26"
"2026-04-13","51147","Prince Edward","Sex","Not Reported","0","0","0","0","0","0","2025-26"
"2024-09-10","51143","Pittsylvania","Age_Group","18-30","105","100","871","855","1.2%","10.1%","2023-24"
"2025-10-07","51147","Prince Edward","Race and Ethnicity","Not Reported","1","1","73","69","0","0.003","2024-25"
"2025-10-07","51143","Pittsylvania","Age_Group","18-30","114","110","791","785","0.013","0.093","2024-25"
"2024-09-10","51147","Prince Edward","Race and Ethnicity","Not Reported","19","19","187","166","","","2023-24"
"2026-04-13","51147","Prince Edward","Race and Ethnicity","Other Race","0","0","0","0","0","0","2025-26"
"2026-04-13","51143","Pittsylvania","Age_Group","31-49","0","0","0","0","0","0","2025-26"
"2024-09-10","51147","Prince Edward","Race and Ethnicity","Other Race","13","13","31","31","3.0%","7.2%","2023-24"
"2024-09-10","51143","Pittsylvania","Age_Group","31-49","254","241","1,886","1,843","1.9%","14.8%","2023-24"
"2025-10-07","51147","Prince Edward","Race and Ethnicity","Other Race","3","3","13","13","0.007","0.03","2024-25"
"2025-10-07","51143","Pittsylvania","Age_Group","31-49","262","257","1641","1625","0.021","0.13","2024-25"
"2026-04-13","51147","Prince Edward","Age_Group","Unknown","0","0","0","0","0","0","2025-26"
"2026-04-13","51143","Pittsylvania","Age_Group","50-64","0","0","0","0","0","0","2025-26"
"2026-04-13","51147","Prince Edward","Race and Ethnicity","Unknown","0","0","0","0","0","0","2025-26"
"2025-10-07","51143","Pittsylvania","Age_Group","50-64","695","687","2962","2939","0.05","0.216","2024-25"
"2026-04-13","51147","Prince Edward","Sex","Unknown","0","0","2","2","0","0","2025-26"
"2024-09-10","51143","Pittsylvania","Age_Group","50-64","843","804","3,483","3,383","5.9%","24.9%","2023-24"
"2026-04-13","51147","Prince Edward","Race and Ethnicity","White","0","0","0","0","0","0","2025-26"
"2026-04-13","51143","Pittsylvania","Age_Group","5-11","0","0","0","0","0","0","2025-26"
"2025-10-07","51143","Pittsylvania","Age_Group","5-11","9","9","430","428","0.002","0.107","2024-25"
"2024-09-10","51147","Prince Edward","Race and Ethnicity","White","1,266","1,164","3,560","3,375","8.7%","25.2%","2023-24"
"2025-10-07","51147","Prince Edward","Race and Ethnicity","White","1163","1101","2893","2848","0.082","0.213","2024-25"
"2024-09-10","51143","Pittsylvania","Age_Group","5-11","9","9","572","563","0.2%","14.1%","2023-24"
"2026-04-13","51149","Prince George","Age_Group","0-4","0","0","0","0","0","0","2025-26"
"2025-10-07","51149","Prince George","Age_Group","0-4","13","12","849","712","0.006","0.338","2024-25"
"2024-09-10","51149","Prince George","Age_Group","0-4","23","16","504","414","0.8%","19.7%","2023-24"
"2026-04-13","51149","Prince George","Age_Group","12-17","0","0","0","0","0","0","2025-26"
"2025-10-07","51149","Prince George","Age_Group","12-17","26","26","464","462","0.008","0.138","2024-25"
"2024-09-10","51149","Prince George","Age_Group","12-17","38","37","384","372","1.1%","11.1%","2023-24"
"2026-04-13","51149","Prince George","Age_Group","18-30","0","0","0","0","0","0","2025-26"
"2024-09-10","51149","Prince George","Age_Group","18-30","105","103","616","598","1.0%","5.7%","2023-24"
"2025-10-07","51149","Prince George","Age_Group","18-30","107","107","552","550","0.01","0.052","2024-25"
"2026-04-13","51149","Prince George","Age_Group","31-49","0","0","0","0","0","0","2025-26"
"2025-10-07","51149","Prince George","Age_Group","31-49","216","213","1114","1100","0.019","0.098","2024-25"
"2024-09-10","51149","Prince George","Age_Group","31-49","245","241","1,286","1,250","2.2%","11.2%","2023-24"
"2026-04-13","51149","Prince George","Age_Group","50-64","0","0","0","0","0","0","2025-26"
"2025-10-07","51149","Prince George","Age_Group","50-64","631","624","1696","1672","0.097","0.259","2024-25"
"2024-09-10","51149","Prince George","Age_Group","50-64","636","603","1,956","1,843","9.3%","28.5%","2023-24"
"2026-04-13","51149","Prince George","Age_Group","5-11","0","0","0","0","0","0","2025-26"
"2025-10-07","51149","Prince George","Age_Group","5-11","22","22","650","642","0.006","0.184","2024-25"
"2024-09-10","51149","Prince George","Age_Group","5-11","22","22","472","460","0.6%","13.2%","2023-24"
"2026-04-13","51149","Prince George","Age_Group","65+","0","0","0","0","0","0","2025-26"
"2024-09-10","51149","Prince George","Age_Group","65+","1,611","1,496","3,448","3,197","25.0%","53.4%","2023-24"
"2025-10-07","51149","Prince George","Age_Group","65+","1562","1488","3118","3047","0.248","0.509","2024-25"
"2026-04-13","51149","Prince George","Race and Ethnicity","Asian or Pacific Islander","0","0","0","0","0","0","2025-26"
"2025-10-07","51149","Prince George","Race and Ethnicity","Asian or Pacific Islander","87","85","257","251","0.088","0.26","2024-25"
"2024-09-10","51149","Prince George","Race and Ethnicity","Asian or Pacific Islander","88","87","214","202","9.0%","20.9%","2023-24"
"2026-04-13","51149","Prince George","Race and Ethnicity","Black","0","0","0","0","0","0","2025-26"
"2025-10-07","51149","Prince George","Race and Ethnicity","Black","1000","972","2311","2255","0.072","0.168","2024-25"
"2024-09-10","51149","Prince George","Race and Ethnicity","Black","984","923","2,385","2,247","6.9%","16.7%","2023-24"
"2026-04-13","51149","Prince George","Age_Group","Female","0","0","0","0","0","0","2025-26"
"2026-04-13","51149","Prince George","Race and Ethnicity","Female","0","0","0","0","0","0","2025-26"
"2024-09-10","51149","Prince George","Sex","Female","1,573","1,476","5,027","4,736","7.8%","25.2%","2023-24"
"2025-10-07","51149","Prince George","Sex","Female","1415","1374","4855","4699","0","0","2024-25"
"2026-04-13","51149","Prince George","Sex","Female","763","745","4060","3988","0","0","2025-26"
"2026-04-13","51149","Prince George","Race and Ethnicity","Latino","0","0","0","0","0","0","2025-26"
"2025-10-07","51149","Prince George","Race and Ethnicity","Latino","100","97","576","555","0.023","0.13","2024-25"
"2024-09-10","51149","Prince George","Race and Ethnicity","Latino","93","88","444","412","2.1%","9.6%","2023-24"
"2026-04-13","51149","Prince George","Age_Group","Male","0","0","0","0","0","0","2025-26"
"2026-04-13","51149","Prince George","Race and Ethnicity","Male","0","0","0","0","0","0","2025-26"
"2024-09-10","51149","Prince George","Sex","Male","1,107","1,042","3,632","3,392","4.3%","14.0%","2023-24"
"2025-10-07","51149","Prince George","Sex","Male","1162","1118","3578","3476","0","0","2024-25"
"2026-04-13","51149","Prince George","Sex","Male","636","620","3064","3006","0","0","2025-26"
"2026-04-13","51149","Prince George","Race and Ethnicity","Native American","0","0","0","0","0","0","2025-26"
"2024-09-10","51149","Prince George","Race and Ethnicity","Native American","36","30","64","58","10.3%","20.0%","2023-24"
"2025-10-07","51149","Prince George","Race and Ethnicity","Native American","45","40","95","95","0.138","0.328","2024-25"
"2024-09-10","51149","Prince George","Sex","Not Reported","0","0","7","6","","","2023-24"
"2026-04-13","51149","Prince George","Race and Ethnicity","Not Reported","0","0","0","0","0","0","2025-26"
"2026-04-13","51149","Prince George","Sex","Not Reported","0","0","0","0","0","0","2025-26"
"2025-10-07","51149","Prince George","Race and Ethnicity","Not Reported","22","22","414","385","0.001","0.009","2024-25"
"2024-09-10","51149","Prince George","Race and Ethnicity","Not Reported","33","30","555","513","","","2023-24"
"2026-04-13","51159","Richmond County","Age_Group","Male","0","0","0","0","0","0","2025-26"
"2026-04-13","51159","Richmond County","Race and Ethnicity","Male","0","0","0","0","0","0","2025-26"
"2026-04-13","51159","Richmond County","Sex","Male","129","125","647","625","0","0","2025-26"
"2025-10-07","51159","Richmond County","Sex","Male","271","249","1057","1034","0","0","2024-25"
"2024-09-10","51159","Richmond County","Sex","Male","396","376","1,363","1,301","7.4%","25.7%","2023-24"
"2026-04-13","51159","Richmond County","Race and Ethnicity","Native American","0","0","0","0","0","0","2025-26"
"2024-09-10","51159","Richmond County","Race and Ethnicity","Native American","3","3","11","10","42.9%","142.9%","2023-24"
"2025-10-07","51159","Richmond County","Race and Ethnicity","Native American","8","7","22","21","1","3","2024-25"
"2026-04-13","51159","Richmond County","Race and Ethnicity","Not Reported","0","0","0","0","0","0","2025-26"
"2025-10-07","51159","Richmond County","Race and Ethnicity","Not Reported","3","3","117","116","0","0.013","2024-25"
"2024-09-10","51159","Richmond County","Race and Ethnicity","Not Reported","36","36","293","285","","","2023-24"
"2026-04-13","51159","Richmond County","Race and Ethnicity","Other Race","0","0","0","0","0","0","2025-26"
"2024-09-10","51159","Richmond County","Race and Ethnicity","Other Race","10","10","43","40","5.2%","20.7%","2023-24"
"2025-10-07","51159","Richmond County","Race and Ethnicity","Other Race","5","5","34","30","0.026","0.155","2024-25"
"2026-04-13","51159","Richmond County","Age_Group","Unknown","0","0","0","0","0","0","2025-26"
"2026-04-13","51159","Richmond County","Race and Ethnicity","Unknown","0","0","0","0","0","0","2025-26"
"2026-04-13","51159","Richmond County","Sex","Unknown","0","0","0","0","0","0","2025-26"
"2026-04-13","51159","Richmond County","Race and Ethnicity","White","0","0","0","0","0","0","2025-26"
"2025-10-07","51159","Richmond County","Race and Ethnicity","White","416","387","1311","1291","0.071","0.238","2024-25"
"2024-09-10","51159","Richmond County","Race and Ethnicity","White","551","513","1,592","1,527","9.5%","28.2%","2023-24"
"2026-04-13","51161","Roanoke County","Age_Group","0-4","0","0","0","0","0","0","2025-26"
"2024-09-10","51161","Roanoke County","Age_Group","0-4","168","141","1,771","1,419","3.3%","33.6%","2023-24"
"2025-10-07","51161","Roanoke County","Age_Group","0-4","65","59","1950","1520","0.014","0.36","2024-25"
"2026-04-13","51161","Roanoke County","Age_Group","12-17","0","0","0","0","0","0","2025-26"
"2025-10-07","51161","Roanoke County","Age_Group","12-17","312","311","1618","1611","0.045","0.234","2024-25"
"2024-09-10","51161","Roanoke County","Age_Group","12-17","366","349","1,544","1,517","5.1%","22.0%","2023-24"
"2026-04-13","51161","Roanoke County","Age_Group","18-30","0","0","0","0","0","0","2025-26"
"2025-10-07","51161","Roanoke County","Age_Group","18-30","658","651","2689","2670","0.045","0.184","2024-25"
"2024-09-10","51161","Roanoke County","Age_Group","18-30","743","716","2,904","2,786","4.9%","19.2%","2023-24"
"2026-04-13","51161","Roanoke County","Age_Group","31-49","0","0","0","0","0","0","2025-26"
"2024-09-10","51161","Roanoke County","Age_Group","31-49","1,810","1,720","5,916","5,683","7.7%","25.4%","2023-24"
"2025-10-07","51161","Roanoke County","Age_Group","31-49","1480","1459","5193","5159","0.065","0.23","2024-25"
"2026-04-13","51161","Roanoke County","Age_Group","50-64","0","0","0","0","0","0","2025-26"
"2025-10-07","51161","Roanoke County","Age_Group","50-64","2450","2389","6458","6403","0.121","0.325","2024-25"
"2024-09-10","51161","Roanoke County","Age_Group","50-64","3,005","2,805","7,505","7,105","14.2%","36.0%","2023-24"
"2026-04-13","51161","Roanoke County","Age_Group","5-11","0","0","0","0","0","0","2025-26"
"2025-10-07","51161","Roanoke County","Age_Group","5-11","275","273","1830","1830","0.037","0.246","2024-25"
"2024-09-10","51161","Roanoke County","Age_Group","5-11","297","292","1,885","1,862","3.9%","25.0%","2023-24"
"2026-04-13","51161","Roanoke County","Age_Group","65+","0","0","0","0","0","0","2025-26"
"2024-09-10","51161","Roanoke County","Age_Group","65+","8,405","7,245","14,597","13,474","33.5%","62.2%","2023-24"
"2025-10-07","51161","Roanoke County","Age_Group","65+","8183","7380","13202","13105","0.341","0.605","2024-25"
"2026-04-13","51161","Roanoke County","Race and Ethnicity","Asian or Pacific Islander","0","0","0","0","0","0","2025-26"
"2025-10-07","51161","Roanoke County","Race and Ethnicity","Asian or Pacific Islander","406","393","1232","1211","0.11","0.339","2024-25"
"2024-09-10","51161","Roanoke County","Race and Ethnicity","Asian or Pacific Islander","504","475","1,261","1,189","13.3%","33.2%","2023-24"
"2026-04-13","51161","Roanoke County","Race and Ethnicity","Black","0","0","0","0","0","0","2025-26"
"2025-10-07","51161","Roanoke County","Race and Ethnicity","Black","754","712","1652","1611","0.11","0.249","2024-25"
"2024-09-10","51161","Roanoke County","Race and Ethnicity","Black","779","700","1,755","1,630","10.8%","25.2%","2023-24"
"2025-10-07","51169","Scott","Age_Group","31-49","33","33","337","334","0.007","0.072","2024-25"
"2026-04-13","51161","Roanoke County","Race and Ethnicity","Female","0","0","0","0","0","0","2025-26"
"2024-09-10","51169","Scott","Age_Group","31-49","70","69","417","410","1.5%","8.9%","2023-24"
"2026-04-13","51161","Roanoke County","Sex","Female","4188","4104","16656","16338","0","0","2025-26"
"2026-04-13","51169","Scott","Age_Group","50-64","0","0","0","0","0","0","2025-26"
"2025-10-07","51161","Roanoke County","Sex","Female","7459","6971","18807","18485","0","0","2024-25"
"2025-10-07","51169","Scott","Age_Group","50-64","109","106","740","733","0.022","0.155","2024-25"
"2024-09-10","51161","Roanoke County","Sex","Female","8,466","7,617","20,776","19,458","15.3%","39.0%","2023-24"
"2024-09-10","51169","Scott","Age_Group","50-64","171","169","967","937","3.6%","19.9%","2023-24"
"2026-04-13","51161","Roanoke County","Race and Ethnicity","Latino","0","0","0","0","0","0","2025-26"
"2026-04-13","51169","Scott","Age_Group","5-11","0","0","0","0","0","0","2025-26"
"2025-10-07","51161","Roanoke County","Race and Ethnicity","Latino","281","268","862","836","0.072","0.223","2024-25"
"2025-10-07","51169","Scott","Age_Group","5-11","0","0","94","92","0","0.061","2024-25"
"2024-09-10","51161","Roanoke County","Race and Ethnicity","Latino","307","283","929","876","7.6%","23.4%","2023-24"
"2024-09-10","51169","Scott","Age_Group","5-11","0","0","96","93","0.0%","6.2%","2023-24"
"2026-04-13","51161","Roanoke County","Age_Group","Male","0","0","0","0","0","0","2025-26"
"2026-04-13","51169","Scott","Age_Group","65+","0","0","0","0","0","0","2025-26"
"2026-04-13","51161","Roanoke County","Race and Ethnicity","Male","0","0","0","0","0","0","2025-26"
"2025-10-07","51169","Scott","Age_Group","65+","443","408","1974","1945","0.075","0.357","2024-25"
"2024-09-10","51169","Scott","Age_Group","65+","602","558","2,422","2,329","10.2%","42.7%","2023-24"
"2026-04-13","51161","Roanoke County","Sex","Male","3247","3177","12376","12122","0","0","2025-26"
"2026-04-13","51169","Scott","Race and Ethnicity","Asian or Pacific Islander","0","0","0","0","0","0","2025-26"
"2025-10-07","51161","Roanoke County","Sex","Male","5963","5550","14120","13800","0","0","2024-25"
"2025-10-07","51169","Scott","Race and Ethnicity","Asian or Pacific Islander","3","3","9","9","0.111","0.333","2024-25"
"2024-09-10","51161","Roanoke County","Sex","Male","6,328","5,651","15,310","14,353","12.0%","30.6%","2023-24"
"2024-09-10","51169","Scott","Race and Ethnicity","Asian or Pacific Islander","7","7","11","11","25.9%","40.7%","2023-24"
"2026-04-13","51161","Roanoke County","Race and Ethnicity","Native American","0","0","0","0","0","0","2025-26"
"2026-04-13","51169","Scott","Race and Ethnicity","Black","0","0","0","0","0","0","2025-26"
"2024-09-10","51161","Roanoke County","Race and Ethnicity","Native American","127","110","227","210","63.6%","121.4%","2023-24"
"2025-10-07","51169","Scott","Race and Ethnicity","Black","3","3","28","28","0.014","0.127","2024-25"
"2025-10-07","51161","Roanoke County","Race and Ethnicity","Native American","154","144","337","332","0.832","1.919","2024-25"
"2024-09-10","51169","Scott","Race and Ethnicity","Black","7","7","28","26","3.2%","11.8%","2023-24"
"2024-09-10","51161","Roanoke County","Sex","Not Reported","0","0","36","35","","","2023-24"
"2026-04-13","51169","Scott","Age_Group","Female","0","0","0","0","0","0","2025-26"
"2026-04-13","51161","Roanoke County","Race and Ethnicity","Not Reported","0","0","0","0","0","0","2025-26"
"2026-04-13","51169","Scott","Race and Ethnicity","Female","0","0","0","0","0","0","2025-26"
"2026-04-13","51161","Roanoke County","Sex","Not Reported","0","0","0","0","0","0","2025-26"
"2026-04-13","51169","Scott","Sex","Female","152","148","1572","1548","0","0","2025-26"
"2025-10-07","51161","Roanoke County","Race and Ethnicity","Not Reported","281","281","3393","3149","0.003","0.033","2024-25"
"2025-10-07","51169","Scott","Sex","Female","302","277","1886","1862","0","0","2024-25"
"2024-09-10","51161","Roanoke County","Race and Ethnicity","Not Reported","575","545","4,315","3,970","","","2023-24"
"2024-09-10","51169","Scott","Sex","Female","468","439","2,326","2,247","4.2%","21.3%","2023-24"
"2025-10-07","51161","Roanoke County","Sex","OTHER","1","1","0","0","0","0","2024-25"
"2026-04-13","51169","Scott","Race and Ethnicity","Latino","0","0","0","0","0","0","2025-26"
"2026-04-13","51161","Roanoke County","Race and Ethnicity","Other Race","0","0","0","0","0","0","2025-26"
"2025-10-07","51169","Scott","Race and Ethnicity","Latino","33","31","131","129","0.096","0.398","2024-25"
"2024-09-10","51161","Roanoke County","Race and Ethnicity","Other Race","108","92","391","373","4.9%","20.0%","2023-24"
"2024-09-10","51169","Scott","Race and Ethnicity","Latino","9","9","60","58","2.8%","17.9%","2023-24"
"2025-10-07","51161","Roanoke County","Race and Ethnicity","Other Race","185","163","471","464","0.087","0.248","2024-25"
"2026-04-13","51177","Spotsylvania","Race and Ethnicity","Black","0","0","0","0","0","0","2025-26"
"2024-09-10","51177","Spotsylvania","Race and Ethnicity","Black","3,048","2,762","6,544","6,018","10.7%","23.3%","2023-24"
"2025-10-07","51177","Spotsylvania","Race and Ethnicity","Black","3219","3039","6183","6044","0.118","0.234","2024-25"
"2026-04-13","51177","Spotsylvania","Age_Group","Female","0","0","0","0","0","0","2025-26"
"2026-04-13","51177","Spotsylvania","Race and Ethnicity","Female","0","0","0","0","0","0","2025-26"
"2026-04-13","51177","Spotsylvania","Sex","Female","5444","5045","16512","16261","0","0","2025-26"
"2025-10-07","51177","Spotsylvania","Sex","Female","8342","7907","19749","19297","0","0","2024-25"
"2024-09-10","51177","Spotsylvania","Sex","Female","9,150","8,240","21,671","20,003","11.2%","27.1%","2023-24"
"2026-04-13","51177","Spotsylvania","Race and Ethnicity","Latino","0","0","0","0","0","0","2025-26"
"2025-10-07","51177","Spotsylvania","Race and Ethnicity","Latino","826","802","3617","3502","0.043","0.189","2024-25"
"2024-09-10","51177","Spotsylvania","Race and Ethnicity","Latino","923","857","3,701","3,451","4.6%","18.6%","2023-24"
"2026-04-13","51177","Spotsylvania","Age_Group","Male","0","0","0","0","0","0","2025-26"
"2026-04-13","51177","Spotsylvania","Race and Ethnicity","Male","0","0","0","0","0","0","2025-26"
"2026-04-13","51177","Spotsylvania","Sex","Male","4266","3973","12912","12685","0","0","2025-26"
"2025-10-07","51177","Spotsylvania","Sex","Male","6946","6553","15489","15093","0","0","2024-25"
"2024-09-10","51177","Spotsylvania","Sex","Male","7,084","6,328","16,744","15,401","8.7%","21.1%","2023-24"
"2026-04-13","51177","Spotsylvania","Race and Ethnicity","Native American","0","0","0","0","0","0","2025-26"
"2025-10-07","51177","Spotsylvania","Race and Ethnicity","Native American","145","137","361","355","0.382","0.989","2024-25"
"2024-09-10","51177","Spotsylvania","Race and Ethnicity","Native American","180","160","360","327","44.6%","91.1%","2023-24"
"2024-09-10","51177","Spotsylvania","Sex","Not Reported","0","0","28","28","","","2023-24"
"2026-04-13","51177","Spotsylvania","Race and Ethnicity","Not Reported","0","0","0","0","0","0","2025-26"
"2026-04-13","51177","Spotsylvania","Sex","Not Reported","0","0","0","0","0","0","2025-26"
"2025-10-07","51177","Spotsylvania","Race and Ethnicity","Not Reported","121","119","1370","1266","0.001","0.009","2024-25"
"2024-09-10","51177","Spotsylvania","Race and Ethnicity","Not Reported","134","132","1,971","1,814","","","2023-24"
"2026-04-13","51177","Spotsylvania","Sex","OTHER","0","0","0","0","0","0","2025-26"
"2025-10-07","51177","Spotsylvania","Sex","OTHER","1","1","3","3","0","0","2024-25"
"2026-04-13","51177","Spotsylvania","Race and Ethnicity","Other Race","0","0","0","0","0","0","2025-26"
"2024-09-10","51177","Spotsylvania","Race and Ethnicity","Other Race","123","117","603","560","2.3%","10.8%","2023-24"
"2025-10-07","51177","Spotsylvania","Race and Ethnicity","Other Race","188","180","692","664","0.035","0.128","2024-25"
"2026-04-13","51177","Spotsylvania","Age_Group","Unknown","0","0","0","0","0","0","2025-26"
"2026-04-13","51177","Spotsylvania","Race and Ethnicity","Unknown","0","0","0","0","0","0","2025-26"
"2026-04-13","51177","Spotsylvania","Sex","UNKNOWN","1","1","12","12","0","0","2025-26"
"2025-10-07","51177","Spotsylvania","Sex","UNKNOWN","1","1","9","9","0","0","2024-25"
"2026-04-13","51177","Spotsylvania","Race and Ethnicity","White","0","0","0","0","0","0","2025-26"
"2025-10-07","51177","Spotsylvania","Race and Ethnicity","White","10128","9549","21238","20836","0.103","0.226","2024-25"
"2024-09-10","51177","Spotsylvania","Race and Ethnicity","White","11,143","9,916","23,559","21,689","10.7%","23.5%","2023-24"
"2026-04-13","51179","Stafford","Age_Group","0-4","0","0","0","0","0","0","2025-26"
"2024-09-10","51179","Stafford","Age_Group","0-4","251","203","3,317","2,665","2.1%","27.1%","2023-24"
"2025-10-07","51179","Stafford","Age_Group","0-4","71","59","3455","2791","0.006","0.284","2024-25"
"2026-04-13","51179","Stafford","Age_Group","12-17","0","0","0","0","0","0","2025-26"
"2025-10-07","51179","Stafford","Age_Group","12-17","659","655","2894","2873","0.044","0.193","2024-25"
"2024-09-10","51179","Stafford","Age_Group","12-17","698","670","3,009","2,888","4.5%","19.4%","2023-24"
"2026-04-13","51179","Stafford","Age_Group","18-30","0","0","0","0","0","0","2025-26"
"2024-09-10","51179","Stafford","Age_Group","18-30","1,382","1,324","4,026","3,868","4.8%","13.9%","2023-24"
"2025-10-07","51179","Stafford","Age_Group","18-30","1301","1292","3875","3838","0.046","0.138","2024-25"
"2026-04-13","51179","Stafford","Age_Group","31-49","0","0","0","0","0","0","2025-26"
"2024-09-10","51179","Stafford","Age_Group","31-49","2,804","2,681","8,079","7,671","6.1%","17.3%","2023-24"
"2025-10-07","51179","Stafford","Age_Group","31-49","2704","2666","7572","7527","0.06","0.17","2024-25"
"2025-10-07","51179","Stafford","Sex","Male","7916","7454","18110","17633","0","0","2024-25"
"2024-09-10","51179","Stafford","Sex","Male","8,050","7,268","19,287","17,900","8.8%","21.6%","2023-24"
"2026-04-13","51179","Stafford","Race and Ethnicity","Native American","0","0","0","0","0","0","2025-26"
"2024-09-10","51179","Stafford","Race and Ethnicity","Native American","293","258","588","539","46.4%","96.9%","2023-24"
"2025-10-07","51179","Stafford","Race and Ethnicity","Native American","303","280","623","615","0.504","1.106","2024-25"
"2026-04-13","51179","Stafford","Race and Ethnicity","Not Reported","0","0","0","0","0","0","2025-26"
"2026-04-13","51179","Stafford","Sex","Not Reported","0","0","0","0","0","0","2025-26"
"2024-09-10","51179","Stafford","Sex","Not Reported","2","2","29","28","","","2023-24"
"2024-09-10","51179","Stafford","Race and Ethnicity","Not Reported","222","209","2,649","2,449","","","2023-24"
"2025-10-07","51179","Stafford","Race and Ethnicity","Not Reported","236","228","1956","1816","0.001","0.011","2024-25"
"2026-04-13","51179","Stafford","Race and Ethnicity","Other Race","0","0","0","0","0","0","2025-26"
"2024-09-10","51179","Stafford","Race and Ethnicity","Other Race","206","198","896","835","2.8%","11.7%","2023-24"
"2025-10-07","51179","Stafford","Race and Ethnicity","Other Race","256","248","1053","1020","0.035","0.143","2024-25"
"2026-04-13","51179","Stafford","Age_Group","Unknown","0","0","0","0","0","0","2025-26"
"2026-04-13","51179","Stafford","Race and Ethnicity","Unknown","0","0","0","0","0","0","2025-26"
"2026-04-13","51179","Stafford","Sex","UNKNOWN","0","0","29","28","0","0","2025-26"
"2025-10-07","51179","Stafford","Sex","UNKNOWN","2","2","23","23","0","0","2024-25"
"2026-04-13","51179","Stafford","Race and Ethnicity","White","0","0","0","0","0","0","2025-26"
"2024-09-10","51179","Stafford","Race and Ethnicity","White","10,787","9,696","22,522","20,865","10.9%","23.5%","2023-24"
"2025-10-07","51179","Stafford","Race and Ethnicity","White","9956","9356","20640","20261","0.105","0.228","2024-25"
"2026-04-13","51181","Surry","Age_Group","0-4","0","0","0","0","0","0","2025-26"
"2025-10-07","51181","Surry","Age_Group","0-4","0","0","79","66","0","0.206","2024-25"
"2024-09-10","51181","Surry","Age_Group","0-4","4","2","105","83","0.6%","25.9%","2023-24"
"2026-04-13","51181","Surry","Age_Group","12-17","0","0","0","0","0","0","2025-26"
"2025-10-07","51181","Surry","Age_Group","12-17","6","6","55","55","0.018","0.162","2024-25"
"2024-09-10","51181","Surry","Age_Group","12-17","7","7","50","49","2.1%","14.5%","2023-24"
"2026-04-13","51181","Surry","Age_Group","18-30","0","0","0","0","0","0","2025-26"
"2024-09-10","51181","Surry","Age_Group","18-30","16","15","71","67","1.7%","7.6%","2023-24"
"2025-10-07","51181","Surry","Age_Group","18-30","18","16","84","81","0.018","0.092","2024-25"
"2026-04-13","51181","Surry","Age_Group","31-49","0","0","0","0","0","0","2025-26"
"2024-09-10","51181","Surry","Age_Group","31-49","36","35","205","193","2.8%","15.7%","2023-24"
"2025-10-07","51181","Surry","Age_Group","31-49","37","35","169","169","0.028","0.137","2024-25"
"2026-04-13","51181","Surry","Age_Group","50-64","0","0","0","0","0","0","2025-26"
"2025-10-07","51181","Surry","Age_Group","50-64","162","157","367","365","0.096","0.224","2024-25"
"2024-09-10","51181","Surry","Age_Group","50-64","186","178","457","430","10.9%","26.4%","2023-24"
"2026-04-13","51181","Surry","Age_Group","5-11","0","0","0","0","0","0","2025-26"
"2024-09-10","51181","Surry","Age_Group","5-11","4","4","72","68","1.0%","17.8%","2023-24"
"2025-10-07","51181","Surry","Age_Group","5-11","6","6","74","72","0.016","0.188","2024-25"
"2026-04-13","51181","Surry","Age_Group","65+","0","0","0","0","0","0","2025-26"
"2025-10-07","51181","Surry","Age_Group","65+","415","391","776","752","0.237","0.455","2024-25"
"2024-09-10","51181","Surry","Age_Group","65+","475","436","1,013","929","26.4%","56.3%","2023-24"
"2026-04-13","51181","Surry","Race and Ethnicity","Asian or Pacific Islander","0","0","0","0","0","0","2025-26"
"2024-09-10","51181","Surry","Race and Ethnicity","Asian or Pacific Islander","2","2","8","8","40.0%","160.0%","2023-24"
"2025-10-07","51181","Surry","Race and Ethnicity","Asian or Pacific Islander","3","3","7","7","0.6","1.4","2024-25"
"2026-04-13","51181","Surry","Race and Ethnicity","Black","0","0","0","0","0","0","2025-26"
"2025-10-07","51181","Surry","Race and Ethnicity","Black","366","351","755","735","0.14","0.293","2024-25"
"2024-09-10","51181","Surry","Race and Ethnicity","Black","377","357","894","822","14.3%","32.8%","2023-24"
"2026-04-13","51181","Surry","Age_Group","Female","0","0","0","0","0","0","2025-26"
"2026-04-13","51181","Surry","Race and Ethnicity","Female","0","0","0","0","0","0","2025-26"
"2026-04-13","51181","Surry","Sex","Female","194","193","798","790","0","0","2025-26"
"2025-10-07","51187","Warren","Race and Ethnicity","White","3048","2863","7814","7682","0.083","0.223","2024-25"
"2026-04-13","51520","Bristol","Race and Ethnicity","Male","0","0","0","0","0","0","2025-26"
"2026-04-13","51520","Bristol","Sex","Male","237","232","1079","1050","0","0","2025-26"
"2025-10-07","51520","Bristol","Sex","Male","406","382","1208","1190","0","0","2024-25"
"2024-09-10","51520","Bristol","Sex","Male","470","430","1,494","1,408","5.3%","17.4%","2023-24"
"2026-04-13","51520","Bristol","Race and Ethnicity","Native American","0","0","0","0","0","0","2025-26"
"2024-09-10","51520","Bristol","Race and Ethnicity","Native American","19","16","31","29","28.1%","50.9%","2023-24"
"2025-10-07","51520","Bristol","Race and Ethnicity","Native American","19","17","31","31","0.298","0.544","2024-25"
"2024-09-10","51520","Bristol","Sex","Not Reported","0","0","2","1","","","2023-24"
"2026-04-13","51520","Bristol","Race and Ethnicity","Not Reported","0","0","0","0","0","0","2025-26"
"2026-04-13","51520","Bristol","Sex","Not Reported","0","0","0","0","0","0","2025-26"
"2025-10-07","51520","Bristol","Race and Ethnicity","Not Reported","6","6","53","51","0","0.003","2024-25"
"2024-09-10","51520","Bristol","Race and Ethnicity","Not Reported","7","7","96","96","","","2023-24"
"2026-04-13","51520","Bristol","Race and Ethnicity","Other Race","0","0","0","0","0","0","2025-26"
"2025-10-07","51520","Bristol","Race and Ethnicity","Other Race","2","2","35","32","0.005","0.077","2024-25"
"2024-09-10","51520","Bristol","Race and Ethnicity","Other Race","3","3","29","23","0.7%","5.6%","2023-24"
"2026-04-13","51520","Bristol","Age_Group","Unknown","0","0","0","0","0","0","2025-26"
"2026-04-13","51520","Bristol","Race and Ethnicity","Unknown","0","0","0","0","0","0","2025-26"
"2026-04-13","51520","Bristol","Sex","UNKNOWN","0","0","1","1","0","0","2025-26"
"2026-04-13","51520","Bristol","Race and Ethnicity","White","0","0","0","0","0","0","2025-26"
"2025-10-07","51520","Bristol","Race and Ethnicity","White","827","788","2467","2430","0.053","0.164","2024-25"
"2024-09-10","51520","Bristol","Race and Ethnicity","White","971","886","2,951","2,792","6.0%","18.9%","2023-24"
"2026-04-13","51530","Buena Vista City","Age_Group","0-4","0","0","0","0","0","0","2025-26"
"2025-10-07","51530","Buena Vista City","Age_Group","0-4","0","0","112","87","0","0.22","2024-25"
"2024-09-10","51530","Buena Vista City","Age_Group","0-4","10","6","135","106","1.5%","26.8%","2023-24"
"2026-04-13","51530","Buena Vista City","Age_Group","12-17","0","0","0","0","0","0","2025-26"
"2025-10-07","51530","Buena Vista City","Age_Group","12-17","15","14","75","75","0.024","0.128","2024-25"
"2024-09-10","51530","Buena Vista City","Age_Group","12-17","21","21","81","80","3.6%","13.7%","2023-24"
"2026-04-13","51530","Buena Vista City","Age_Group","18-30","0","0","0","0","0","0","2025-26"
"2025-10-07","51530","Buena Vista City","Age_Group","18-30","35","35","167","167","0.024","0.116","2024-25"
"2024-09-10","51530","Buena Vista City","Age_Group","18-30","43","42","184","175","2.9%","12.2%","2023-24"
"2026-04-13","51530","Buena Vista City","Age_Group","31-49","0","0","0","0","0","0","2025-26"
"2025-10-07","51530","Buena Vista City","Age_Group","31-49","49","48","234","231","0.039","0.186","2024-25"
"2024-09-10","51530","Buena Vista City","Age_Group","31-49","62","59","269","260","4.8%","20.9%","2023-24"
"2026-04-13","51530","Buena Vista City","Age_Group","50-64","0","0","0","0","0","0","2025-26"
"2025-10-07","51530","Buena Vista City","Age_Group","50-64","105","104","384","380","0.093","0.339","2024-25"
"2024-09-10","51530","Buena Vista City","Age_Group","50-64","134","125","449","427","11.2%","38.1%","2023-24"
"2026-04-13","51530","Buena Vista City","Age_Group","5-11","0","0","0","0","0","0","2025-26"
"2025-10-07","51530","Buena Vista City","Age_Group","5-11","11","11","79","79","0.022","0.158","2024-25"
"2024-09-10","51530","Buena Vista City","Age_Group","5-11","11","11","113","112","2.2%","22.4%","2023-24"
"2026-04-13","51530","Buena Vista City","Age_Group","65+","0","0","0","0","0","0","2025-26"
"2025-10-07","51530","Buena Vista City","Age_Group","65+","361","322","787","769","0.261","0.624","2024-25"
"2024-09-10","51530","Buena Vista City","Age_Group","65+","375","325","866","812","26.4%","65.9%","2023-24"
"2026-04-13","51530","Buena Vista City","Race and Ethnicity","Asian or Pacific Islander","0","0","0","0","0","0","2025-26"
"2024-09-10","51530","Buena Vista City","Race and Ethnicity","Asian or Pacific Islander","3","2","18","17","3.9%","33.3%","2023-24"
"2025-10-07","51530","Buena Vista City","Race and Ethnicity","Asian or Pacific Islander","5","4","8","8","0.078","0.157","2024-25"
"2026-04-13","51530","Buena Vista City","Race and Ethnicity","Black","0","0","0","0","0","0","2025-26"
"2025-10-07","51530","Buena Vista City","Race and Ethnicity","Black","29","28","83","81","0.087","0.252","2024-25"
"2024-09-10","51530","Buena Vista City","Race and Ethnicity","Black","33","31","91","86","9.7%","26.8%","2023-24"
"2026-04-13","51530","Buena Vista City","Age_Group","Female","0","0","0","0","0","0","2025-26"
"2026-04-13","51530","Buena Vista City","Race and Ethnicity","Female","0","0","0","0","0","0","2025-26"
"2026-04-13","51610","Falls Church","Age_Group","31-49","0","0","0","0","0","0","2025-26"
"2026-04-13","51580","Covington","Sex","Not Reported","0","0","0","0","0","0","2025-26"
"2024-09-10","51610","Falls Church","Age_Group","31-49","1,169","1,113","1,654","1,568","29.8%","42.0%","2023-24"
"2025-10-07","51580","Covington","Race and Ethnicity","Not Reported","3","3","36","33","0.001","0.006","2024-25"
"2025-10-07","51610","Falls Church","Age_Group","31-49","1031","1014","1513","1508","0.272","0.404","2024-25"
"2024-09-10","51580","Covington","Race and Ethnicity","Not Reported","8","8","51","49","","","2023-24"
"2026-04-13","51610","Falls Church","Age_Group","50-64","0","0","0","0","0","0","2025-26"
"2026-04-13","51580","Covington","Race and Ethnicity","Other Race","0","0","0","0","0","0","2025-26"
"2024-09-10","51610","Falls Church","Age_Group","50-64","1,320","1,188","1,524","1,412","42.0%","49.9%","2023-24"
"2024-09-10","51580","Covington","Race and Ethnicity","Other Race","0","0","2","2","0.0%","1.2%","2023-24"
"2025-10-07","51610","Falls Church","Age_Group","50-64","1119","1081","1379","1364","0.382","0.482","2024-25"
"2025-10-07","51580","Covington","Race and Ethnicity","Other Race","1","1","4","4","0.006","0.025","2024-25"
"2026-04-13","51610","Falls Church","Age_Group","5-11","0","0","0","0","0","0","2025-26"
"2026-04-13","51580","Covington","Age_Group","Unknown","0","0","0","0","0","0","2025-26"
"2024-09-10","51610","Falls Church","Age_Group","5-11","438","434","774","754","32.1%","55.8%","2023-24"
"2026-04-13","51580","Covington","Race and Ethnicity","Unknown","0","0","0","0","0","0","2025-26"
"2025-10-07","51610","Falls Church","Age_Group","5-11","441","435","780","772","0.322","0.571","2024-25"
"2026-04-13","51580","Covington","Sex","Unknown","0","0","2","2","0","0","2025-26"
"2026-04-13","51610","Falls Church","Age_Group","65+","0","0","0","0","0","0","2025-26"
"2025-10-07","51580","Covington","Sex","UNKNOWN","1","1","1","1","0","0","2024-25"
"2025-10-07","51610","Falls Church","Age_Group","65+","1822","1435","1706","1663","0.659","0.764","2024-25"
"2026-04-13","51580","Covington","Race and Ethnicity","White","0","0","0","0","0","0","2025-26"
"2024-09-10","51580","Covington","Race and Ethnicity","White","299","293","1,110","1,014","6.4%","22.3%","2023-24"
"2024-09-10","51610","Falls Church","Age_Group","65+","2,121","1,523","1,895","1,687","70.0%","77.5%","2023-24"
"2025-10-07","51580","Covington","Race and Ethnicity","White","314","299","868","861","0.066","0.189","2024-25"
"2026-04-13","51610","Falls Church","Race and Ethnicity","Asian or Pacific Islander","0","0","0","0","0","0","2025-26"
"2026-04-13","51590","Danville","Age_Group","0-4","0","0","0","0","0","0","2025-26"
"2025-10-07","51610","Falls Church","Race and Ethnicity","Asian or Pacific Islander","621","594","954","937","0.422","0.665","2024-25"
"2025-10-07","51590","Danville","Age_Group","0-4","1","1","260","215","0","0.09","2024-25"
"2024-09-10","51610","Falls Church","Race and Ethnicity","Asian or Pacific Islander","751","667","1,061","973","47.3%","69.1%","2023-24"
"2026-04-13","51610","Falls Church","Race and Ethnicity","Black","0","0","0","0","0","0","2025-26"
"2024-09-10","51590","Danville","Age_Group","0-4","4","3","335","264","0.1%","11.0%","2023-24"
"2025-10-07","51610","Falls Church","Race and Ethnicity","Black","136","124","194","186","0.187","0.28","2024-25"
"2026-04-13","51590","Danville","Age_Group","12-17","0","0","0","0","0","0","2025-26"
"2024-09-10","51610","Falls Church","Race and Ethnicity","Black","175","153","239","221","23.0%","33.3%","2023-24"
"2025-10-07","51590","Danville","Age_Group","12-17","29","29","233","233","0.009","0.072","2024-25"
"2026-04-13","51610","Falls Church","Age_Group","Female","0","0","0","0","0","0","2025-26"
"2024-09-10","51590","Danville","Age_Group","12-17","43","42","258","253","1.3%","7.8%","2023-24"
"2026-04-13","51590","Danville","Age_Group","18-30","0","0","0","0","0","0","2025-26"
"2026-04-13","51610","Falls Church","Race and Ethnicity","Female","0","0","0","0","0","0","2025-26"
"2026-04-13","51610","Falls Church","Sex","Female","2197","1930","3455","3419","0","0","2025-26"
"2025-10-07","51590","Danville","Age_Group","18-30","86","83","431","427","0.012","0.062","2024-25"
"2024-09-10","51590","Danville","Age_Group","18-30","87","85","523","508","1.2%","7.4%","2023-24"
"2025-10-07","51610","Falls Church","Sex","Female","2885","2629","3908","3822","0","0","2024-25"
"2026-04-13","51590","Danville","Age_Group","31-49","0","0","0","0","0","0","2025-26"
"2024-09-10","51610","Falls Church","Sex","Female","3,314","2,845","4,230","3,922","38.8%","53.5%","2023-24"
"2026-04-13","51610","Falls Church","Race and Ethnicity","Latino","0","0","0","0","0","0","2025-26"
"2025-10-07","51590","Danville","Age_Group","31-49","197","195","996","983","0.022","0.111","2024-25"
"2025-10-07","51610","Falls Church","Race and Ethnicity","Latino","255","238","474","465","0.145","0.282","2024-25"
"2024-09-10","51590","Danville","Age_Group","31-49","235","217","1,077","1,042","2.5%","11.8%","2023-24"
"2024-09-10","51610","Falls Church","Race and Ethnicity","Latino","298","268","479","446","16.3%","27.1%","2023-24"
"2026-04-13","51610","Falls Church","Age_Group","Male","0","0","0","0","0","0","2025-26"
"2026-04-13","51610","Falls Church","Race and Ethnicity","Male","0","0","0","0","0","0","2025-26"
"2026-04-13","51610","Falls Church","Sex","Male","1966","1705","2912","2866","0","0","2025-26"
"2024-09-10","51610","Falls Church","Sex","Male","2,939","2,530","3,581","3,305","35.2%","46.0%","2023-24"
"2025-10-07","51610","Falls Church","Sex","Male","2531","2310","3348","3276","0","0","2024-25"
"2026-04-13","51610","Falls Church","Race and Ethnicity","Native American","0","0","0","0","0","0","2025-26"
"2025-10-07","51610","Falls Church","Race and Ethnicity","Native American","215","181","222","216","3.935","4.696","2024-25"
"2024-09-10","51610","Falls Church","Race and Ethnicity","Native American","241","183","249","221","397.8%","480.4%","2023-24"
"2024-09-10","51610","Falls Church","Sex","Not Reported","0","0","2","2","","","2023-24"
"2026-04-13","51610","Falls Church","Race and Ethnicity","Not Reported","0","0","0","0","0","0","2025-26"
"2026-04-13","51610","Falls Church","Sex","Not Reported","0","0","0","0","0","0","2025-26"
"2024-09-10","51610","Falls Church","Race and Ethnicity","Not Reported","158","141","381","341","","","2023-24"
"2025-10-07","51610","Falls Church","Race and Ethnicity","Not Reported","168","155","381","355","0.011","0.024","2024-25"
"2026-04-13","51610","Falls Church","Race and Ethnicity","Other Race","0","0","0","0","0","0","2025-26"
"2024-09-10","51610","Falls Church","Race and Ethnicity","Other Race","74","67","149","140","10.7%","22.4%","2023-24"
"2025-10-07","51610","Falls Church","Race and Ethnicity","Other Race","89","84","173","164","0.134","0.262","2024-25"
"2026-04-13","51610","Falls Church","Age_Group","Unknown","0","0","0","0","0","0","2025-26"
"2026-04-13","51610","Falls Church","Race and Ethnicity","Unknown","0","0","0","0","0","0","2025-26"
"2025-10-07","51610","Falls Church","Sex","UNKNOWN","0","0","1","1","0","0","2024-25"
"2026-04-13","51610","Falls Church","Sex","Unknown","0","0","2","2","0","0","2025-26"
"2026-04-13","51610","Falls Church","Race and Ethnicity","White","0","0","0","0","0","0","2025-26"
"2025-10-07","51610","Falls Church","Race and Ethnicity","White","3932","3563","4859","4776","0.352","0.471","2024-25"
"2024-09-10","51610","Falls Church","Race and Ethnicity","White","4,556","3,896","5,255","4,887","38.4%","48.2%","2023-24"
"2026-04-13","51620","Franklin City","Age_Group","0-4","0","0","0","0","0","0","2025-26"
"2024-09-10","51620","Franklin City","Age_Group","0-4","10","9","173","137","1.4%","20.6%","2023-24"
"2025-10-07","51620","Franklin City","Age_Group","0-4","3","3","155","123","0.005","0.185","2024-25"
"2026-04-13","51620","Franklin City","Age_Group","12-17","0","0","0","0","0","0","2025-26"
"2024-09-10","51620","Franklin City","Age_Group","12-17","10","10","98","92","1.5%","13.7%","2023-24"
"2025-10-07","51620","Franklin City","Age_Group","12-17","6","6","87","86","0.009","0.128","2024-25"
"2026-04-13","51620","Franklin City","Age_Group","18-30","0","0","0","0","0","0","2025-26"
"2025-10-07","51620","Franklin City","Age_Group","18-30","11","11","87","87","0.009","0.071","2024-25"
"2024-09-10","51620","Franklin City","Age_Group","18-30","21","21","100","99","1.7%","8.1%","2023-24"
"2026-04-13","51620","Franklin City","Age_Group","31-49","0","0","0","0","0","0","2025-26"
"2025-10-07","51620","Franklin City","Age_Group","31-49","47","46","228","224","0.027","0.133","2024-25"
"2024-09-10","51620","Franklin City","Age_Group","31-49","51","49","237","227","2.9%","13.5%","2023-24"
"2026-04-13","51620","Franklin City","Age_Group","50-64","0","0","0","0","0","0","2025-26"
"2025-10-07","51620","Franklin City","Age_Group","50-64","138","135","430","420","0.087","0.271","2024-25"
"2024-09-10","51620","Franklin City","Age_Group","50-64","168","157","491","462","10.1%","29.8%","2023-24"
"2026-04-13","51620","Franklin City","Age_Group","5-11","0","0","0","0","0","0","2025-26"
"2025-10-07","51620","Franklin City","Age_Group","5-11","5","5","128","128","0.006","0.157","2024-25"
"2024-09-10","51620","Franklin City","Age_Group","5-11","7","7","135","133","0.9%","16.3%","2023-24"
"2026-04-13","51620","Franklin City","Age_Group","65+","0","0","0","0","0","0","2025-26"
"2025-10-07","51620","Franklin City","Age_Group","65+","521","507","888","861","0.324","0.551","2024-25"
"2024-09-10","51620","Franklin City","Age_Group","65+","600","562","1,016","939","36.0%","60.1%","2023-24"
"2026-04-13","51620","Franklin City","Race and Ethnicity","Asian or Pacific Islander","0","0","0","0","0","0","2025-26"
"2025-10-07","51620","Franklin City","Race and Ethnicity","Asian or Pacific Islander","6","6","32","26","0.12","0.52","2024-25"
"2024-09-10","51620","Franklin City","Race and Ethnicity","Asian or Pacific Islander","6","6","21","21","12.0%","42.0%","2023-24"
"2026-04-13","51620","Franklin City","Race and Ethnicity","Black","0","0","0","0","0","0","2025-26"
"2026-04-13","51179","Stafford","Age_Group","50-64","0","0","0","0","0","0","2025-26"
"2024-09-10","51179","Stafford","Age_Group","50-64","4,984","4,677","9,855","9,231","15.2%","29.9%","2023-24"
"2025-10-07","51179","Stafford","Age_Group","50-64","4605","4513","8883","8812","0.146","0.286","2024-25"
"2026-04-13","51179","Stafford","Age_Group","5-11","0","0","0","0","0","0","2025-26"
"2026-04-13","51185","Tazewell","Race and Ethnicity","Native American","0","0","0","0","0","0","2025-26"
"2025-10-07","51179","Stafford","Age_Group","5-11","535","532","3374","3330","0.032","0.198","2024-25"
"2024-09-10","51185","Tazewell","Race and Ethnicity","Native American","12","11","33","32","19.3%","56.1%","2023-24"
"2024-09-10","51179","Stafford","Age_Group","5-11","546","536","3,528","3,411","3.2%","20.3%","2023-24"
"2025-10-07","51185","Tazewell","Race and Ethnicity","Native American","13","13","29","28","0.228","0.491","2024-25"
"2026-04-13","51179","Stafford","Age_Group","65+","0","0","0","0","0","0","2025-26"
"2024-09-10","51185","Tazewell","Sex","Not Reported","0","0","2","2","","","2023-24"
"2024-09-10","51179","Stafford","Age_Group","65+","7,368","6,297","11,850","10,699","33.3%","56.5%","2023-24"
"2026-04-13","51185","Tazewell","Race and Ethnicity","Not Reported","0","0","0","0","0","0","2025-26"
"2025-10-07","51179","Stafford","Age_Group","65+","7418","6622","10826","10723","0.35","0.567","2024-25"
"2026-04-13","51185","Tazewell","Sex","Not Reported","0","0","0","0","0","0","2025-26"
"2024-09-10","51185","Tazewell","Race and Ethnicity","Not Reported","161","157","1,068","1,060","","","2023-24"
"2026-04-13","51179","Stafford","Race and Ethnicity","Asian or Pacific Islander","0","0","0","0","0","0","2025-26"
"2024-09-10","51179","Stafford","Race and Ethnicity","Asian or Pacific Islander","1,182","1,088","3,122","2,842","16.0%","41.8%","2023-24"
"2025-10-07","51185","Tazewell","Race and Ethnicity","Not Reported","38","37","511","507","0.001","0.013","2024-25"
"2025-10-07","51179","Stafford","Race and Ethnicity","Asian or Pacific Islander","1208","1151","3356","3252","0.169","0.479","2024-25"
"2026-04-13","51185","Tazewell","Race and Ethnicity","Other Race","0","0","0","0","0","0","2025-26"
"2025-10-07","51185","Tazewell","Race and Ethnicity","Other Race","22","21","68","67","0.039","0.125","2024-25"
"2026-04-13","51179","Stafford","Race and Ethnicity","Black","0","0","0","0","0","0","2025-26"
"2024-09-10","51179","Stafford","Race and Ethnicity","Black","3,993","3,666","8,870","8,231","10.9%","24.6%","2023-24"
"2024-09-10","51185","Tazewell","Race and Ethnicity","Other Race","32","27","74","68","5.0%","12.6%","2023-24"
"2026-04-13","51185","Tazewell","Age_Group","Unknown","0","0","0","0","0","0","2025-26"
"2025-10-07","51179","Stafford","Race and Ethnicity","Black","4032","3818","8356","8178","0.114","0.244","2024-25"
"2026-04-13","51185","Tazewell","Race and Ethnicity","Unknown","0","0","0","0","0","0","2025-26"
"2026-04-13","51179","Stafford","Age_Group","Female","0","0","0","0","0","0","2025-26"
"2026-04-13","51185","Tazewell","Sex","UNKNOWN","0","0","1","1","0","0","2025-26"
"2026-04-13","51179","Stafford","Race and Ethnicity","Female","0","0","0","0","0","0","2025-26"
"2026-04-13","51179","Stafford","Sex","Female","6104","5445","18927","18620","0","0","2025-26"
"2026-04-13","51185","Tazewell","Race and Ethnicity","White","0","0","0","0","0","0","2025-26"
"2024-09-10","51179","Stafford","Sex","Female","9,981","9,118","24,348","22,505","11.3%","28.0%","2023-24"
"2024-09-10","51185","Tazewell","Race and Ethnicity","White","1,685","1,580","6,561","6,235","4.3%","16.8%","2023-24"
"2025-10-07","51185","Tazewell","Race and Ethnicity","White","1195","1154","5331","5240","0.031","0.142","2024-25"
"2025-10-07","51179","Stafford","Sex","Female","9375","8883","22746","22238","0","0","2024-25"
"2026-04-13","51179","Stafford","Race and Ethnicity","Latino","0","0","0","0","0","0","2025-26"
"2026-04-13","51187","Warren","Age_Group","0-4","0","0","0","0","0","0","2025-26"
"2025-10-07","51187","Warren","Age_Group","0-4","17","14","675","545","0.006","0.222","2024-25"
"2024-09-10","51179","Stafford","Race and Ethnicity","Latino","1,350","1,273","5,017","4,672","4.8%","17.6%","2023-24"
"2024-09-10","51187","Warren","Age_Group","0-4","26","18","812","625","0.7%","25.5%","2023-24"
"2025-10-07","51179","Stafford","Race and Ethnicity","Latino","1302","1258","4895","4752","0.047","0.179","2024-25"
"2026-04-13","51179","Stafford","Age_Group","Male","0","0","0","0","0","0","2025-26"
"2026-04-13","51187","Warren","Age_Group","12-17","0","0","0","0","0","0","2025-26"
"2024-09-10","51187","Warren","Age_Group","12-17","55","51","437","426","1.7%","14.5%","2023-24"
"2026-04-13","51179","Stafford","Race and Ethnicity","Male","0","0","0","0","0","0","2025-26"
"2025-10-07","51187","Warren","Age_Group","12-17","56","56","399","395","0.019","0.134","2024-25"
"2026-04-13","51179","Stafford","Sex","Male","4900","4406","15299","15016","0","0","2025-26"
"2026-04-13","51187","Warren","Age_Group","18-30","0","0","0","0","0","0","2025-26"
"2025-10-07","51187","Warren","Age_Group","18-30","148","148","647","643","0.023","0.099","2024-25"
"2024-09-10","51187","Warren","Age_Group","18-30","151","146","578","557","2.2%","8.6%","2023-24"
"2026-04-13","51187","Warren","Age_Group","31-49","0","0","0","0","0","0","2025-26"
"2025-10-07","51187","Warren","Age_Group","31-49","400","390","1300","1297","0.04","0.132","2024-25"
"2024-09-10","51187","Warren","Age_Group","31-49","409","387","1,283","1,233","3.9%","12.5%","2023-24"
"2026-04-13","51187","Warren","Age_Group","50-64","0","0","0","0","0","0","2025-26"
"2024-09-10","51187","Warren","Age_Group","50-64","1,012","948","2,401","2,292","10.6%","25.7%","2023-24"
"2025-10-07","51187","Warren","Age_Group","50-64","773","763","2078","2066","0.086","0.232","2024-25"
"2026-04-13","51187","Warren","Age_Group","5-11","0","0","0","0","0","0","2025-26"
"2025-10-07","51187","Warren","Age_Group","5-11","21","21","505","504","0.006","0.146","2024-25"
"2024-09-10","51187","Warren","Age_Group","5-11","26","25","509","502","0.7%","14.5%","2023-24"
"2026-04-13","51187","Warren","Age_Group","65+","0","0","0","0","0","0","2025-26"
"2024-09-10","51187","Warren","Age_Group","65+","2,577","2,185","4,399","4,131","30.0%","56.6%","2023-24"
"2025-10-07","51187","Warren","Age_Group","65+","2132","1944","3875","3837","0.267","0.526","2024-25"
"2026-04-13","51187","Warren","Race and Ethnicity","Asian or Pacific Islander","0","0","0","0","0","0","2025-26"
"2024-09-10","51187","Warren","Race and Ethnicity","Asian or Pacific Islander","105","93","215","201","17.0%","36.8%","2023-24"
"2025-10-07","51187","Warren","Race and Ethnicity","Asian or Pacific Islander","85","81","223","213","0.148","0.39","2024-25"
"2026-04-13","51187","Warren","Race and Ethnicity","Black","0","0","0","0","0","0","2025-26"
"2025-10-07","51187","Warren","Race and Ethnicity","Black","195","180","438","427","0.094","0.223","2024-25"
"2024-09-10","51187","Warren","Race and Ethnicity","Black","198","179","455","426","9.4%","22.3%","2023-24"
"2026-04-13","51187","Warren","Age_Group","Female","0","0","0","0","0","0","2025-26"
"2026-04-13","51187","Warren","Race and Ethnicity","Female","0","0","0","0","0","0","2025-26"
"2026-04-13","51187","Warren","Sex","Female","1176","1119","4770","4699","0","0","2025-26"
"2025-10-07","51187","Warren","Sex","Female","1955","1837","5353","5261","0","0","2024-25"
"2024-09-10","51187","Warren","Sex","Female","2,359","2,090","5,843","5,494","10.2%","26.9%","2023-24"
"2026-04-13","51187","Warren","Race and Ethnicity","Latino","0","0","0","0","0","0","2025-26"
"2024-09-10","51187","Warren","Race and Ethnicity","Latino","143","131","469","425","4.2%","13.8%","2023-24"
"2025-10-07","51187","Warren","Race and Ethnicity","Latino","144","138","515","492","0.045","0.159","2024-25"
"2026-04-13","51187","Warren","Age_Group","Male","0","0","0","0","0","0","2025-26"
"2026-04-13","51187","Warren","Race and Ethnicity","Male","0","0","0","0","0","0","2025-26"
"2024-09-10","51187","Warren","Sex","Male","1,897","1,670","4,576","4,272","8.0%","20.4%","2023-24"
"2025-10-07","51187","Warren","Sex","Male","1592","1499","4124","4024","0","0","2024-25"
"2026-04-13","51187","Warren","Sex","Male","948","917","3642","3572","0","0","2025-26"
"2026-04-13","51187","Warren","Race and Ethnicity","Native American","0","0","0","0","0","0","2025-26"
"2025-10-07","51187","Warren","Race and Ethnicity","Native American","39","38","90","88","0.273","0.633","2024-25"
"2024-09-10","51187","Warren","Race and Ethnicity","Native American","44","41","90","87","29.5%","62.6%","2023-24"
"2026-04-13","51187","Warren","Race and Ethnicity","Not Reported","0","0","0","0","0","0","2025-26"
"2026-04-13","51187","Warren","Sex","Not Reported","0","0","0","0","0","0","2025-26"
"2025-10-07","51187","Warren","Race and Ethnicity","Not Reported","20","20","318","304","0","0.007","2024-25"
"2024-09-10","51187","Warren","Race and Ethnicity","Not Reported","34","30","529","485","","","2023-24"
"2026-04-13","51187","Warren","Race and Ethnicity","Other Race","0","0","0","0","0","0","2025-26"
"2024-09-10","51187","Warren","Race and Ethnicity","Other Race","10","10","104","96","0.8%","7.4%","2023-24"
"2025-10-07","51187","Warren","Race and Ethnicity","Other Race","16","16","81","81","0.012","0.062","2024-25"
"2026-04-13","51187","Warren","Age_Group","Unknown","0","0","0","0","0","0","2025-26"
"2026-04-13","51187","Warren","Race and Ethnicity","Unknown","0","0","0","0","0","0","2025-26"
"2026-04-13","51187","Warren","Sex","UNKNOWN","0","0","1","1","0","0","2025-26"
"2025-10-07","51187","Warren","Sex","UNKNOWN","0","0","2","2","0","0","2024-25"
"2026-04-13","51187","Warren","Race and Ethnicity","White","0","0","0","0","0","0","2025-26"
"2024-09-10","51187","Warren","Race and Ethnicity","White","3,722","3,276","8,557","8,046","9.5%","23.4%","2023-24"
"2025-10-07","51181","Surry","Sex","Female","365","346","916","897","0","0","2024-25"
"2026-04-13","51191","Washington","Age_Group","0-4","0","0","0","0","0","0","2025-26"
"2024-09-10","51181","Surry","Sex","Female","421","394","1,155","1,063","12.3%","33.2%","2023-24"
"2025-10-07","51191","Washington","Age_Group","0-4","11","10","543","419","0.004","0.18","2024-25"
"2026-04-13","51181","Surry","Race and Ethnicity","Latino","0","0","0","0","0","0","2025-26"
"2024-09-10","51191","Washington","Age_Group","0-4","17","15","504","403","0.6%","17.3%","2023-24"
"2025-10-07","51181","Surry","Race and Ethnicity","Latino","5","5","25","24","0.032","0.156","2024-25"
"2026-04-13","51191","Washington","Age_Group","12-17","0","0","0","0","0","0","2025-26"
"2024-09-10","51181","Surry","Race and Ethnicity","Latino","7","7","18","17","4.5%","11.0%","2023-24"
"2025-10-07","51191","Washington","Age_Group","12-17","41","40","461","459","0.011","0.129","2024-25"
"2026-04-13","51181","Surry","Age_Group","Male","0","0","0","0","0","0","2025-26"
"2024-09-10","51191","Washington","Age_Group","12-17","49","49","532","529","1.4%","14.9%","2023-24"
"2026-04-13","51181","Surry","Race and Ethnicity","Male","0","0","0","0","0","0","2025-26"
"2026-04-13","51191","Washington","Age_Group","18-30","0","0","0","0","0","0","2025-26"
"2026-04-13","51181","Surry","Sex","Male","138","134","556","545","0","0","2025-26"
"2024-09-10","51191","Washington","Age_Group","18-30","135","132","751","739","1.7%","9.7%","2023-24"
"2025-10-07","51181","Surry","Sex","Male","279","265","688","663","0","0","2024-25"
"2025-10-07","51191","Washington","Age_Group","18-30","96","95","664","661","0.012","0.086","2024-25"
"2024-09-10","51181","Surry","Sex","Male","307","283","818","756","8.8%","23.4%","2023-24"
"2026-04-13","51191","Washington","Age_Group","31-49","0","0","0","0","0","0","2025-26"
"2026-04-13","51181","Surry","Race and Ethnicity","Native American","0","0","0","0","0","0","2025-26"
"2025-10-07","51191","Washington","Age_Group","31-49","274","270","1453","1445","0.023","0.124","2024-25"
"2025-10-07","51181","Surry","Race and Ethnicity","Native American","6","6","16","16","0.5","1.333","2024-25"
"2024-09-10","51191","Washington","Age_Group","31-49","378","362","1,712","1,653","3.1%","14.2%","2023-24"
"2026-04-13","51191","Washington","Age_Group","50-64","0","0","0","0","0","0","2025-26"
"2024-09-10","51181","Surry","Race and Ethnicity","Native American","8","7","18","16","58.3%","133.3%","2023-24"
"2025-10-07","51191","Washington","Age_Group","50-64","629","615","2373","2340","0.052","0.199","2024-25"
"2026-04-13","51181","Surry","Race and Ethnicity","Not Reported","0","0","0","0","0","0","2025-26"
"2024-09-10","51191","Washington","Age_Group","50-64","813","770","3,037","2,912","6.6%","24.8%","2023-24"
"2025-10-07","51181","Surry","Race and Ethnicity","Not Reported","0","0","26","25","0","0.004","2024-25"
"2026-04-13","51191","Washington","Age_Group","5-11","0","0","0","0","0","0","2025-26"
"2024-09-10","51181","Surry","Race and Ethnicity","Not Reported","2","2","42","39","","","2023-24"
"2025-10-07","51191","Washington","Age_Group","5-11","15","15","660","658","0.004","0.185","2024-25"
"2026-04-13","51181","Surry","Race and Ethnicity","Other Race","0","0","0","0","0","0","2025-26"
"2024-09-10","51191","Washington","Age_Group","5-11","26","26","744","734","0.7%","20.6%","2023-24"
"2025-10-07","51181","Surry","Race and Ethnicity","Other Race","1","1","8","7","0.007","0.046","2024-25"
"2026-04-13","51191","Washington","Age_Group","65+","0","0","0","0","0","0","2025-26"
"2024-09-10","51181","Surry","Race and Ethnicity","Other Race","2","2","10","10","1.3%","6.6%","2023-24"
"2024-09-10","51191","Washington","Age_Group","65+","2,632","2,363","7,097","6,736","17.6%","50.1%","2023-24"
"2026-04-13","51181","Surry","Age_Group","Unknown","0","0","0","0","0","0","2025-26"
"2025-10-07","51191","Washington","Age_Group","65+","2218","2076","5920","5857","0.154","0.436","2024-25"
"2026-04-13","51181","Surry","Race and Ethnicity","Unknown","0","0","0","0","0","0","2025-26"
"2026-04-13","51191","Washington","Race and Ethnicity","Asian or Pacific Islander","0","0","0","0","0","0","2025-26"
"2026-04-13","51181","Surry","Sex","Unknown","0","0","0","0","0","0","2025-26"
"2025-10-07","51191","Washington","Race and Ethnicity","Asian or Pacific Islander","31","31","106","105","0.097","0.327","2024-25"
"2026-04-13","51181","Surry","Race and Ethnicity","White","0","0","0","0","0","0","2025-26"
"2024-09-10","51191","Washington","Race and Ethnicity","Asian or Pacific Islander","45","42","95","92","13.1%","28.7%","2023-24"
"2025-10-07","51181","Surry","Race and Ethnicity","White","263","245","767","746","0.068","0.207","2024-25"
"2026-04-13","51191","Washington","Race and Ethnicity","Black","0","0","0","0","0","0","2025-26"
"2024-09-10","51181","Surry","Race and Ethnicity","White","330","300","983","907","8.3%","25.2%","2023-24"
"2025-10-07","51191","Washington","Race and Ethnicity","Black","53","51","210","205","0.063","0.255","2024-25"
"2024-09-10","51191","Washington","Race and Ethnicity","Black","80","76","215","207","9.5%","25.7%","2023-24"
"2026-04-13","51191","Washington","Age_Group","Female","0","0","0","0","0","0","2025-26"
"2026-04-13","51191","Washington","Race and Ethnicity","Female","0","0","0","0","0","0","2025-26"
"2025-10-07","51191","Washington","Sex","Female","1802","1717","6578","6445","0","0","2024-25"
"2024-09-10","51191","Washington","Sex","Female","2,265","2,078","7,839","7,472","7.7%","27.6%","2023-24"
"2026-04-13","51191","Washington","Sex","Female","988","974","5458","5384","0","0","2025-26"
"2026-04-13","51191","Washington","Race and Ethnicity","Latino","0","0","0","0","0","0","2025-26"
"2024-09-10","51191","Washington","Race and Ethnicity","Latino","49","48","275","265","5.2%","28.9%","2023-24"
"2025-10-07","51191","Washington","Race and Ethnicity","Latino","58","53","252","243","0.058","0.265","2024-25"
"2026-04-13","51191","Washington","Age_Group","Male","0","0","0","0","0","0","2025-26"
"2026-04-13","51191","Washington","Race and Ethnicity","Male","0","0","0","0","0","0","2025-26"
"2024-09-10","51191","Washington","Sex","Male","1,785","1,639","6,538","6,234","6.1%","23.3%","2023-24"
"2025-10-07","51191","Washington","Sex","Male","1482","1404","5496","5394","0","0","2024-25"
"2026-04-13","51191","Washington","Sex","Male","802","784","4249","4179","0","0","2025-26"
"2026-04-13","51191","Washington","Race and Ethnicity","Native American","0","0","0","0","0","0","2025-26"
"2024-09-10","51191","Washington","Race and Ethnicity","Native American","17","15","48","44","18.5%","54.3%","2023-24"
"2025-10-07","51191","Washington","Race and Ethnicity","Native American","26","26","67","63","0.321","0.778","2024-25"
"2026-04-13","51191","Washington","Race and Ethnicity","Not Reported","0","0","0","0","0","0","2025-26"
"2026-04-13","51191","Washington","Sex","Not Reported","0","0","0","0","0","0","2025-26"
"2025-10-07","51191","Washington","Race and Ethnicity","Not Reported","17","17","289","277","0","0.005","2024-25"
"2024-09-10","51191","Washington","Race and Ethnicity","Not Reported","35","35","556","548","","","2023-24"
"2026-04-13","51191","Washington","Race and Ethnicity","Other Race","0","0","0","0","0","0","2025-26"
"2025-10-07","51191","Washington","Race and Ethnicity","Other Race","13","13","163","139","0.025","0.264","2024-25"
"2024-09-10","51191","Washington","Race and Ethnicity","Other Race","8","8","239","194","1.5%","36.9%","2023-24"
"2026-04-13","51191","Washington","Age_Group","Unknown","0","0","0","0","0","0","2025-26"
"2026-04-13","51191","Washington","Race and Ethnicity","Unknown","0","0","0","0","0","0","2025-26"
"2026-04-13","51191","Washington","Sex","UNKNOWN","0","0","2","2","0","0","2025-26"
"2026-04-13","51191","Washington","Race and Ethnicity","White","0","0","0","0","0","0","2025-26"
"2024-09-10","51191","Washington","Race and Ethnicity","White","3,816","3,493","12,949","12,356","6.8%","24.1%","2023-24"
"2025-10-07","51191","Washington","Race and Ethnicity","White","3086","2930","10987","10807","0.057","0.211","2024-25"
"2026-04-13","51193","Westmoreland","Age_Group","0-4","0","0","0","0","0","0","2025-26"
"2024-09-10","51193","Westmoreland","Age_Group","0-4","11","8","371","289","0.9%","31.1%","2023-24"
"2025-10-07","51193","Westmoreland","Age_Group","0-4","2","2","297","230","0.002","0.247","2024-25"
"2026-04-13","51193","Westmoreland","Age_Group","12-17","0","0","0","0","0","0","2025-26"
"2025-10-07","51193","Westmoreland","Age_Group","12-17","10","10","121","121","0.009","0.113","2024-25"
"2024-09-10","51193","Westmoreland","Age_Group","12-17","20","19","178","170","1.8%","15.8%","2023-24"
"2026-04-13","51193","Westmoreland","Age_Group","18-30","0","0","0","0","0","0","2025-26"
"2024-09-10","51193","Westmoreland","Age_Group","18-30","51","49","278","269","2.0%","11.0%","2023-24"
"2025-10-07","51193","Westmoreland","Age_Group","18-30","57","57","247","243","0.023","0.099","2024-25"
"2026-04-13","51193","Westmoreland","Age_Group","31-49","0","0","0","0","0","0","2025-26"
"2024-09-10","51193","Westmoreland","Age_Group","31-49","131","124","536","503","3.4%","13.7%","2023-24"
"2025-10-07","51193","Westmoreland","Age_Group","31-49","144","138","505","493","0.038","0.134","2024-25"
"2026-04-13","51193","Westmoreland","Age_Group","50-64","0","0","0","0","0","0","2025-26"
"2025-10-07","51193","Westmoreland","Age_Group","50-64","437","427","1021","988","0.104","0.241","2024-25"
"2024-09-10","51193","Westmoreland","Age_Group","50-64","487","460","1,215","1,156","11.2%","28.2%","2023-24"
"2026-04-13","51193","Westmoreland","Age_Group","5-11","0","0","0","0","0","0","2025-26"
"2025-10-07","51193","Westmoreland","Age_Group","5-11","11","11","186","186","0.008","0.143","2024-25"
"2024-09-10","51193","Westmoreland","Age_Group","5-11","12","12","204","202","0.9%","15.6%","2023-24"
"2026-04-13","51183","Sussex","Age_Group","0-4","0","0","0","0","0","0","2025-26"
"2025-10-07","51183","Sussex","Age_Group","0-4","2","2","82","67","0.004","0.144","2024-25"
"2024-09-10","51183","Sussex","Age_Group","0-4","6","5","109","90","1.1%","19.4%","2023-24"
"2026-04-13","51183","Sussex","Age_Group","12-17","0","0","0","0","0","0","2025-26"
"2024-09-10","51183","Sussex","Age_Group","12-17","6","6","54","54","1.1%","9.6%","2023-24"
"2025-10-07","51183","Sussex","Age_Group","12-17","8","8","62","61","0.014","0.108","2024-25"
"2026-04-13","51183","Sussex","Age_Group","18-30","0","0","0","0","0","0","2025-26"
"2024-09-10","51183","Sussex","Age_Group","18-30","24","23","104","102","1.1%","4.8%","2023-24"
"2025-10-07","51183","Sussex","Age_Group","18-30","7","7","141","137","0.003","0.065","2024-25"
"2026-04-13","51193","Westmoreland","Age_Group","65+","0","0","0","0","0","0","2025-26"
"2024-09-10","51193","Westmoreland","Age_Group","65+","1,650","1,446","2,881","2,683","28.5%","52.8%","2023-24"
"2025-10-07","51193","Westmoreland","Age_Group","65+","1515","1364","2372","2335","0.268","0.459","2024-25"
"2026-04-13","51193","Westmoreland","Race and Ethnicity","Asian or Pacific Islander","0","0","0","0","0","0","2025-26"
"2024-09-10","51193","Westmoreland","Race and Ethnicity","Asian or Pacific Islander","23","20","57","50","11.6%","29.1%","2023-24"
"2025-10-07","51193","Westmoreland","Race and Ethnicity","Asian or Pacific Islander","29","27","73","70","0.157","0.407","2024-25"
"2026-04-13","51193","Westmoreland","Race and Ethnicity","Black","0","0","0","0","0","0","2025-26"
"2024-09-10","51193","Westmoreland","Race and Ethnicity","Black","565","523","1,356","1,273","11.4%","27.9%","2023-24"
"2025-10-07","51193","Westmoreland","Race and Ethnicity","Black","570","526","1105","1081","0.115","0.237","2024-25"
"2026-04-13","51193","Westmoreland","Age_Group","Female","0","0","0","0","0","0","2025-26"
"2026-04-13","51193","Westmoreland","Race and Ethnicity","Female","0","0","0","0","0","0","2025-26"
"2024-09-10","51193","Westmoreland","Sex","Female","1,327","1,188","3,187","2,964","12.7%","31.7%","2023-24"
"2025-10-07","51193","Westmoreland","Sex","Female","1199","1104","2634","2559","0","0","2024-25"
"2026-04-13","51193","Westmoreland","Sex","Female","678","654","2261","2219","0","0","2025-26"
"2026-04-13","51193","Westmoreland","Race and Ethnicity","Latino","0","0","0","0","0","0","2025-26"
"2025-10-07","51193","Westmoreland","Race and Ethnicity","Latino","87","80","406","377","0.064","0.3","2024-25"
"2024-09-10","51193","Westmoreland","Race and Ethnicity","Latino","95","84","412","384","6.7%","30.6%","2023-24"
"2026-04-13","51193","Westmoreland","Age_Group","Male","0","0","0","0","0","0","2025-26"
"2026-04-13","51193","Westmoreland","Race and Ethnicity","Male","0","0","0","0","0","0","2025-26"
"2024-09-10","51193","Westmoreland","Sex","Male","1,035","930","2,476","2,308","10.0%","24.9%","2023-24"
"2026-04-13","51193","Westmoreland","Sex","Male","585","561","1794","1763","0","0","2025-26"
"2025-10-07","51193","Westmoreland","Sex","Male","977","905","2115","2037","0","0","2024-25"
"2026-04-13","51193","Westmoreland","Race and Ethnicity","Native American","0","0","0","0","0","0","2025-26"
"2025-10-07","51193","Westmoreland","Race and Ethnicity","Native American","29","28","52","51","0.304","0.554","2024-25"
"2024-09-10","51193","Westmoreland","Race and Ethnicity","Native American","36","32","68","63","34.8%","68.5%","2023-24"
"2026-04-13","51193","Westmoreland","Race and Ethnicity","Not Reported","0","0","0","0","0","0","2025-26"
"2026-04-13","51193","Westmoreland","Sex","Not Reported","0","0","0","0","0","0","2025-26"
"2024-09-10","51193","Westmoreland","Race and Ethnicity","Not Reported","28","27","170","164","","","2023-24"
"2025-10-07","51193","Westmoreland","Race and Ethnicity","Not Reported","9","9","120","112","0","0.006","2024-25"
"2026-04-13","51193","Westmoreland","Race and Ethnicity","Other Race","0","0","0","0","0","0","2025-26"
"2025-10-07","51193","Westmoreland","Race and Ethnicity","Other Race","11","11","42","40","0.02","0.071","2024-25"
"2024-09-10","51193","Westmoreland","Race and Ethnicity","Other Race","13","12","61","56","2.1%","10.0%","2023-24"
"2026-04-13","51193","Westmoreland","Age_Group","Unknown","0","0","0","0","0","0","2025-26"
"2026-04-13","51193","Westmoreland","Race and Ethnicity","Unknown","0","0","0","0","0","0","2025-26"
"2026-04-13","51193","Westmoreland","Sex","Unknown","0","0","0","0","0","0","2025-26"
"2026-04-13","51193","Westmoreland","Race and Ethnicity","White","0","0","0","0","0","0","2025-26"
"2024-09-10","51193","Westmoreland","Race and Ethnicity","White","1,602","1,420","3,539","3,282","11.9%","27.4%","2023-24"
"2025-10-07","51193","Westmoreland","Race and Ethnicity","White","1441","1328","2951","2865","0.111","0.239","2024-25"
"2026-04-13","51195","Wise","Age_Group","0-4","0","0","0","0","0","0","2025-26"
"2025-10-07","51195","Wise","Age_Group","0-4","2","2","281","239","0.001","0.143","2024-25"
"2024-09-10","51195","Wise","Age_Group","0-4","5","5","420","334","0.3%","20.0%","2023-24"
"2026-04-13","51195","Wise","Age_Group","12-17","0","0","0","0","0","0","2025-26"
"2024-09-10","51195","Wise","Age_Group","12-17","19","18","302","299","0.7%","12.1%","2023-24"
"2025-10-07","51195","Wise","Age_Group","12-17","9","9","180","180","0.004","0.073","2024-25"
"2026-04-13","51195","Wise","Age_Group","18-30","0","0","0","0","0","0","2025-26"
"2024-09-10","51195","Wise","Age_Group","18-30","129","127","649","630","2.1%","10.5%","2023-24"
"2025-10-07","51195","Wise","Age_Group","18-30","36","36","477","476","0.006","0.079","2024-25"
"2026-04-13","51195","Wise","Age_Group","31-49","0","0","0","0","0","0","2025-26"
"2025-10-07","51195","Wise","Age_Group","31-49","104","103","924","918","0.012","0.107","2024-25"
"2024-09-10","51195","Wise","Age_Group","31-49","312","302","1,387","1,341","3.5%","15.6%","2023-24"
"2026-04-13","51195","Wise","Age_Group","50-64","0","0","0","0","0","0","2025-26"
"2025-10-07","51195","Wise","Age_Group","50-64","206","206","1402","1391","0.03","0.202","2024-25"
"2024-09-10","51195","Wise","Age_Group","50-64","375","364","2,239","2,156","5.3%","31.3%","2023-24"
"2026-04-13","51195","Wise","Age_Group","5-11","0","0","0","0","0","0","2025-26"
"2025-10-07","51195","Wise","Age_Group","5-11","2","2","226","226","0.001","0.086","2024-25"
"2024-09-10","51195","Wise","Age_Group","5-11","5","5","325","322","0.2%","12.3%","2023-24"
"2026-04-13","51195","Wise","Age_Group","65+","0","0","0","0","0","0","2025-26"
"2025-10-07","51195","Wise","Age_Group","65+","611","581","2782","2709","0.081","0.379","2024-25"
"2024-09-10","51195","Wise","Age_Group","65+","899","836","4,305","4,060","11.7%","56.8%","2023-24"
"2026-04-13","51195","Wise","Race and Ethnicity","Asian or Pacific Islander","0","0","0","0","0","0","2025-26"
"2025-10-07","51195","Wise","Race and Ethnicity","Asian or Pacific Islander","18","16","59","59","0.088","0.326","2024-25"
"2024-09-10","51195","Wise","Race and Ethnicity","Asian or Pacific Islander","23","20","60","53","11.0%","29.3%","2023-24"
"2026-04-13","51195","Wise","Race and Ethnicity","Black","0","0","0","0","0","0","2025-26"
"2025-10-07","51195","Wise","Race and Ethnicity","Black","19","18","189","184","0.008","0.086","2024-25"
"2024-09-10","51195","Wise","Race and Ethnicity","Black","73","73","187","177","3.4%","8.3%","2023-24"
"2026-04-13","51195","Wise","Age_Group","Female","0","0","0","0","0","0","2025-26"
"2026-04-13","51195","Wise","Race and Ethnicity","Female","0","0","0","0","0","0","2025-26"
"2026-04-13","51195","Wise","Sex","Female","221","217","2744","2696","0","0","2025-26"
"2025-10-07","51195","Wise","Sex","Female","467","454","3282","3217","0","0","2024-25"
"2024-09-10","51195","Wise","Sex","Female","780","740","4,989","4,763","4.4%","28.4%","2023-24"
"2026-04-13","51195","Wise","Race and Ethnicity","Latino","0","0","0","0","0","0","2025-26"
"2025-10-07","51195","Wise","Race and Ethnicity","Latino","24","23","128","127","0.048","0.266","2024-25"
"2024-09-10","51195","Wise","Race and Ethnicity","Latino","35","35","207","199","7.3%","41.6%","2023-24"
"2026-04-13","51195","Wise","Age_Group","Male","0","0","0","0","0","0","2025-26"
"2026-04-13","51195","Wise","Race and Ethnicity","Male","0","0","0","0","0","0","2025-26"
"2026-04-13","51195","Wise","Sex","Male","210","207","2178","2150","0","0","2025-26"
"2025-10-07","51195","Wise","Sex","Male","503","485","2989","2921","0","0","2024-25"
"2024-09-10","51195","Wise","Sex","Male","963","916","4,637","4,378","4.9%","23.5%","2023-24"
"2026-04-13","51195","Wise","Race and Ethnicity","Native American","0","0","0","0","0","0","2025-26"
"2025-10-07","51195","Wise","Race and Ethnicity","Native American","11","11","41","41","0.256","0.953","2024-25"
"2024-09-10","51195","Wise","Race and Ethnicity","Native American","13","13","45","42","30.2%","97.7%","2023-24"
"2026-04-13","51195","Wise","Race and Ethnicity","Not Reported","0","0","0","0","0","0","2025-26"
"2026-04-13","51195","Wise","Sex","Not Reported","0","0","0","0","0","0","2025-26"
"2024-09-10","51195","Wise","Sex","Not Reported","1","1","1","1","","","2023-24"
"2025-10-07","51195","Wise","Race and Ethnicity","Not Reported","15","15","240","237","0","0.007","2024-25"
"2024-09-10","51195","Wise","Race and Ethnicity","Not Reported","207","205","608","589","","","2023-24"
"2026-04-13","51195","Wise","Race and Ethnicity","Other Race","0","0","0","0","0","0","2025-26"
"2024-09-10","51195","Wise","Race and Ethnicity","Other Race","13","13","66","62","2.8%","13.2%","2023-24"
"2025-10-07","51195","Wise","Race and Ethnicity","Other Race","4","4","29","28","0.009","0.06","2024-25"
"2026-04-13","51195","Wise","Age_Group","Unknown","0","0","0","0","0","0","2025-26"
"2026-04-13","51195","Wise","Race and Ethnicity","Unknown","0","0","0","0","0","0","2025-26"
"2025-10-07","51195","Wise","Sex","UNKNOWN","0","0","1","1","0","0","2024-25"
"2026-04-13","51510","Alexandria","Age_Group","Unknown","0","0","0","0","0","0","2025-26"
"2026-04-13","51510","Alexandria","Race and Ethnicity","Unknown","0","0","0","0","0","0","2025-26"
"2026-04-13","51510","Alexandria","Sex","UNKNOWN","1","1","15","15","0","0","2025-26"
"2025-10-07","51510","Alexandria","Sex","UNKNOWN","3","3","16","16","0","0","2024-25"
"2026-04-13","51510","Alexandria","Race and Ethnicity","White","0","0","0","0","0","0","2025-26"
"2025-10-07","51510","Alexandria","Race and Ethnicity","White","24785","21936","29925","29193","0.274","0.365","2024-25"
"2024-09-10","51510","Alexandria","Race and Ethnicity","White","27,503","23,382","33,675","31,107","29.2%","38.9%","2023-24"
"2026-04-13","51520","Bristol","Age_Group","0-4","0","0","0","0","0","0","2025-26"
"2025-10-07","51520","Bristol","Age_Group","0-4","2","2","107","82","0.002","0.094","2024-25"
"2024-09-10","51520","Bristol","Age_Group","0-4","2","2","108","87","0.2%","9.9%","2023-24"
"2026-04-13","51520","Bristol","Age_Group","12-17","0","0","0","0","0","0","2025-26"
"2024-09-10","51520","Bristol","Age_Group","12-17","5","5","145","144","0.4%","12.8%","2023-24"
"2025-10-07","51520","Bristol","Age_Group","12-17","9","9","123","123","0.008","0.11","2024-25"
"2026-04-13","51520","Bristol","Age_Group","18-30","0","0","0","0","0","0","2025-26"
"2024-09-10","51520","Bristol","Age_Group","18-30","29","29","158","156","1.1%","6.1%","2023-24"
"2025-10-07","51520","Bristol","Age_Group","18-30","32","31","166","164","0.012","0.064","2024-25"
"2026-04-13","51520","Bristol","Age_Group","31-49","0","0","0","0","0","0","2025-26"
"2024-09-10","51520","Bristol","Age_Group","31-49","120","112","415","398","2.9%","10.3%","2023-24"
"2025-10-07","51520","Bristol","Age_Group","31-49","95","93","343","341","0.024","0.088","2024-25"
"2026-04-13","51520","Bristol","Age_Group","50-64","0","0","0","0","0","0","2025-26"
"2025-10-07","51520","Bristol","Age_Group","50-64","191","183","604","599","0.055","0.18","2024-25"
"2024-09-10","51520","Bristol","Age_Group","50-64","235","226","746","704","6.8%","21.2%","2023-24"
"2026-04-13","51520","Bristol","Age_Group","5-11","0","0","0","0","0","0","2025-26"
"2025-10-07","51520","Bristol","Age_Group","5-11","0","0","159","156","0","0.118","2024-25"
"2024-09-10","51520","Bristol","Age_Group","5-11","8","8","230","227","0.6%","17.2%","2023-24"
"2026-04-13","51520","Bristol","Age_Group","65+","0","0","0","0","0","0","2025-26"
"2025-10-07","51520","Bristol","Age_Group","65+","605","572","1381","1367","0.148","0.354","2024-25"
"2024-09-10","51520","Bristol","Age_Group","65+","684","611","1,652","1,555","15.8%","40.3%","2023-24"
"2026-04-13","51520","Bristol","Race and Ethnicity","Asian or Pacific Islander","0","0","0","0","0","0","2025-26"
"2025-10-07","51520","Bristol","Race and Ethnicity","Asian or Pacific Islander","17","17","51","50","0.098","0.289","2024-25"
"2024-09-10","51520","Bristol","Race and Ethnicity","Asian or Pacific Islander","21","21","56","53","12.1%","30.6%","2023-24"
"2026-04-13","51520","Bristol","Race and Ethnicity","Black","0","0","0","0","0","0","2025-26"
"2024-09-10","51520","Bristol","Race and Ethnicity","Black","44","43","171","166","4.0%","15.6%","2023-24"
"2025-10-07","51520","Bristol","Race and Ethnicity","Black","48","45","145","140","0.042","0.132","2024-25"
"2026-04-13","51520","Bristol","Age_Group","Female","0","0","0","0","0","0","2025-26"
"2026-04-13","51195","Wise","Sex","UNKNOWN","0","0","1","1","0","0","2025-26"
"2026-04-13","51195","Wise","Race and Ethnicity","White","0","0","0","0","0","0","2025-26"
"2026-04-13","51520","Bristol","Race and Ethnicity","Female","0","0","0","0","0","0","2025-26"
"2024-09-10","51195","Wise","Race and Ethnicity","White","1,380","1,298","8,454","8,020","4.0%","25.0%","2023-24"
"2026-04-13","51520","Bristol","Sex","Female","293","291","1532","1508","0","0","2025-26"
"2025-10-07","51195","Wise","Race and Ethnicity","White","879","852","5586","5463","0.027","0.17","2024-25"
"2025-10-07","51520","Bristol","Sex","Female","528","508","1675","1642","0","0","2024-25"
"2026-04-13","51197","Wythe","Age_Group","0-4","0","0","0","0","0","0","2025-26"
"2024-09-10","51520","Bristol","Sex","Female","613","563","1,958","1,862","6.4%","21.0%","2023-24"
"2025-10-07","51197","Wythe","Age_Group","0-4","13","10","214","179","0.007","0.134","2024-25"
"2026-04-13","51520","Bristol","Race and Ethnicity","Latino","0","0","0","0","0","0","2025-26"
"2025-10-07","51520","Bristol","Race and Ethnicity","Latino","15","15","101","98","0.036","0.234","2024-25"
"2024-09-10","51197","Wythe","Age_Group","0-4","8","8","280","225","0.6%","16.9%","2023-24"
"2024-09-10","51520","Bristol","Race and Ethnicity","Latino","18","17","120","112","4.1%","26.8%","2023-24"
"2026-04-13","51197","Wythe","Age_Group","12-17","0","0","0","0","0","0","2025-26"
"2026-04-13","51520","Bristol","Age_Group","Male","0","0","0","0","0","0","2025-26"
"2024-09-10","51197","Wythe","Age_Group","12-17","25","23","309","303","1.2%","16.0%","2023-24"
"2025-10-07","51197","Wythe","Age_Group","12-17","25","25","256","256","0.013","0.135","2024-25"
"2026-04-13","51197","Wythe","Age_Group","18-30","0","0","0","0","0","0","2025-26"
"2025-10-07","51197","Wythe","Age_Group","18-30","66","65","305","303","0.017","0.077","2024-25"
"2024-09-10","51197","Wythe","Age_Group","18-30","66","65","355","339","1.7%","8.6%","2023-24"
"2026-04-13","51197","Wythe","Age_Group","31-49","0","0","0","0","0","0","2025-26"
"2025-10-07","51197","Wythe","Age_Group","31-49","167","167","738","735","0.027","0.117","2024-25"
"2024-09-10","51197","Wythe","Age_Group","31-49","184","178","855","823","2.8%","13.1%","2023-24"
"2026-04-13","51197","Wythe","Age_Group","50-64","0","0","0","0","0","0","2025-26"
"2025-10-07","51197","Wythe","Age_Group","50-64","397","389","1353","1336","0.062","0.212","2024-25"
"2024-09-10","51197","Wythe","Age_Group","50-64","492","466","1,614","1,539","7.4%","24.4%","2023-24"
"2026-04-13","51197","Wythe","Age_Group","5-11","0","0","0","0","0","0","2025-26"
"2024-09-10","51197","Wythe","Age_Group","5-11","13","13","389","384","0.6%","18.5%","2023-24"
"2025-10-07","51197","Wythe","Age_Group","5-11","18","18","314","313","0.009","0.15","2024-25"
"2026-04-13","51197","Wythe","Age_Group","65+","0","0","0","0","0","0","2025-26"
"2024-09-10","51197","Wythe","Age_Group","65+","1,407","1,304","3,366","3,219","20.7%","51.1%","2023-24"
"2025-10-07","51197","Wythe","Age_Group","65+","1293","1234","2994","2939","0.196","0.467","2024-25"
"2026-04-13","51197","Wythe","Race and Ethnicity","Asian or Pacific Islander","0","0","0","0","0","0","2025-26"
"2024-09-10","51197","Wythe","Race and Ethnicity","Asian or Pacific Islander","14","13","38","34","7.6%","19.8%","2023-24"
"2025-10-07","51197","Wythe","Race and Ethnicity","Asian or Pacific Islander","16","16","41","40","0.093","0.233","2024-25"
"2026-04-13","51197","Wythe","Race and Ethnicity","Black","0","0","0","0","0","0","2025-26"
"2025-10-07","51197","Wythe","Race and Ethnicity","Black","66","65","156","154","0.088","0.209","2024-25"
"2024-09-10","51197","Wythe","Race and Ethnicity","Black","73","68","178","165","9.2%","22.4%","2023-24"
"2026-04-13","51197","Wythe","Age_Group","Female","0","0","0","0","0","0","2025-26"
"2026-04-13","51197","Wythe","Race and Ethnicity","Female","0","0","0","0","0","0","2025-26"
"2024-09-10","51197","Wythe","Sex","Female","1,240","1,162","4,043","3,860","8.2%","27.2%","2023-24"
"2025-10-07","51197","Wythe","Sex","Female","1074","1039","3490","3437","0","0","2024-25"
"2026-04-13","51197","Wythe","Sex","Female","602","595","2893","2858","0","0","2025-26"
"2026-04-13","51197","Wythe","Race and Ethnicity","Latino","0","0","0","0","0","0","2025-26"
"2025-10-07","51197","Wythe","Race and Ethnicity","Latino","23","23","80","78","0.052","0.177","2024-25"
"2024-09-10","51197","Wythe","Race and Ethnicity","Latino","31","30","93","85","6.8%","19.3%","2023-24"
"2026-04-13","51197","Wythe","Age_Group","Male","0","0","0","0","0","0","2025-26"
"2026-04-13","51197","Wythe","Race and Ethnicity","Male","0","0","0","0","0","0","2025-26"
"2026-04-13","51197","Wythe","Sex","Male","472","461","2180","2162","0","0","2025-26"
"2025-10-07","51197","Wythe","Sex","Male","904","868","2683","2623","0","0","2024-25"
"2024-09-10","51197","Wythe","Sex","Male","955","895","3,120","2,968","6.4%","21.3%","2023-24"
"2026-04-13","51197","Wythe","Race and Ethnicity","Native American","0","0","0","0","0","0","2025-26"
"2024-09-10","51197","Wythe","Race and Ethnicity","Native American","13","13","26","25","26.0%","50.0%","2023-24"
"2025-10-07","51197","Wythe","Race and Ethnicity","Native American","21","20","36","36","0.4","0.72","2024-25"
"2024-09-10","51197","Wythe","Sex","Not Reported","0","0","5","4","","","2023-24"
"2026-04-13","51197","Wythe","Race and Ethnicity","Not Reported","0","0","0","0","0","0","2025-26"
"2026-04-13","51197","Wythe","Sex","Not Reported","0","0","0","0","0","0","2025-26"
"2024-09-10","51197","Wythe","Race and Ethnicity","Not Reported","127","125","720","683","","","2023-24"
"2025-10-07","51197","Wythe","Race and Ethnicity","Not Reported","59","55","361","352","0.002","0.013","2024-25"
"2026-04-13","51197","Wythe","Race and Ethnicity","Other Race","0","0","0","0","0","0","2025-26"
"2024-09-10","51197","Wythe","Race and Ethnicity","Other Race","13","12","75","66","2.6%","14.6%","2023-24"
"2025-10-07","51197","Wythe","Race and Ethnicity","Other Race","19","17","54","54","0.038","0.119","2024-25"
"2026-04-13","51197","Wythe","Age_Group","Unknown","0","0","0","0","0","0","2025-26"
"2026-04-13","51197","Wythe","Race and Ethnicity","Unknown","0","0","0","0","0","0","2025-26"
"2026-04-13","51197","Wythe","Sex","UNKNOWN","0","0","0","0","0","0","2025-26"
"2025-10-07","51197","Wythe","Sex","UNKNOWN","1","1","1","1","0","0","2024-25"
"2026-04-13","51680","Lynchburg","Race and Ethnicity","Not Reported","0","0","0","0","0","0","2025-26"
"2026-04-13","51680","Lynchburg","Sex","Not Reported","0","0","0","0","0","0","2025-26"
"2025-10-07","51680","Lynchburg","Race and Ethnicity","Not Reported","34","34","802","716","0","0.009","2024-25"
"2024-09-10","51680","Lynchburg","Race and Ethnicity","Not Reported","50","49","849","766","","","2023-24"
"2026-04-13","51680","Lynchburg","Race and Ethnicity","Other Race","0","0","0","0","0","0","2025-26"
"2024-09-10","51680","Lynchburg","Race and Ethnicity","Other Race","42","38","162","156","1.9%","8.0%","2023-24"
"2025-10-07","51680","Lynchburg","Race and Ethnicity","Other Race","49","47","157","153","0.024","0.078","2024-25"
"2026-04-13","51680","Lynchburg","Age_Group","Unknown","0","0","0","0","0","0","2025-26"
"2026-04-13","51680","Lynchburg","Race and Ethnicity","Unknown","0","0","0","0","0","0","2025-26"
"2025-10-07","51680","Lynchburg","Sex","UNKNOWN","0","0","13","13","0","0","2024-25"
"2026-04-13","51680","Lynchburg","Sex","UNKNOWN","3","3","28","28","0","0","2025-26"
"2026-04-13","51680","Lynchburg","Race and Ethnicity","White","0","0","0","0","0","0","2025-26"
"2025-10-07","51680","Lynchburg","Race and Ethnicity","White","4663","4268","10911","10760","0.087","0.219","2024-25"
"2024-09-10","51680","Lynchburg","Race and Ethnicity","White","5,628","4,858","11,744","11,042","9.9%","22.5%","2023-24"
"2026-04-13","51683","Manassas City","Age_Group","0-4","0","0","0","0","0","0","2025-26"
"2024-09-10","51683","Manassas City","Age_Group","0-4","157","117","1,601","1,243","3.5%","37.2%","2023-24"
"2025-10-07","51683","Manassas City","Age_Group","0-4","31","23","1388","1098","0.007","0.329","2024-25"
"2026-04-13","51683","Manassas City","Age_Group","12-17","0","0","0","0","0","0","2025-26"
"2024-09-10","51683","Manassas City","Age_Group","12-17","145","142","1,139","1,093","4.2%","32.2%","2023-24"
"2025-10-07","51683","Manassas City","Age_Group","12-17","156","154","1036","1032","0.045","0.304","2024-25"
"2026-04-13","51683","Manassas City","Age_Group","18-30","0","0","0","0","0","0","2025-26"
"2025-10-07","51683","Manassas City","Age_Group","18-30","377","373","1321","1305","0.048","0.168","2024-25"
"2024-09-10","51683","Manassas City","Age_Group","18-30","433","422","1,400","1,344","5.4%","17.3%","2023-24"
"2026-04-13","51683","Manassas City","Age_Group","31-49","0","0","0","0","0","0","2025-26"
"2025-10-07","51683","Manassas City","Age_Group","31-49","880","864","2275","2249","0.076","0.199","2024-25"
"2024-09-10","51683","Manassas City","Age_Group","31-49","925","876","2,529","2,417","7.8%","21.4%","2023-24"
"2026-04-13","51683","Manassas City","Age_Group","50-64","0","0","0","0","0","0","2025-26"
"2024-09-10","51683","Manassas City","Age_Group","50-64","1,240","1,169","2,568","2,401","15.1%","31.1%","2023-24"
"2025-10-07","51683","Manassas City","Age_Group","50-64","1057","1034","2177","2154","0.134","0.279","2024-25"
"2026-04-13","51683","Manassas City","Age_Group","5-11","0","0","0","0","0","0","2025-26"
"2025-10-07","51683","Manassas City","Age_Group","5-11","134","132","1203","1190","0.031","0.282","2024-25"
"2024-09-10","51683","Manassas City","Age_Group","5-11","153","148","1,410","1,351","3.5%","32.0%","2023-24"
"2026-04-13","51683","Manassas City","Age_Group","65+","0","0","0","0","0","0","2025-26"
"2024-09-10","51683","Manassas City","Age_Group","65+","2,110","1,798","3,105","2,856","37.2%","59.0%","2023-24"
"2025-10-07","51683","Manassas City","Age_Group","65+","2079","1779","2754","2724","0.368","0.563","2024-25"
"2026-04-13","51683","Manassas City","Race and Ethnicity","Asian or Pacific Islander","0","0","0","0","0","0","2025-26"
"2025-10-07","51683","Manassas City","Race and Ethnicity","Asian or Pacific Islander","467","440","1215","1173","0.151","0.403","2024-25"
"2024-09-10","51683","Manassas City","Race and Ethnicity","Asian or Pacific Islander","503","465","1,312","1,202","16.0%","41.3%","2023-24"
"2026-04-13","51683","Manassas City","Race and Ethnicity","Black","0","0","0","0","0","0","2025-26"
"2025-10-07","51683","Manassas City","Race and Ethnicity","Black","728","678","1320","1299","0.117","0.225","2024-25"
"2024-09-10","51683","Manassas City","Race and Ethnicity","Black","827","752","1,581","1,477","13.0%","25.5%","2023-24"
"2026-04-13","51683","Manassas City","Age_Group","Female","0","0","0","0","0","0","2025-26"
"2026-04-13","51683","Manassas City","Race and Ethnicity","Female","0","0","0","0","0","0","2025-26"
"2026-04-13","51683","Manassas City","Sex","Female","1831","1577","5841","5703","0","0","2025-26"
"2024-09-10","51683","Manassas City","Sex","Female","2,892","2,641","7,819","7,266","12.6%","34.8%","2023-24"
"2025-10-07","51683","Manassas City","Sex","Female","2676","2485","6960","6761","0","0","2024-25"
"2026-04-13","51683","Manassas City","Race and Ethnicity","Latino","0","0","0","0","0","0","2025-26"
"2025-10-07","51683","Manassas City","Race and Ethnicity","Latino","657","635","4204","4014","0.037","0.236","2024-25"
"2024-09-10","51660","Harrisonburg","Race and Ethnicity","Asian or Pacific Islander","223","202","542","497","9.1%","22.4%","2023-24"
"2025-10-07","51660","Harrisonburg","Race and Ethnicity","Asian or Pacific Islander","225","213","555","535","0.096","0.242","2024-25"
"2026-04-13","51660","Harrisonburg","Race and Ethnicity","Black","0","0","0","0","0","0","2025-26"
"2024-09-10","51660","Harrisonburg","Race and Ethnicity","Black","331","305","915","843","7.5%","20.7%","2023-24"
"2025-10-07","51660","Harrisonburg","Race and Ethnicity","Black","356","332","854","808","0.082","0.199","2024-25"
"2026-04-13","51660","Harrisonburg","Age_Group","Female","0","0","0","0","0","0","2025-26"
"2026-04-13","51660","Harrisonburg","Race and Ethnicity","Female","0","0","0","0","0","0","2025-26"
"2026-04-13","51660","Harrisonburg","Sex","Female","1819","1766","5416","5260","0","0","2025-26"
"2024-09-10","51660","Harrisonburg","Sex","Female","3,550","2,985","7,710","7,062","11.3%","26.8%","2023-24"
"2025-10-07","51660","Harrisonburg","Sex","Female","3103","2844","6551","6379","0","0","2024-25"
"2026-04-13","51660","Harrisonburg","Race and Ethnicity","Latino","0","0","0","0","0","0","2025-26"
"2025-10-07","51660","Harrisonburg","Race and Ethnicity","Latino","534","519","2457","2353","0.048","0.218","2024-25"
"2024-09-10","51660","Harrisonburg","Race and Ethnicity","Latino","580","548","2,946","2,746","5.1%","25.4%","2023-24"
"2026-04-13","51660","Harrisonburg","Age_Group","Male","0","0","0","0","0","0","2025-26"
"2026-04-13","51660","Harrisonburg","Race and Ethnicity","Male","0","0","0","0","0","0","2025-26"
"2026-04-13","51660","Harrisonburg","Sex","Male","1523","1465","4245","4098","0","0","2025-26"
"2024-09-10","51660","Harrisonburg","Sex","Male","2,897","2,431","5,818","5,286","9.8%","21.4%","2023-24"
"2025-10-07","51660","Harrisonburg","Sex","Male","2583","2384","5168","4997","0","0","2024-25"
"2026-04-13","51660","Harrisonburg","Race and Ethnicity","Native American","0","0","0","0","0","0","2025-26"
"2025-10-07","51660","Harrisonburg","Race and Ethnicity","Native American","27","25","60","60","0.243","0.583","2024-25"
"2024-09-10","51660","Harrisonburg","Race and Ethnicity","Native American","46","35","70","62","34.0%","60.2%","2023-24"
"2026-04-13","51660","Harrisonburg","Race and Ethnicity","Not Reported","0","0","0","0","0","0","2025-26"
"2026-04-13","51660","Harrisonburg","Sex","Not Reported","0","0","0","0","0","0","2025-26"
"2024-09-10","51660","Harrisonburg","Sex","Not Reported","6","6","35","35","","","2023-24"
"2025-10-07","51660","Harrisonburg","Race and Ethnicity","Not Reported","85","85","456","444","0.002","0.009","2024-25"
"2024-09-10","51660","Harrisonburg","Race and Ethnicity","Not Reported","89","87","647","602","","","2023-24"
"2026-04-13","51660","Harrisonburg","Race and Ethnicity","Other Race","0","0","0","0","0","0","2025-26"
"2024-09-10","51660","Harrisonburg","Race and Ethnicity","Other Race","86","75","245","226","5.7%","17.1%","2023-24"
"2025-10-07","51660","Harrisonburg","Race and Ethnicity","Other Race","93","87","288","278","0.066","0.21","2024-25"
"2026-04-13","51660","Harrisonburg","Age_Group","Unknown","0","0","0","0","0","0","2025-26"
"2026-04-13","51660","Harrisonburg","Race and Ethnicity","Unknown","0","0","0","0","0","0","2025-26"
"2026-04-13","51660","Harrisonburg","Sex","UNKNOWN","0","0","24","24","0","0","2025-26"
"2025-10-07","51660","Harrisonburg","Sex","UNKNOWN","2","2","40","40","0","0","2024-25"
"2026-04-13","51660","Harrisonburg","Race and Ethnicity","White","0","0","0","0","0","0","2025-26"
"2025-10-07","51660","Harrisonburg","Race and Ethnicity","White","4368","3969","7089","6938","0.122","0.213","2024-25"
"2024-09-10","51660","Harrisonburg","Race and Ethnicity","White","5,098","4,170","8,198","7,407","12.8%","22.7%","2023-24"
"2026-04-13","51670","Hopewell","Age_Group","0-4","0","0","0","0","0","0","2025-26"
"2025-10-07","51670","Hopewell","Age_Group","0-4","12","10","329","268","0.006","0.171","2024-25"
"2024-09-10","51670","Hopewell","Age_Group","0-4","15","13","367","300","0.8%","19.1%","2023-24"
"2026-04-13","51670","Hopewell","Age_Group","12-17","0","0","0","0","0","0","2025-26"
"2025-10-07","51670","Hopewell","Age_Group","12-17","22","22","166","165","0.012","0.089","2024-25"
"2024-09-10","51670","Hopewell","Age_Group","12-17","25","23","196","191","1.2%","10.3%","2023-24"
"2026-04-13","51670","Hopewell","Age_Group","18-30","0","0","0","0","0","0","2025-26"
"2025-10-07","51670","Hopewell","Age_Group","18-30","43","42","276","276","0.011","0.07","2024-25"
"2024-09-10","51670","Hopewell","Age_Group","18-30","59","58","310","301","1.5%","7.6%","2023-24"
"2024-09-10","51683","Manassas City","Race and Ethnicity","Latino","758","709","4,648","4,289","4.2%","25.2%","2023-24"
"2026-04-13","51670","Hopewell","Age_Group","31-49","0","0","0","0","0","0","2025-26"
"2026-04-13","51683","Manassas City","Age_Group","Male","0","0","0","0","0","0","2025-26"
"2025-10-07","51670","Hopewell","Age_Group","31-49","166","165","556","554","0.031","0.104","2024-25"
"2026-04-13","51683","Manassas City","Race and Ethnicity","Male","0","0","0","0","0","0","2025-26"
"2026-04-13","51683","Manassas City","Sex","Male","1424","1215","4408","4251","0","0","2025-26"
"2024-09-10","51683","Manassas City","Sex","Male","2,271","2,031","5,928","5,434","9.4%","25.1%","2023-24"
"2025-10-07","51683","Manassas City","Sex","Male","2038","1874","5188","4985","0","0","2024-25"
"2026-04-13","51683","Manassas City","Race and Ethnicity","Native American","0","0","0","0","0","0","2025-26"
"2025-10-07","51683","Manassas City","Race and Ethnicity","Native American","69","62","118","116","0.925","1.731","2024-25"
"2024-09-10","51683","Manassas City","Race and Ethnicity","Native American","70","54","120","106","80.6%","158.2%","2023-24"
"2024-09-10","51683","Manassas City","Sex","Not Reported","0","0","5","5","","","2023-24"
"2026-04-13","51683","Manassas City","Race and Ethnicity","Not Reported","0","0","0","0","0","0","2025-26"
"2026-04-13","51683","Manassas City","Sex","Not Reported","0","0","0","0","0","0","2025-26"
"2025-10-07","51683","Manassas City","Race and Ethnicity","Not Reported","43","41","595","543","0.001","0.013","2024-25"
"2024-09-10","51683","Manassas City","Race and Ethnicity","Not Reported","73","67","757","673","","","2023-24"
"2026-04-13","51683","Manassas City","Race and Ethnicity","Other Race","0","0","0","0","0","0","2025-26"
"2025-10-07","51683","Manassas City","Race and Ethnicity","Other Race","60","58","310","295","0.049","0.248","2024-25"
"2024-09-10","51683","Manassas City","Race and Ethnicity","Other Race","66","65","326","291","5.5%","24.5%","2023-24"
"2026-04-13","51683","Manassas City","Age_Group","Unknown","0","0","0","0","0","0","2025-26"
"2026-04-13","51683","Manassas City","Race and Ethnicity","Unknown","0","0","0","0","0","0","2025-26"
"2025-10-07","51683","Manassas City","Sex","UNKNOWN","0","0","6","6","0","0","2024-25"
"2026-04-13","51683","Manassas City","Sex","Unknown","1","1","4","4","0","0","2025-26"
"2026-04-13","51683","Manassas City","Race and Ethnicity","White","0","0","0","0","0","0","2025-26"
"2024-09-10","51683","Manassas City","Race and Ethnicity","White","2,866","2,560","5,008","4,667","16.4%","29.9%","2023-24"
"2025-10-07","51683","Manassas City","Race and Ethnicity","White","2690","2445","4392","4312","0.157","0.277","2024-25"
"2026-04-13","51685","Manassas Park","Age_Group","0-4","0","0","0","0","0","0","2025-26"
"2025-10-07","51685","Manassas Park","Age_Group","0-4","10","8","542","431","0.01","0.529","2024-25"
"2024-09-10","51685","Manassas Park","Age_Group","0-4","64","50","670","519","6.1%","63.7%","2023-24"
"2026-04-13","51685","Manassas Park","Age_Group","12-17","0","0","0","0","0","0","2025-26"
"2025-10-07","51685","Manassas Park","Age_Group","12-17","49","49","463","459","0.037","0.345","2024-25"
"2024-09-10","51685","Manassas Park","Age_Group","12-17","69","68","592","558","5.1%","41.9%","2023-24"
"2026-04-13","51685","Manassas Park","Age_Group","18-30","0","0","0","0","0","0","2025-26"
"2024-09-10","51685","Manassas Park","Age_Group","18-30","149","147","635","608","4.6%","18.9%","2023-24"
"2025-10-07","51685","Manassas Park","Age_Group","18-30","177","172","583","577","0.053","0.179","2024-25"
"2026-04-13","51685","Manassas Park","Age_Group","31-49","0","0","0","0","0","0","2025-26"
"2025-10-07","51685","Manassas Park","Age_Group","31-49","307","302","920","915","0.063","0.19","2024-25"
"2024-09-10","51685","Manassas Park","Age_Group","31-49","325","321","1,006","972","6.7%","20.2%","2023-24"
"2026-04-13","51685","Manassas Park","Age_Group","50-64","0","0","0","0","0","0","2025-26"
"2025-10-07","51685","Manassas Park","Age_Group","50-64","429","419","935","926","0.129","0.286","2024-25"
"2024-09-10","51685","Manassas Park","Age_Group","50-64","443","437","1,020","965","13.5%","29.8%","2023-24"
"2026-04-13","51685","Manassas Park","Age_Group","5-11","0","0","0","0","0","0","2025-26"
"2025-10-07","51685","Manassas Park","Age_Group","5-11","51","49","503","496","0.032","0.323","2024-25"
"2024-09-10","51685","Manassas Park","Age_Group","5-11","54","54","596","569","3.5%","37.1%","2023-24"
"2026-04-13","51685","Manassas Park","Age_Group","65+","0","0","0","0","0","0","2025-26"
"2024-09-10","51685","Manassas Park","Age_Group","65+","489","443","846","763","26.7%","46.0%","2023-24"
"2025-10-07","51685","Manassas Park","Age_Group","65+","547","472","805","797","0.285","0.48","2024-25"
"2026-04-13","51685","Manassas Park","Race and Ethnicity","Asian or Pacific Islander","0","0","0","0","0","0","2025-26"
"2025-10-07","51685","Manassas Park","Race and Ethnicity","Asian or Pacific Islander","285","262","780","753","0.143","0.411","2024-25"
"2024-09-10","51685","Manassas Park","Race and Ethnicity","Asian or Pacific Islander","306","292","830","779","15.9%","42.5%","2023-24"
"2026-04-13","51685","Manassas Park","Race and Ethnicity","Black","0","0","0","0","0","0","2025-26"
"2024-09-10","51685","Manassas Park","Race and Ethnicity","Black","270","253","643","591","11.2%","26.3%","2023-24"
"2024-09-10","51670","Hopewell","Age_Group","31-49","168","153","625","594","2.9%","11.1%","2023-24"
"2026-04-13","51670","Hopewell","Age_Group","50-64","0","0","0","0","0","0","2025-26"
"2025-10-07","51670","Hopewell","Age_Group","50-64","391","375","973","953","0.088","0.225","2024-25"
"2024-09-10","51670","Hopewell","Age_Group","50-64","412","375","1,102","1,028","8.8%","24.2%","2023-24"
"2026-04-13","51670","Hopewell","Age_Group","5-11","0","0","0","0","0","0","2025-26"
"2025-10-07","51670","Hopewell","Age_Group","5-11","11","11","211","211","0.005","0.093","2024-25"
"2024-09-10","51670","Hopewell","Age_Group","5-11","13","13","247","240","0.6%","10.6%","2023-24"
"2026-04-13","51670","Hopewell","Age_Group","65+","0","0","0","0","0","0","2025-26"
"2025-10-07","51670","Hopewell","Age_Group","65+","850","795","1695","1653","0.219","0.455","2024-25"
"2024-09-10","51670","Hopewell","Age_Group","65+","909","802","1,994","1,826","22.1%","50.3%","2023-24"
"2026-04-13","51670","Hopewell","Race and Ethnicity","Asian or Pacific Islander","0","0","0","0","0","0","2025-26"
"2024-09-10","51670","Hopewell","Race and Ethnicity","Asian or Pacific Islander","20","17","93","86","5.3%","27.0%","2023-24"
"2025-10-07","51670","Hopewell","Race and Ethnicity","Asian or Pacific Islander","25","25","84","84","0.079","0.264","2024-25"
"2026-04-13","51670","Hopewell","Race and Ethnicity","Black","0","0","0","0","0","0","2025-26"
"2025-10-07","51670","Hopewell","Race and Ethnicity","Black","658","626","1538","1506","0.062","0.15","2024-25"
"2024-09-10","51670","Hopewell","Race and Ethnicity","Black","676","605","1,753","1,628","6.0%","16.2%","2023-24"
"2026-04-13","51670","Hopewell","Age_Group","Female","0","0","0","0","0","0","2025-26"
"2026-04-13","51670","Hopewell","Race and Ethnicity","Female","0","0","0","0","0","0","2025-26"
"2026-04-13","51670","Hopewell","Sex","Female","475","468","2007","1979","0","0","2025-26"
"2025-10-07","51670","Hopewell","Sex","Female","854","812","2463","2398","0","0","2024-25"
"2024-09-10","51670","Hopewell","Sex","Female","977","877","2,876","2,661","7.2%","21.9%","2023-24"
"2026-04-13","51670","Hopewell","Race and Ethnicity","Latino","0","0","0","0","0","0","2025-26"
"2024-09-10","51670","Hopewell","Race and Ethnicity","Latino","65","61","338","317","3.0%","15.6%","2023-24"
"2025-10-07","51670","Hopewell","Race and Ethnicity","Latino","72","67","339","320","0.033","0.157","2024-25"
"2026-04-13","51670","Hopewell","Age_Group","Male","0","0","0","0","0","0","2025-26"
"2026-04-13","51670","Hopewell","Race and Ethnicity","Male","0","0","0","0","0","0","2025-26"
"2026-04-13","51670","Hopewell","Sex","Male","321","317","1395","1361","0","0","2025-26"
"2024-09-10","51670","Hopewell","Sex","Male","624","560","1,951","1,805","5.2%","16.8%","2023-24"
"2025-10-07","51670","Hopewell","Sex","Male","641","608","1731","1673","0","0","2024-25"
"2026-04-13","51670","Hopewell","Race and Ethnicity","Native American","0","0","0","0","0","0","2025-26"
"2025-10-07","51670","Hopewell","Race and Ethnicity","Native American","16","15","43","40","0.146","0.388","2024-25"
"2024-09-10","51670","Hopewell","Race and Ethnicity","Native American","20","17","41","38","16.5%","36.9%","2023-24"
"2024-09-10","51670","Hopewell","Sex","Not Reported","0","0","14","14","","","2023-24"
"2026-04-13","51670","Hopewell","Race and Ethnicity","Not Reported","0","0","0","0","0","0","2025-26"
"2026-04-13","51670","Hopewell","Sex","Not Reported","0","0","0","0","0","0","2025-26"
"2025-10-07","51670","Hopewell","Race and Ethnicity","Not Reported","12","10","179","158","0","0.007","2024-25"
"2024-09-10","51670","Hopewell","Race and Ethnicity","Not Reported","22","21","261","237","","","2023-24"
"2026-04-13","51670","Hopewell","Race and Ethnicity","Other Race","0","0","0","0","0","0","2025-26"
"2025-10-07","51670","Hopewell","Race and Ethnicity","Other Race","9","8","47","45","0.01","0.057","2024-25"
"2024-09-10","51670","Hopewell","Race and Ethnicity","Other Race","9","9","65","57","1.1%","7.2%","2023-24"
"2026-04-13","51670","Hopewell","Age_Group","Unknown","0","0","0","0","0","0","2025-26"
"2026-04-13","51670","Hopewell","Race and Ethnicity","Unknown","0","0","0","0","0","0","2025-26"
"2025-10-07","51670","Hopewell","Sex","UNKNOWN","0","0","12","9","0","0","2024-25"
"2026-04-13","51670","Hopewell","Sex","UNKNOWN","0","0","8","8","0","0","2025-26"
"2026-04-13","51670","Hopewell","Race and Ethnicity","White","0","0","0","0","0","0","2025-26"
"2025-10-07","51670","Hopewell","Race and Ethnicity","White","703","669","1976","1927","0.07","0.201","2024-25"
"2025-10-07","51685","Manassas Park","Race and Ethnicity","Black","281","265","574","562","0.118","0.25","2024-25"
"2026-04-13","51685","Manassas Park","Age_Group","Female","0","0","0","0","0","0","2025-26"
"2024-09-10","51670","Hopewell","Race and Ethnicity","White","789","707","2,290","2,117","7.4%","22.1%","2023-24"
"2026-04-13","51685","Manassas Park","Race and Ethnicity","Female","0","0","0","0","0","0","2025-26"
"2026-04-13","51678","Lexington","Age_Group","0-4","0","0","0","0","0","0","2025-26"
"2025-10-07","51678","Lexington","Age_Group","0-4","1","1","89","73","0.003","0.212","2024-25"
"2026-04-13","51685","Manassas Park","Sex","Female","532","455","2274","2216","0","0","2025-26"
"2025-10-07","51685","Manassas Park","Sex","Female","878","824","2741","2664","0","0","2024-25"
"2024-09-10","51678","Lexington","Age_Group","0-4","19","12","93","74","3.5%","21.4%","2023-24"
"2024-09-10","51685","Manassas Park","Sex","Female","879","840","3,044","2,832","10.4%","35.1%","2023-24"
"2026-04-13","51678","Lexington","Age_Group","12-17","0","0","0","0","0","0","2025-26"
"2026-04-13","51685","Manassas Park","Race and Ethnicity","Latino","0","0","0","0","0","0","2025-26"
"2025-10-07","51678","Lexington","Age_Group","12-17","36","36","91","91","0.031","0.077","2024-25"
"2025-10-07","51685","Manassas Park","Race and Ethnicity","Latino","243","233","1745","1687","0.032","0.229","2024-25"
"2024-09-10","51678","Lexington","Age_Group","12-17","37","36","99","98","3.1%","8.3%","2023-24"
"2024-09-10","51685","Manassas Park","Race and Ethnicity","Latino","292","288","2,069","1,893","3.9%","25.7%","2023-24"
"2026-04-13","51678","Lexington","Age_Group","18-30","0","0","0","0","0","0","2025-26"
"2026-04-13","51685","Manassas Park","Age_Group","Male","0","0","0","0","0","0","2025-26"
"2025-10-07","51678","Lexington","Age_Group","18-30","47","46","141","139","0.017","0.05","2024-25"
"2026-04-13","51685","Manassas Park","Race and Ethnicity","Male","0","0","0","0","0","0","2025-26"
"2024-09-10","51678","Lexington","Age_Group","18-30","70","67","220","210","2.4%","7.6%","2023-24"
"2026-04-13","51685","Manassas Park","Sex","Male","449","372","1720","1665","0","0","2025-26"
"2026-04-13","51678","Lexington","Age_Group","31-49","0","0","0","0","0","0","2025-26"
"2025-10-07","51685","Manassas Park","Sex","Male","692","647","2010","1937","0","0","2024-25"
"2025-10-07","51678","Lexington","Age_Group","31-49","165","160","283","281","0.168","0.294","2024-25"
"2024-09-10","51685","Manassas Park","Sex","Male","714","680","2,321","2,122","8.0%","24.8%","2023-24"
"2024-09-10","51678","Lexington","Age_Group","31-49","195","174","356","333","18.2%","34.9%","2023-24"
"2026-04-13","51685","Manassas Park","Race and Ethnicity","Native American","0","0","0","0","0","0","2025-26"
"2026-04-13","51678","Lexington","Age_Group","50-64","0","0","0","0","0","0","2025-26"
"2024-09-10","51685","Manassas Park","Race and Ethnicity","Native American","20","20","45","39","66.7%","130.0%","2023-24"
"2025-10-07","51678","Lexington","Age_Group","50-64","188","177","324","321","0.224","0.406","2024-25"
"2025-10-07","51685","Manassas Park","Race and Ethnicity","Native American","21","20","38","38","0.667","1.267","2024-25"
"2024-09-10","51678","Lexington","Age_Group","50-64","269","236","376","358","29.9%","45.3%","2023-24"
"2026-04-13","51685","Manassas Park","Race and Ethnicity","Not Reported","0","0","0","0","0","0","2025-26"
"2026-04-13","51678","Lexington","Age_Group","5-11","0","0","0","0","0","0","2025-26"
"2026-04-13","51685","Manassas Park","Sex","Not Reported","0","0","0","0","0","0","2025-26"
"2025-10-07","51678","Lexington","Age_Group","5-11","30","29","119","117","0.092","0.371","2024-25"
"2025-10-07","51685","Manassas Park","Race and Ethnicity","Not Reported","22","21","266","244","0.001","0.015","2024-25"
"2024-09-10","51678","Lexington","Age_Group","5-11","38","38","135","135","12.1%","42.9%","2023-24"
"2024-09-10","51685","Manassas Park","Race and Ethnicity","Not Reported","27","26","334","294","","","2023-24"
"2026-04-13","51678","Lexington","Age_Group","65+","0","0","0","0","0","0","2025-26"
"2026-04-13","51685","Manassas Park","Race and Ethnicity","Other Race","0","0","0","0","0","0","2025-26"
"2024-09-10","51685","Manassas Park","Race and Ethnicity","Other Race","24","24","135","130","5.4%","29.3%","2023-24"
"2025-10-07","51678","Lexington","Age_Group","65+","734","578","809","801","0.544","0.754","2024-25"
"2025-10-07","51685","Manassas Park","Race and Ethnicity","Other Race","34","34","138","132","0.077","0.297","2024-25"
"2024-09-10","51678","Lexington","Age_Group","65+","904","637","981","897","59.9%","84.4%","2023-24"
"2026-04-13","51685","Manassas Park","Age_Group","Unknown","0","0","0","0","0","0","2025-26"
"2026-04-13","51678","Lexington","Race and Ethnicity","Asian or Pacific Islander","0","0","0","0","0","0","2025-26"
"2026-04-13","51685","Manassas Park","Race and Ethnicity","Unknown","0","0","0","0","0","0","2025-26"
"2025-10-07","51678","Lexington","Race and Ethnicity","Asian or Pacific Islander","36","34","70","69","0.177","0.359","2024-25"
"2026-04-13","51685","Manassas Park","Sex","UNKNOWN","0","0","0","0","0","0","2025-26"
"2024-09-10","51678","Lexington","Race and Ethnicity","Asian or Pacific Islander","37","29","82","75","15.1%","39.1%","2023-24"
"2026-04-13","51685","Manassas Park","Race and Ethnicity","White","0","0","0","0","0","0","2025-26"
"2026-04-13","51678","Lexington","Race and Ethnicity","Black","0","0","0","0","0","0","2025-26"
"2024-09-10","51685","Manassas Park","Race and Ethnicity","White","654","617","1,309","1,228","13.1%","26.1%","2023-24"
"2024-09-10","51678","Lexington","Race and Ethnicity","Black","68","64","158","146","9.4%","21.4%","2023-24"
"2025-10-07","51685","Manassas Park","Race and Ethnicity","White","684","636","1210","1185","0.135","0.252","2024-25"
"2025-10-07","51678","Lexington","Race and Ethnicity","Black","78","72","134","133","0.105","0.195","2024-25"
"2026-04-13","51690","Martinsville","Age_Group","0-4","0","0","0","0","0","0","2025-26"
"2026-04-13","51678","Lexington","Age_Group","Female","0","0","0","0","0","0","2025-26"
"2025-10-07","51690","Martinsville","Age_Group","0-4","0","0","100","77","0","0.072","2024-25"
"2026-04-13","51678","Lexington","Race and Ethnicity","Female","0","0","0","0","0","0","2025-26"
"2024-09-10","51690","Martinsville","Age_Group","0-4","0","0","116","91","0.0%","8.5%","2023-24"
"2026-04-13","51678","Lexington","Sex","Female","370","345","928","897","0","0","2025-26"
"2026-04-13","51690","Martinsville","Age_Group","12-17","0","0","0","0","0","0","2025-26"
"2025-10-07","51678","Lexington","Sex","Female","659","567","1035","1017","0","0","2024-25"
"2024-09-10","51690","Martinsville","Age_Group","12-17","16","16","77","77","1.4%","6.8%","2023-24"
"2024-09-10","51678","Lexington","Sex","Female","872","699","1,287","1,204","18.4%","31.7%","2023-24"
"2025-10-07","51690","Martinsville","Age_Group","12-17","7","7","68","67","0.006","0.059","2024-25"
"2026-04-13","51678","Lexington","Race and Ethnicity","Latino","0","0","0","0","0","0","2025-26"
"2026-04-13","51690","Martinsville","Age_Group","18-30","0","0","0","0","0","0","2025-26"
"2025-10-07","51678","Lexington","Race and Ethnicity","Latino","25","23","66","64","0.092","0.257","2024-25"
"2025-10-07","51690","Martinsville","Age_Group","18-30","32","32","181","178","0.015","0.083","2024-25"
"2024-09-10","51678","Lexington","Race and Ethnicity","Latino","34","30","89","86","12.0%","34.5%","2023-24"
"2024-09-10","51690","Martinsville","Age_Group","18-30","35","34","200","190","1.6%","8.8%","2023-24"
"2026-04-13","51678","Lexington","Age_Group","Male","0","0","0","0","0","0","2025-26"
"2026-04-13","51690","Martinsville","Age_Group","31-49","0","0","0","0","0","0","2025-26"
"2026-04-13","51678","Lexington","Race and Ethnicity","Male","0","0","0","0","0","0","2025-26"
"2024-09-10","51690","Martinsville","Age_Group","31-49","109","106","493","463","3.7%","16.0%","2023-24"
"2026-04-13","51678","Lexington","Sex","Male","270","258","719","690","0","0","2025-26"
"2025-10-07","51690","Martinsville","Age_Group","31-49","84","81","415","408","0.028","0.141","2024-25"
"2025-10-07","51678","Lexington","Sex","Male","542","460","821","806","0","0","2024-25"
"2026-04-13","51690","Martinsville","Age_Group","50-64","0","0","0","0","0","0","2025-26"
"2024-09-10","51678","Lexington","Sex","Male","660","501","972","900","13.9%","24.9%","2023-24"
"2025-10-07","51690","Martinsville","Age_Group","50-64","232","225","795","775","0.084","0.291","2024-25"
"2026-04-13","51678","Lexington","Race and Ethnicity","Native American","0","0","0","0","0","0","2025-26"
"2024-09-10","51690","Martinsville","Age_Group","50-64","281","274","983","929","10.3%","34.9%","2023-24"
"2025-10-07","51678","Lexington","Race and Ethnicity","Native American","18","16","24","24","1.6","2.4","2024-25"
"2026-04-13","51690","Martinsville","Age_Group","5-11","0","0","0","0","0","0","2025-26"
"2024-09-10","51678","Lexington","Race and Ethnicity","Native American","20","17","23","22","170.0%","220.0%","2023-24"
"2025-10-07","51690","Martinsville","Age_Group","5-11","2","2","68","64","0.001","0.046","2024-25"
"2024-09-10","51678","Lexington","Sex","Not Reported","0","0","1","1","","","2023-24"
"2024-09-10","51690","Martinsville","Age_Group","5-11","3","3","64","62","0.2%","4.5%","2023-24"
"2026-04-13","51678","Lexington","Race and Ethnicity","Not Reported","0","0","0","0","0","0","2025-26"
"2026-04-13","51690","Martinsville","Age_Group","65+","0","0","0","0","0","0","2025-26"
"2026-04-13","51678","Lexington","Sex","Not Reported","0","0","0","0","0","0","2025-26"
"2025-10-07","51690","Martinsville","Age_Group","65+","734","670","1531","1501","0.289","0.648","2024-25"
"2024-09-10","51678","Lexington","Race and Ethnicity","Not Reported","12","12","67","65","","","2023-24"
"2024-09-10","51690","Martinsville","Age_Group","65+","815","746","1,793","1,643","32.2%","71.0%","2023-24"
"2025-10-07","51678","Lexington","Race and Ethnicity","Not Reported","7","7","49","49","0.001","0.007","2024-25"
"2026-04-13","51690","Martinsville","Race and Ethnicity","Asian or Pacific Islander","0","0","0","0","0","0","2025-26"
"2026-04-13","51678","Lexington","Race and Ethnicity","Other Race","0","0","0","0","0","0","2025-26"
"2024-09-10","51690","Martinsville","Race and Ethnicity","Asian or Pacific Islander","12","12","28","25","11.1%","23.1%","2023-24"
"2024-09-10","51678","Lexington","Race and Ethnicity","Other Race","27","17","34","33","10.6%","20.5%","2023-24"
"2025-10-07","51690","Martinsville","Race and Ethnicity","Asian or Pacific Islander","14","14","33","33","0.13","0.306","2024-25"
"2025-10-07","51678","Lexington","Race and Ethnicity","Other Race","27","24","33","33","0.149","0.205","2024-25"
"2026-04-13","51690","Martinsville","Race and Ethnicity","Black","0","0","0","0","0","0","2025-26"
"2025-10-07","51690","Martinsville","Race and Ethnicity","Black","392","366","1213","1178","0.058","0.187","2024-25"
"2026-04-13","51678","Lexington","Age_Group","Unknown","0","0","0","0","0","0","2025-26"
"2024-09-10","51690","Martinsville","Race and Ethnicity","Black","470","451","1,400","1,287","7.2%","20.5%","2023-24"
"2026-04-13","51678","Lexington","Race and Ethnicity","Unknown","0","0","0","0","0","0","2025-26"
"2026-04-13","51690","Martinsville","Age_Group","Female","0","0","0","0","0","0","2025-26"
"2026-04-13","51678","Lexington","Sex","Unknown","0","0","1","1","0","0","2025-26"
"2026-04-13","51690","Martinsville","Race and Ethnicity","Female","0","0","0","0","0","0","2025-26"
"2026-04-13","51690","Martinsville","Sex","Female","332","316","1522","1508","0","0","2025-26"
"2026-04-13","51678","Lexington","Race and Ethnicity","White","0","0","0","0","0","0","2025-26"
"2025-10-07","51690","Martinsville","Sex","Female","628","587","1879","1827","0","0","2024-25"
"2024-09-10","51678","Lexington","Race and Ethnicity","White","1,334","1,031","1,807","1,678","16.8%","27.4%","2023-24"
"2024-09-10","51690","Martinsville","Sex","Female","749","703","2,237","2,081","9.9%","29.2%","2023-24"
"2025-10-07","51678","Lexington","Race and Ethnicity","White","1010","851","1480","1451","0.139","0.237","2024-25"
"2026-04-13","51690","Martinsville","Race and Ethnicity","Latino","0","0","0","0","0","0","2025-26"
"2026-04-13","51680","Lynchburg","Age_Group","0-4","0","0","0","0","0","0","2025-26"
"2025-10-07","51690","Martinsville","Race and Ethnicity","Latino","22","21","145","137","0.02","0.131","2024-25"
"2024-09-10","51680","Lynchburg","Age_Group","0-4","33","24","1,064","873","0.5%","17.9%","2023-24"
"2025-10-07","51680","Lynchburg","Age_Group","0-4","7","6","1083","860","0.001","0.177","2024-25"
"2026-04-13","51680","Lynchburg","Age_Group","12-17","0","0","0","0","0","0","2025-26"
"2024-09-10","51690","Martinsville","Race and Ethnicity","Latino","22","21","153","145","2.0%","13.9%","2023-24"
"2024-09-10","51680","Lynchburg","Age_Group","12-17","101","94","705","684","1.3%","9.3%","2023-24"
"2026-04-13","51690","Martinsville","Age_Group","Male","0","0","0","0","0","0","2025-26"
"2026-04-13","51690","Martinsville","Race and Ethnicity","Male","0","0","0","0","0","0","2025-26"
"2025-10-07","51680","Lynchburg","Age_Group","12-17","86","86","600","593","0.012","0.081","2024-25"
"2026-04-13","51690","Martinsville","Sex","Male","263","254","1069","1046","0","0","2025-26"
"2026-04-13","51680","Lynchburg","Age_Group","18-30","0","0","0","0","0","0","2025-26"
"2025-10-07","51690","Martinsville","Sex","Male","463","430","1279","1243","0","0","2024-25"
"2025-10-07","51680","Lynchburg","Age_Group","18-30","328","326","1893","1881","0.013","0.076","2024-25"
"2024-09-10","51690","Martinsville","Sex","Male","510","476","1,489","1,374","7.3%","21.1%","2023-24"
"2024-09-10","51680","Lynchburg","Age_Group","18-30","376","356","1,898","1,836","1.4%","7.4%","2023-24"
"2026-04-13","51690","Martinsville","Race and Ethnicity","Native American","0","0","0","0","0","0","2025-26"
"2026-04-13","51680","Lynchburg","Age_Group","31-49","0","0","0","0","0","0","2025-26"
"2025-10-07","51690","Martinsville","Race and Ethnicity","Native American","14","13","30","27","0.813","1.688","2024-25"
"2025-10-07","51680","Lynchburg","Age_Group","31-49","714","703","2789","2773","0.049","0.192","2024-25"
"2024-09-10","51690","Martinsville","Race and Ethnicity","Native American","17","16","26","25","100.0%","156.3%","2023-24"
"2024-09-10","51680","Lynchburg","Age_Group","31-49","839","780","2,902","2,799","5.4%","19.4%","2023-24"
"2026-04-13","51690","Martinsville","Race and Ethnicity","Not Reported","0","0","0","0","0","0","2025-26"
"2026-04-13","51680","Lynchburg","Age_Group","50-64","0","0","0","0","0","0","2025-26"
"2025-10-07","51690","Martinsville","Race and Ethnicity","Not Reported","11","11","132","128","0.001","0.009","2024-25"
"2024-09-10","51680","Lynchburg","Age_Group","50-64","1,526","1,406","3,689","3,528","12.9%","32.5%","2023-24"
"2024-09-10","51690","Martinsville","Race and Ethnicity","Not Reported","7","7","242","227","","","2023-24"
"2025-10-07","51680","Lynchburg","Age_Group","50-64","1248","1224","3318","3296","0.113","0.303","2024-25"
"2026-04-13","51690","Martinsville","Race and Ethnicity","Other Race","0","0","0","0","0","0","2025-26"
"2024-09-10","51690","Martinsville","Race and Ethnicity","Other Race","14","10","32","31","2.6%","7.9%","2023-24"
"2025-10-07","51690","Martinsville","Race and Ethnicity","Other Race","4","4","21","20","0.01","0.051","2024-25"
"2026-04-13","51690","Martinsville","Age_Group","Unknown","0","0","0","0","0","0","2025-26"
"2026-04-13","51690","Martinsville","Race and Ethnicity","Unknown","0","0","0","0","0","0","2025-26"
"2026-04-13","51690","Martinsville","Sex","Unknown","0","0","0","0","0","0","2025-26"
"2026-04-13","51690","Martinsville","Race and Ethnicity","White","0","0","0","0","0","0","2025-26"
"2025-10-07","51690","Martinsville","Race and Ethnicity","White","634","588","1584","1547","0.102","0.268","2024-25"
"2024-09-10","51690","Martinsville","Race and Ethnicity","White","717","662","1,845","1,715","11.5%","29.7%","2023-24"
"2026-04-13","51700","Newport News","Age_Group","0-4","0","0","0","0","0","0","2025-26"
"2025-10-07","51700","Newport News","Age_Group","0-4","297","248","4115","3338","0.019","0.262","2024-25"
"2024-09-10","51700","Newport News","Age_Group","0-4","379","272","3,900","3,160","2.1%","24.8%","2023-24"
"2026-04-13","51700","Newport News","Age_Group","12-17","0","0","0","0","0","0","2025-26"
"2025-10-07","51700","Newport News","Age_Group","12-17","361","360","2223","2207","0.025","0.153","2024-25"
"2024-09-10","51700","Newport News","Age_Group","12-17","398","391","2,408","2,340","2.7%","16.3%","2023-24"
"2026-04-13","51700","Newport News","Age_Group","18-30","0","0","0","0","0","0","2025-26"
"2024-09-10","51700","Newport News","Age_Group","18-30","1,095","1,064","4,864","4,727","2.7%","12.2%","2023-24"
"2025-10-07","51700","Newport News","Age_Group","18-30","973","948","4844","4777","0.024","0.123","2024-25"
"2026-04-13","51700","Newport News","Age_Group","31-49","0","0","0","0","0","0","2025-26"
"2024-09-10","51700","Newport News","Age_Group","31-49","2,546","2,439","8,769","8,462","5.4%","18.9%","2023-24"
"2025-10-07","51700","Newport News","Age_Group","31-49","2278","2234","8583","8467","0.05","0.189","2024-25"
"2026-04-13","51700","Newport News","Age_Group","50-64","0","0","0","0","0","0","2025-26"
"2025-10-07","51700","Newport News","Age_Group","50-64","3941","3845","9726","9554","0.124","0.309","2024-25"
"2024-09-10","51700","Newport News","Age_Group","50-64","4,659","4,389","10,611","10,030","14.2%","32.4%","2023-24"
"2026-04-13","51700","Newport News","Age_Group","5-11","0","0","0","0","0","0","2025-26"
"2025-10-07","51700","Newport News","Age_Group","5-11","308","308","3235","3180","0.019","0.194","2024-25"
"2024-09-10","51700","Newport News","Age_Group","5-11","356","354","3,179","3,105","2.2%","19.0%","2023-24"
"2026-04-13","51700","Newport News","Age_Group","65+","0","0","0","0","0","0","2025-26"
"2024-09-10","51700","Newport News","Age_Group","65+","9,956","8,887","17,021","15,834","34.1%","60.8%","2023-24"
"2025-10-07","51700","Newport News","Age_Group","65+","9456","8718","15829","15486","0.335","0.594","2024-25"
"2026-04-13","51700","Newport News","Race and Ethnicity","Asian or Pacific Islander","0","0","0","0","0","0","2025-26"
"2025-10-07","51700","Newport News","Race and Ethnicity","Asian or Pacific Islander","716","690","2357","2288","0.109","0.363","2024-25"
"2024-09-10","51700","Newport News","Race and Ethnicity","Asian or Pacific Islander","802","756","2,177","2,045","12.0%","32.5%","2023-24"
"2026-04-13","51700","Newport News","Race and Ethnicity","Black","0","0","0","0","0","0","2025-26"
"2024-09-10","51700","Newport News","Race and Ethnicity","Black","6,937","6,452","18,705","17,535","8.4%","22.9%","2023-24"
"2025-10-07","51700","Newport News","Race and Ethnicity","Black","6666","6384","18217","17629","0.083","0.23","2024-25"
"2026-04-13","51700","Newport News","Age_Group","Female","0","0","0","0","0","0","2025-26"
"2026-04-13","51700","Newport News","Race and Ethnicity","Female","0","0","0","0","0","0","2025-26"
"2025-10-07","51700","Newport News","Sex","Female","10249","9683","28640","27779","0","0","2024-25"
"2024-09-10","51700","Newport News","Sex","Female","11,394","10,473","29,760","28,036","11.1%","29.6%","2023-24"
"2026-04-13","51700","Newport News","Sex","Female","5753","5636","24334","23747","0","0","2025-26"
"2026-04-13","51700","Newport News","Race and Ethnicity","Latino","0","0","0","0","0","0","2025-26"
"2025-10-07","51700","Newport News","Race and Ethnicity","Latino","755","722","3634","3467","0.038","0.182","2024-25"
"2024-09-10","51700","Newport News","Race and Ethnicity","Latino","778","738","3,450","3,237","3.9%","17.0%","2023-24"
"2026-04-13","51700","Newport News","Age_Group","Male","0","0","0","0","0","0","2025-26"
"2026-04-13","51700","Newport News","Race and Ethnicity","Male","0","0","0","0","0","0","2025-26"
"2026-04-13","51700","Newport News","Sex","Male","4036","3914","17252","16725","0","0","2025-26"
"2024-09-10","51700","Newport News","Sex","Male","7,992","7,320","20,929","19,561","8.2%","21.8%","2023-24"
"2025-10-07","51700","Newport News","Sex","Male","7362","6975","19862","19177","0","0","2024-25"
"2026-04-13","51700","Newport News","Race and Ethnicity","Native American","0","0","0","0","0","0","2025-26"
"2024-09-10","51760","Richmond City","Age_Group","0-4","1,898","1,452","6,192","4,868","10.9%","36.5%","2023-24"
"2025-10-07","51760","Richmond City","Age_Group","0-4","547","452","5923","4657","0.034","0.35","2024-25"
"2026-04-13","51760","Richmond City","Age_Group","12-17","0","0","0","0","0","0","2025-26"
"2025-10-07","51760","Richmond City","Age_Group","12-17","664","655","2188","2171","0.048","0.158","2024-25"
"2024-09-10","51760","Richmond City","Age_Group","12-17","692","671","2,428","2,366","4.9%","17.2%","2023-24"
"2026-04-13","51760","Richmond City","Age_Group","18-30","0","0","0","0","0","0","2025-26"
"2024-09-10","51760","Richmond City","Age_Group","18-30","3,555","3,397","8,247","7,945","6.3%","14.7%","2023-24"
"2025-10-07","51760","Richmond City","Age_Group","18-30","3217","3162","7269","7216","0.058","0.133","2024-25"
"2026-04-13","51760","Richmond City","Age_Group","31-49","0","0","0","0","0","0","2025-26"
"2025-10-07","51760","Richmond City","Age_Group","31-49","7506","7365","13139","13048","0.119","0.211","2024-25"
"2024-09-10","51760","Richmond City","Age_Group","31-49","8,346","7,864","14,181","13,561","12.7%","21.9%","2023-24"
"2026-04-13","51760","Richmond City","Age_Group","50-64","0","0","0","0","0","0","2025-26"
"2025-10-07","51760","Richmond City","Age_Group","50-64","6404","6186","10009","9876","0.161","0.257","2024-25"
"2024-09-10","51760","Richmond City","Age_Group","50-64","7,477","6,903","11,211","10,526","18.0%","27.4%","2023-24"
"2026-04-13","51760","Richmond City","Age_Group","5-11","0","0","0","0","0","0","2025-26"
"2024-09-10","51760","Richmond City","Age_Group","5-11","1,125","1,111","3,837","3,720","7.7%","25.9%","2023-24"
"2025-10-07","51760","Richmond City","Age_Group","5-11","1175","1163","3654","3599","0.081","0.251","2024-25"
"2026-04-13","51760","Richmond City","Age_Group","65+","0","0","0","0","0","0","2025-26"
"2024-09-10","51760","Richmond City","Age_Group","65+","13,988","11,585","18,012","16,586","34.6%","49.6%","2023-24"
"2025-10-07","51760","Richmond City","Age_Group","65+","13148","11515","16342","16110","0.344","0.482","2024-25"
"2026-04-13","51760","Richmond City","Race and Ethnicity","Asian or Pacific Islander","0","0","0","0","0","0","2025-26"
"2024-09-10","51760","Richmond City","Race and Ethnicity","Asian or Pacific Islander","1,160","1,064","1,890","1,764","19.3%","32.1%","2023-24"
"2025-10-07","51760","Richmond City","Race and Ethnicity","Asian or Pacific Islander","1093","1050","1868","1826","0.191","0.332","2024-25"
"2026-04-13","51760","Richmond City","Race and Ethnicity","Black","0","0","0","0","0","0","2025-26"
"2024-09-10","51760","Richmond City","Race and Ethnicity","Black","9,285","8,416","18,959","17,715","8.4%","17.7%","2023-24"
"2025-10-07","51760","Richmond City","Race and Ethnicity","Black","9091","8546","16811","16415","0.086","0.164","2024-25"
"2026-04-13","51760","Richmond City","Age_Group","Female","0","0","0","0","0","0","2025-26"
"2026-04-13","51760","Richmond City","Race and Ethnicity","Female","0","0","0","0","0","0","2025-26"
"2026-04-13","51760","Richmond City","Sex","Female","12514","12137","29519","28804","0","0","2025-26"
"2025-10-07","51760","Richmond City","Sex","Female","18463","17291","33505","32583","0","0","2024-25"
"2024-09-10","51760","Richmond City","Sex","Female","21,246","18,950","36,943","34,417","15.7%","28.5%","2023-24"
"2026-04-13","51760","Richmond City","Race and Ethnicity","Latino","0","0","0","0","0","0","2025-26"
"2024-09-10","51760","Richmond City","Race and Ethnicity","Latino","1,383","1,294","5,963","5,442","6.8%","28.5%","2023-24"
"2025-10-07","51760","Richmond City","Race and Ethnicity","Latino","1241","1208","5663","5296","0.063","0.277","2024-25"
"2026-04-13","51760","Richmond City","Age_Group","Male","0","0","0","0","0","0","2025-26"
"2026-04-13","51760","Richmond City","Race and Ethnicity","Male","0","0","0","0","0","0","2025-26"
"2025-10-07","51760","Richmond City","Sex","Male","14192","13202","24996","24071","0","0","2024-25"
"2024-09-10","51760","Richmond City","Sex","Male","15,832","14,030","27,086","25,076","12.9%","23.0%","2023-24"
"2026-04-13","51760","Richmond City","Sex","Male","9643","9346","25105","24454","0","0","2025-26"
"2026-04-13","51760","Richmond City","Race and Ethnicity","Native American","0","0","0","0","0","0","2025-26"
"2024-09-10","51760","Richmond City","Race and Ethnicity","Native American","415","355","518","477","63.7%","85.6%","2023-24"
"2024-09-10","51820","Waynesboro","Race and Ethnicity","Native American","37","30","60","58","48.4%","93.5%","2023-24"
"2025-10-07","51735","Poquoson","Race and Ethnicity","Latino","38","36","112","109","0.077","0.232","2024-25"
"2025-10-07","51760","Richmond City","Race and Ethnicity","Native American","426","391","601","589","0.702","1.057","2024-25"
"2025-10-07","51820","Waynesboro","Race and Ethnicity","Native American","37","33","69","66","0.532","1.065","2024-25"
"2026-04-13","51760","Richmond City","Race and Ethnicity","Not Reported","0","0","0","0","0","0","2025-26"
"2026-04-13","51735","Poquoson","Age_Group","Male","0","0","0","0","0","0","2025-26"
"2026-04-13","51760","Richmond City","Sex","Not Reported","0","0","0","0","0","0","2025-26"
"2026-04-13","51735","Poquoson","Race and Ethnicity","Male","0","0","0","0","0","0","2025-26"
"2025-10-07","51760","Richmond City","Race and Ethnicity","Not Reported","269","260","1595","1456","0.001","0.006","2024-25"
"2026-04-13","51735","Poquoson","Sex","Male","374","364","1640","1600","0","0","2025-26"
"2024-09-10","51760","Richmond City","Sex","Not Reported","3","3","79","79","","","2023-24"
"2025-10-07","51735","Poquoson","Sex","Male","666","637","1914","1861","0","0","2024-25"
"2024-09-10","51760","Richmond City","Race and Ethnicity","Not Reported","638","561","2,198","2,005","","","2023-24"
"2024-09-10","51735","Poquoson","Sex","Male","784","697","1,987","1,854","11.0%","29.3%","2023-24"
"2026-04-13","51760","Richmond City","Sex","OTHER","0","0","0","0","0","0","2025-26"
"2026-04-13","51735","Poquoson","Race and Ethnicity","Native American","0","0","0","0","0","0","2025-26"
"2025-10-07","51760","Richmond City","Sex","OTHER","0","0","2","2","0","0","2024-25"
"2024-09-10","51735","Poquoson","Race and Ethnicity","Native American","12","11","27","23","31.4%","65.7%","2023-24"
"2026-04-13","51760","Richmond City","Race and Ethnicity","Other Race","0","0","0","0","0","0","2025-26"
"2025-10-07","51735","Poquoson","Race and Ethnicity","Native American","12","12","28","28","0.343","0.8","2024-25"
"2025-10-07","51760","Richmond City","Race and Ethnicity","Other Race","446","413","1258","1105","0.08","0.215","2024-25"
"2026-04-13","51735","Poquoson","Race and Ethnicity","Not Reported","0","0","0","0","0","0","2025-26"
"2024-09-10","51760","Richmond City","Race and Ethnicity","Other Race","476","420","1,191","1,047","8.2%","20.3%","2023-24"
"2026-04-13","51735","Poquoson","Sex","Not Reported","0","0","0","0","0","0","2025-26"
"2026-04-13","51760","Richmond City","Age_Group","Unknown","0","0","0","0","0","0","2025-26"
"2024-09-10","51735","Poquoson","Sex","Not Reported","1","1","10","9","","","2023-24"
"2026-04-13","51760","Richmond City","Race and Ethnicity","Unknown","0","0","0","0","0","0","2025-26"
"2024-09-10","51735","Poquoson","Race and Ethnicity","Not Reported","26","22","357","331","","","2023-24"
"2026-04-13","51760","Richmond City","Sex","UNKNOWN","4","4","22","22","0","0","2025-26"
"2025-10-07","51735","Poquoson","Race and Ethnicity","Not Reported","6","6","170","165","0","0.013","2024-25"
"2025-10-07","51760","Richmond City","Sex","UNKNOWN","6","5","21","21","0","0","2024-25"
"2026-04-13","51735","Poquoson","Race and Ethnicity","Other Race","0","0","0","0","0","0","2025-26"
"2026-04-13","51760","Richmond City","Race and Ethnicity","White","0","0","0","0","0","0","2025-26"
"2025-10-07","51735","Poquoson","Race and Ethnicity","Other Race","11","11","79","76","0.043","0.296","2024-25"
"2025-10-07","51760","Richmond City","Race and Ethnicity","White","20095","18630","30728","29990","0.188","0.302","2024-25"
"2024-09-10","51735","Poquoson","Race and Ethnicity","Other Race","6","6","55","52","2.3%","20.2%","2023-24"
"2024-09-10","51760","Richmond City","Race and Ethnicity","White","23,724","20,873","33,389","31,122","21.0%","31.4%","2023-24"
"2026-04-13","51735","Poquoson","Age_Group","Unknown","0","0","0","0","0","0","2025-26"
"2026-04-13","51770","Roanoke City","Age_Group","0-4","0","0","0","0","0","0","2025-26"
"2026-04-13","51735","Poquoson","Race and Ethnicity","Unknown","0","0","0","0","0","0","2025-26"
"2025-10-07","51770","Roanoke City","Age_Group","0-4","131","117","2677","2078","0.019","0.33","2024-25"
"2025-10-07","51735","Poquoson","Sex","UNKNOWN","0","0","7","7","0","0","2024-25"
"2024-09-10","51770","Roanoke City","Age_Group","0-4","176","149","2,341","1,840","2.4%","29.2%","2023-24"
"2026-04-13","51735","Poquoson","Sex","UNKNOWN","0","0","7","7","0","0","2025-26"
"2026-04-13","51770","Roanoke City","Age_Group","12-17","0","0","0","0","0","0","2025-26"
"2026-04-13","51735","Poquoson","Race and Ethnicity","White","0","0","0","0","0","0","2025-26"
"2025-10-07","51770","Roanoke City","Age_Group","12-17","286","284","1283","1271","0.042","0.187","2024-25"
"2024-09-10","51735","Poquoson","Race and Ethnicity","White","1,516","1,360","3,805","3,573","12.0%","31.6%","2023-24"
"2024-09-10","51770","Roanoke City","Age_Group","12-17","297","292","1,285","1,257","4.3%","18.5%","2023-24"
"2025-10-07","51735","Poquoson","Race and Ethnicity","White","1288","1215","3766","3668","0.107","0.324","2024-25"
"2026-04-13","51770","Roanoke City","Age_Group","18-30","0","0","0","0","0","0","2025-26"
"2025-10-07","51770","Roanoke City","Age_Group","18-30","715","707","3081","3052","0.043","0.184","2024-25"
"2024-09-10","51770","Roanoke City","Age_Group","18-30","799","774","3,211","3,062","4.7%","18.5%","2023-24"
"2026-04-13","51770","Roanoke City","Age_Group","31-49","0","0","0","0","0","0","2025-26"
"2025-10-07","51770","Roanoke City","Age_Group","31-49","1842","1810","5521","5477","0.075","0.228","2024-25"
"2024-09-10","51770","Roanoke City","Age_Group","31-49","2,199","2,076","6,183","5,886","8.6%","24.5%","2023-24"
"2024-09-10","51770","Roanoke City","Race and Ethnicity","Not Reported","667","636","5,269","4,791","","","2023-24"
"2026-04-13","51770","Roanoke City","Race and Ethnicity","Other Race","0","0","0","0","0","0","2025-26"
"2024-09-10","51770","Roanoke City","Race and Ethnicity","Other Race","121","111","352","336","3.6%","11.0%","2023-24"
"2025-10-07","51770","Roanoke City","Race and Ethnicity","Other Race","200","189","454","444","0.062","0.145","2024-25"
"2026-04-13","51770","Roanoke City","Age_Group","Unknown","0","0","0","0","0","0","2025-26"
"2026-04-13","51770","Roanoke City","Race and Ethnicity","Unknown","0","0","0","0","0","0","2025-26"
"2025-10-07","51770","Roanoke City","Sex","UNKNOWN","2","2","34","34","0","0","2024-25"
"2026-04-13","51770","Roanoke City","Sex","UNKNOWN","3","3","59","59","0","0","2025-26"
"2026-04-13","51770","Roanoke City","Race and Ethnicity","White","0","0","0","0","0","0","2025-26"
"2025-10-07","51770","Roanoke City","Race and Ethnicity","White","8327","7743","15954","15720","0.138","0.281","2024-25"
"2024-09-10","51770","Roanoke City","Race and Ethnicity","White","9,244","8,245","17,558","16,365","14.7%","29.3%","2023-24"
"2026-04-13","51775","Salem","Age_Group","0-4","0","0","0","0","0","0","2025-26"
"2025-10-07","51775","Salem","Age_Group","0-4","13","13","501","397","0.01","0.315","2024-25"
"2024-09-10","51775","Salem","Age_Group","0-4","37","30","466","366","2.4%","29.0%","2023-24"
"2026-04-13","51775","Salem","Age_Group","12-17","0","0","0","0","0","0","2025-26"
"2025-10-07","51775","Salem","Age_Group","12-17","65","64","378","377","0.03","0.178","2024-25"
"2024-09-10","51775","Salem","Age_Group","12-17","94","84","391","381","4.0%","18.0%","2023-24"
"2026-04-13","51775","Salem","Age_Group","18-30","0","0","0","0","0","0","2025-26"
"2025-10-07","51775","Salem","Age_Group","18-30","132","131","563","563","0.028","0.119","2024-25"
"2024-09-10","51775","Salem","Age_Group","18-30","166","156","669","646","3.3%","13.7%","2023-24"
"2026-04-13","51775","Salem","Age_Group","31-49","0","0","0","0","0","0","2025-26"
"2025-10-07","51775","Salem","Age_Group","31-49","359","355","1243","1237","0.064","0.223","2024-25"
"2024-09-10","51775","Salem","Age_Group","31-49","454","416","1,375","1,311","7.5%","23.6%","2023-24"
"2026-04-13","51775","Salem","Age_Group","50-64","0","0","0","0","0","0","2025-26"
"2025-10-07","51775","Salem","Age_Group","50-64","562","552","1429","1420","0.11","0.283","2024-25"
"2024-09-10","51775","Salem","Age_Group","50-64","725","654","1,798","1,696","13.0%","33.8%","2023-24"
"2026-04-13","51775","Salem","Age_Group","5-11","0","0","0","0","0","0","2025-26"
"2025-10-07","51775","Salem","Age_Group","5-11","42","42","440","437","0.023","0.238","2024-25"
"2024-09-10","51775","Salem","Age_Group","5-11","57","56","424","415","3.1%","22.6%","2023-24"
"2026-04-13","51775","Salem","Age_Group","65+","0","0","0","0","0","0","2025-26"
"2025-10-07","51775","Salem","Age_Group","65+","1927","1729","3144","3120","0.347","0.627","2024-25"
"2024-09-10","51775","Salem","Age_Group","65+","2,094","1,729","3,557","3,263","34.7%","65.5%","2023-24"
"2026-04-13","51775","Salem","Race and Ethnicity","Asian or Pacific Islander","0","0","0","0","0","0","2025-26"
"2025-10-07","51775","Salem","Race and Ethnicity","Asian or Pacific Islander","61","58","192","188","0.113","0.366","2024-25"
"2024-09-10","51775","Salem","Race and Ethnicity","Asian or Pacific Islander","81","70","203","184","13.6%","35.8%","2023-24"
"2026-04-13","51775","Salem","Race and Ethnicity","Black","0","0","0","0","0","0","2025-26"
"2024-09-10","51775","Salem","Race and Ethnicity","Black","205","186","571","526","8.8%","24.8%","2023-24"
"2025-10-07","51775","Salem","Race and Ethnicity","Black","216","208","500","494","0.098","0.233","2024-25"
"2026-04-13","51775","Salem","Age_Group","Female","0","0","0","0","0","0","2025-26"
"2026-04-13","51775","Salem","Race and Ethnicity","Female","0","0","0","0","0","0","2025-26"
"2025-10-07","51775","Salem","Sex","Female","1736","1617","4456","4380","0","0","2024-25"
"2024-09-10","51775","Salem","Sex","Female","2,132","1,852","5,088","4,764","14.0%","36.0%","2023-24"
"2026-04-13","51775","Salem","Sex","Female","988","965","3954","3881","0","0","2025-26"
"2026-04-13","51775","Salem","Race and Ethnicity","Latino","0","0","0","0","0","0","2025-26"
"2025-10-07","51775","Salem","Race and Ethnicity","Latino","51","50","238","232","0.047","0.217","2024-25"
"2024-09-10","51775","Salem","Race and Ethnicity","Latino","92","85","270","259","8.0%","24.3%","2023-24"
"2026-04-13","51775","Salem","Age_Group","Male","0","0","0","0","0","0","2025-26"
"2026-04-13","51775","Salem","Race and Ethnicity","Male","0","0","0","0","0","0","2025-26"
"2024-09-10","51775","Salem","Sex","Male","1,495","1,273","3,583","3,305","10.4%","27.0%","2023-24"
"2026-04-13","51840","Winchester","Sex","Male","721","700","2835","2761","0","0","2025-26"
"2026-04-13","51790","Staunton","Sex","Female","1502","1437","4450","4369","0","0","2025-26"
"2025-10-07","51790","Staunton","Sex","Female","2608","2426","5089","4999","0","0","2024-25"
"2024-09-10","51790","Staunton","Sex","Female","3,163","2,718","5,791","5,360","19.5%","38.4%","2023-24"
"2026-04-13","51790","Staunton","Race and Ethnicity","Latino","0","0","0","0","0","0","2025-26"
"2024-09-10","51790","Staunton","Race and Ethnicity","Latino","133","115","278","254","10.4%","22.9%","2023-24"
"2025-10-07","51790","Staunton","Race and Ethnicity","Latino","134","127","283","272","0.115","0.246","2024-25"
"2026-04-13","51790","Staunton","Age_Group","Male","0","0","0","0","0","0","2025-26"
"2026-04-13","51790","Staunton","Race and Ethnicity","Male","0","0","0","0","0","0","2025-26"
"2026-04-13","51790","Staunton","Sex","Male","1136","1102","3143","3072","0","0","2025-26"
"2025-10-07","51790","Staunton","Sex","Male","1973","1834","3666","3581","0","0","2024-25"
"2024-09-10","51790","Staunton","Sex","Male","2,192","1,861","4,165","3,842","15.6%","32.3%","2023-24"
"2026-04-13","51790","Staunton","Race and Ethnicity","Native American","0","0","0","0","0","0","2025-26"
"2024-09-10","51790","Staunton","Race and Ethnicity","Native American","29","26","59","49","33.3%","62.8%","2023-24"
"2025-10-07","51790","Staunton","Race and Ethnicity","Native American","30","25","55","51","0.321","0.654","2024-25"
"2026-04-13","51790","Staunton","Race and Ethnicity","Not Reported","0","0","0","0","0","0","2025-26"
"2026-04-13","51790","Staunton","Sex","Not Reported","0","0","0","0","0","0","2025-26"
"2024-09-10","51790","Staunton","Sex","Not Reported","1","1","6","6","","","2023-24"
"2024-09-10","51790","Staunton","Race and Ethnicity","Not Reported","102","86","469","446","","","2023-24"
"2025-10-07","51790","Staunton","Race and Ethnicity","Not Reported","49","48","249","246","0.002","0.01","2024-25"
"2026-04-13","51790","Staunton","Race and Ethnicity","Other Race","0","0","0","0","0","0","2025-26"
"2025-10-07","51790","Staunton","Race and Ethnicity","Other Race","35","32","91","90","0.04","0.112","2024-25"
"2024-09-10","51790","Staunton","Race and Ethnicity","Other Race","47","37","90","88","4.6%","10.9%","2023-24"
"2026-04-13","51790","Staunton","Age_Group","Unknown","0","0","0","0","0","0","2025-26"
"2026-04-13","51790","Staunton","Race and Ethnicity","Unknown","0","0","0","0","0","0","2025-26"
"2026-04-13","51790","Staunton","Sex","UNKNOWN","0","0","3","3","0","0","2025-26"
"2025-10-07","51790","Staunton","Sex","UNKNOWN","1","1","4","4","0","0","2024-25"
"2026-04-13","51790","Staunton","Race and Ethnicity","White","0","0","0","0","0","0","2025-26"
"2025-10-07","51790","Staunton","Race and Ethnicity","White","3883","3595","7063","6931","0.174","0.336","2024-25"
"2024-09-10","51790","Staunton","Race and Ethnicity","White","4,563","3,886","7,947","7,335","18.8%","35.5%","2023-24"
"2026-04-13","51800","Suffolk","Age_Group","0-4","0","0","0","0","0","0","2025-26"
"2025-10-07","51800","Suffolk","Age_Group","0-4","127","98","2693","2155","0.016","0.352","2024-25"
"2024-09-10","51800","Suffolk","Age_Group","0-4","133","112","2,567","2,009","1.8%","32.8%","2023-24"
"2026-04-13","51800","Suffolk","Age_Group","12-17","0","0","0","0","0","0","2025-26"
"2025-10-07","51800","Suffolk","Age_Group","12-17","258","256","1637","1626","0.034","0.216","2024-25"
"2024-09-10","51800","Suffolk","Age_Group","12-17","276","268","1,653","1,617","3.6%","21.4%","2023-24"
"2026-04-13","51800","Suffolk","Age_Group","18-30","0","0","0","0","0","0","2025-26"
"2025-10-07","51800","Suffolk","Age_Group","18-30","465","457","2293","2272","0.029","0.143","2024-25"
"2024-09-10","51800","Suffolk","Age_Group","18-30","507","482","2,342","2,231","3.0%","14.0%","2023-24"
"2026-04-13","51800","Suffolk","Age_Group","31-49","0","0","0","0","0","0","2025-26"
"2024-09-10","51800","Suffolk","Age_Group","31-49","1,170","1,124","5,030","4,782","4.5%","19.0%","2023-24"
"2025-10-07","51800","Suffolk","Age_Group","31-49","1026","1005","4764","4714","0.04","0.187","2024-25"
"2026-04-13","51800","Suffolk","Age_Group","50-64","0","0","0","0","0","0","2025-26"
"2024-09-10","51800","Suffolk","Age_Group","50-64","2,951","2,773","7,254","6,754","14.2%","34.5%","2023-24"
"2025-10-07","51800","Suffolk","Age_Group","50-64","2407","2328","6481","6387","0.119","0.326","2024-25"
"2026-04-13","51800","Suffolk","Age_Group","5-11","0","0","0","0","0","0","2025-26"
"2024-09-10","Out-of-State","Out-of-State","Age_Group","65+","14,651","12,813","25,978","24,706","","","2023-24"
"2025-10-07","51800","Suffolk","Age_Group","5-11","171","170","2036","2023","0.019","0.224","2024-25"
"2025-10-07","Out-of-State","Out-of-State","Age_Group","65+","15434","13798","26048","25809","0","0","2024-25"
"2024-09-10","51800","Suffolk","Age_Group","5-11","180","179","2,106","2,045","2.0%","22.6%","2023-24"
"2026-04-13","Out-of-State","Out-of-State","Race and Ethnicity","Asian or Pacific Islander","0","0","0","0","0","0","2025-26"
"2026-04-13","51810","Virginia Beach","Sex","Female","15585","14985","62608","61181","0","0","2025-26"
"2025-10-07","51810","Virginia Beach","Sex","Female","28550","26345","75055","73065","0","0","2024-25"
"2024-09-10","51810","Virginia Beach","Sex","Female","31,869","28,674","82,572","75,521","12.4%","32.6%","2023-24"
"2026-04-13","51810","Virginia Beach","Race and Ethnicity","Latino","0","0","0","0","0","0","2025-26"
"2025-10-07","51810","Virginia Beach","Race and Ethnicity","Latino","1957","1858","8058","7698","0.045","0.187","2024-25"
"2024-09-10","51810","Virginia Beach","Race and Ethnicity","Latino","2,118","1,980","8,192","7,540","4.8%","18.3%","2023-24"
"2026-04-13","51810","Virginia Beach","Age_Group","Male","0","0","0","0","0","0","2025-26"
"2026-04-13","51810","Virginia Beach","Race and Ethnicity","Male","0","0","0","0","0","0","2025-26"
"2026-04-13","51810","Virginia Beach","Sex","Male","11617","11183","46694","45421","0","0","2025-26"
"2025-10-07","51810","Virginia Beach","Sex","Male","21403","19752","56591","54837","0","0","2024-25"
"2024-09-10","51810","Virginia Beach","Sex","Male","23,916","21,398","62,095","56,572","9.6%","25.2%","2023-24"
"2026-04-13","51810","Virginia Beach","Race and Ethnicity","Native American","0","0","0","0","0","0","2025-26"
"2025-10-07","51810","Virginia Beach","Race and Ethnicity","Native American","799","721","1646","1612","0.532","1.191","2024-25"
"2024-09-10","51810","Virginia Beach","Race and Ethnicity","Native American","878","765","1,678","1,536","56.5%","113.4%","2023-24"
"2026-04-13","51810","Virginia Beach","Race and Ethnicity","Not Reported","0","0","0","0","0","0","2025-26"
"2026-04-13","51810","Virginia Beach","Sex","Not Reported","0","0","0","0","0","0","2025-26"
"2024-09-10","51810","Virginia Beach","Sex","Not Reported","39","38","668","655","","","2023-24"
"2025-10-07","51810","Virginia Beach","Race and Ethnicity","Not Reported","448","442","4267","4157","0.001","0.009","2024-25"
"2024-09-10","51810","Virginia Beach","Race and Ethnicity","Not Reported","643","629","6,694","6,330","","","2023-24"
"2026-04-13","51810","Virginia Beach","Race and Ethnicity","Other Race","0","0","0","0","0","0","2025-26"
"2024-09-10","51810","Virginia Beach","Race and Ethnicity","Other Race","397","379","2,225","2,097","2.1%","11.7%","2023-24"
"2025-10-07","51810","Virginia Beach","Race and Ethnicity","Other Race","476","456","2829","2722","0.025","0.151","2024-25"
"2026-04-13","51810","Virginia Beach","Age_Group","Unknown","0","0","0","0","0","0","2025-26"
"2026-04-13","51810","Virginia Beach","Race and Ethnicity","Unknown","0","0","0","0","0","0","2025-26"
"2025-10-07","51810","Virginia Beach","Sex","UNKNOWN","29","29","584","584","0","0","2024-25"
"2026-04-13","51810","Virginia Beach","Sex","UNKNOWN","4","4","453","449","0","0","2025-26"
"2026-04-13","51810","Virginia Beach","Race and Ethnicity","White","0","0","0","0","0","0","2025-26"
"2025-10-07","51810","Virginia Beach","Race and Ethnicity","White","34130","31131","79702","77593","0.114","0.284","2024-25"
"2024-09-10","51810","Virginia Beach","Race and Ethnicity","White","38,633","34,204","88,892","80,709","12.5%","29.6%","2023-24"
"2026-04-13","51820","Waynesboro","Age_Group","0-4","0","0","0","0","0","0","2025-26"
"2025-10-07","51820","Waynesboro","Age_Group","0-4","51","41","616","486","0.028","0.328","2024-25"
"2024-09-10","51820","Waynesboro","Age_Group","0-4","96","71","733","573","4.8%","38.7%","2023-24"
"2026-04-13","51820","Waynesboro","Age_Group","12-17","0","0","0","0","0","0","2025-26"
"2025-10-07","51820","Waynesboro","Age_Group","12-17","57","56","362","361","0.034","0.221","2024-25"
"2024-09-10","51820","Waynesboro","Age_Group","12-17","71","69","407","401","4.2%","24.6%","2023-24"
"2026-04-13","51820","Waynesboro","Age_Group","18-30","0","0","0","0","0","0","2025-26"
"2024-09-10","51820","Waynesboro","Age_Group","18-30","153","144","681","652","3.9%","17.5%","2023-24"
"2025-10-07","51820","Waynesboro","Age_Group","18-30","166","164","700","692","0.044","0.186","2024-25"
"2026-04-13","51820","Waynesboro","Age_Group","31-49","0","0","0","0","0","0","2025-26"
"2025-10-07","51820","Waynesboro","Age_Group","31-49","393","383","1317","1305","0.068","0.231","2024-25"
"2024-09-10","51820","Waynesboro","Age_Group","31-49","412","394","1,479","1,419","7.0%","25.1%","2023-24"
"2026-04-13","51820","Waynesboro","Age_Group","50-64","0","0","0","0","0","0","2025-26"
"2025-10-07","51820","Waynesboro","Age_Group","50-64","597","580","1546","1535","0.141","0.373","2024-25"
"2024-09-10","51820","Waynesboro","Age_Group","50-64","734","660","1,740","1,641","16.0%","39.9%","2023-24"
"2026-04-13","51820","Waynesboro","Age_Group","5-11","0","0","0","0","0","0","2025-26"
"2024-09-10","51820","Waynesboro","Age_Group","5-11","57","57","492","482","2.9%","24.1%","2023-24"
"2025-10-07","51820","Waynesboro","Age_Group","5-11","73","72","438","436","0.036","0.218","2024-25"
"2026-04-13","51820","Waynesboro","Age_Group","65+","0","0","0","0","0","0","2025-26"
"2024-09-10","51820","Waynesboro","Age_Group","65+","1,888","1,532","3,372","3,079","36.7%","73.8%","2023-24"
"2025-10-07","51820","Waynesboro","Age_Group","65+","1681","1521","2953","2918","0.365","0.699","2024-25"
"2026-04-13","51820","Waynesboro","Race and Ethnicity","Asian or Pacific Islander","0","0","0","0","0","0","2025-26"
"2025-10-07","51820","Waynesboro","Race and Ethnicity","Asian or Pacific Islander","43","42","143","139","0.111","0.366","2024-25"
"2024-09-10","51820","Waynesboro","Race and Ethnicity","Asian or Pacific Islander","55","49","165","152","12.9%","40.0%","2023-24"
"2026-04-13","51820","Waynesboro","Race and Ethnicity","Black","0","0","0","0","0","0","2025-26"
"2024-09-10","51820","Waynesboro","Race and Ethnicity","Black","274","251","959","886","9.1%","32.0%","2023-24"
"2025-10-07","51820","Waynesboro","Race and Ethnicity","Black","288","274","896","874","0.099","0.316","2024-25"
"2026-04-13","51820","Waynesboro","Age_Group","Female","0","0","0","0","0","0","2025-26"
"2026-04-13","51820","Waynesboro","Race and Ethnicity","Female","0","0","0","0","0","0","2025-26"
"2024-09-10","51820","Waynesboro","Sex","Female","1,985","1,716","5,085","4,722","14.5%","40.0%","2023-24"
"2025-10-07","51820","Waynesboro","Sex","Female","1668","1564","4578","4466","0","0","2024-25"
"2026-04-13","51820","Waynesboro","Sex","Female","925","899","3969","3873","0","0","2025-26"
"2024-09-10","51019","Bedford","Race and Ethnicity","Native American","92","84","216","198","34.7%","81.8%","2023-24"
"2024-09-10","51019","Bedford","Sex","Not Reported","0","0","5","4","","","2023-24"
"2026-04-13","51019","Bedford","Race and Ethnicity","Not Reported","0","0","0","0","0","0","2025-26"
"2026-04-13","51019","Bedford","Sex","Not Reported","0","0","0","0","0","0","2025-26"
"2024-09-10","51019","Bedford","Race and Ethnicity","Not Reported","119","114","2,012","1,846","","","2023-24"
"2025-10-07","51019","Bedford","Race and Ethnicity","Not Reported","83","79","1656","1513","0.001","0.019","2024-25"
"2025-10-07","51019","Bedford","Sex","OTHER","0","0","1","1","0","0","2024-25"
"2026-04-13","51019","Bedford","Race and Ethnicity","Other Race","0","0","0","0","0","0","2025-26"
"2024-09-10","51019","Bedford","Race and Ethnicity","Other Race","45","36","165","156","2.6%","11.3%","2023-24"
"2025-10-07","51019","Bedford","Race and Ethnicity","Other Race","60","56","159","158","0.04","0.114","2024-25"
"2026-04-13","51019","Bedford","Age_Group","Unknown","0","0","0","0","0","0","2025-26"
"2026-04-13","51019","Bedford","Race and Ethnicity","Unknown","0","0","0","0","0","0","2025-26"
"2025-10-07","51019","Bedford","Sex","UNKNOWN","0","0","7","7","0","0","2024-25"
"2026-04-13","51019","Bedford","Sex","UNKNOWN","1","1","15","15","0","0","2025-26"
"2026-04-13","51019","Bedford","Race and Ethnicity","White","0","0","0","0","0","0","2025-26"
"2025-10-07","51019","Bedford","Race and Ethnicity","White","6231","5806","18051","17847","0.083","0.254","2024-25"
"2024-09-10","51019","Bedford","Race and Ethnicity","White","7,132","6,346","19,873","18,800","9.0%","26.8%","2023-24"
"2026-04-13","51021","Bland","Age_Group","0-4","0","0","0","0","0","0","2025-26"
"2025-10-07","51021","Bland","Age_Group","0-4","0","0","26","23","0","0.121","2024-25"
"2024-09-10","51021","Bland","Age_Group","0-4","0","0","33","27","0.0%","14.2%","2023-24"
"2026-04-13","51021","Bland","Age_Group","12-17","0","0","0","0","0","0","2025-26"
"2025-10-07","51021","Bland","Age_Group","12-17","6","6","39","38","0.019","0.123","2024-25"
"2024-09-10","51021","Bland","Age_Group","12-17","6","6","50","48","1.9%","15.5%","2023-24"
"2026-04-13","51021","Bland","Age_Group","18-30","0","0","0","0","0","0","2025-26"
"2024-09-10","51021","Bland","Age_Group","18-30","10","9","123","120","1.1%","14.4%","2023-24"
"2025-10-07","51021","Bland","Age_Group","18-30","8","8","75","75","0.01","0.09","2024-25"
"2026-04-13","51021","Bland","Age_Group","31-49","0","0","0","0","0","0","2025-26"
"2025-10-07","51021","Bland","Age_Group","31-49","18","18","277","275","0.012","0.18","2024-25"
"2024-09-10","51021","Bland","Age_Group","31-49","37","37","405","402","2.4%","26.3%","2023-24"
"2026-04-13","51021","Bland","Age_Group","50-64","0","0","0","0","0","0","2025-26"
"2025-10-07","51021","Bland","Age_Group","50-64","59","59","295","291","0.044","0.215","2024-25"
"2024-09-10","51021","Bland","Age_Group","50-64","82","78","391","382","5.8%","28.2%","2023-24"
"2026-04-13","51021","Bland","Age_Group","5-11","0","0","0","0","0","0","2025-26"
"2025-10-07","51021","Bland","Age_Group","5-11","1","1","50","49","0.003","0.139","2024-25"
"2024-09-10","51021","Bland","Age_Group","5-11","3","3","80","79","0.8%","22.4%","2023-24"
"2026-04-13","51021","Bland","Age_Group","65+","0","0","0","0","0","0","2025-26"
"2025-10-07","51021","Bland","Age_Group","65+","180","167","577","559","0.108","0.362","2024-25"
"2024-09-10","51021","Bland","Age_Group","65+","225","205","713","670","13.3%","43.4%","2023-24"
"2026-04-13","51021","Bland","Race and Ethnicity","Asian or Pacific Islander","0","0","0","0","0","0","2025-26"
"2025-10-07","51021","Bland","Race and Ethnicity","Asian or Pacific Islander","0","0","3","3","0","0.2","2024-25"
"2024-09-10","51021","Bland","Race and Ethnicity","Asian or Pacific Islander","1","1","4","3","6.7%","20.0%","2023-24"
"2026-04-13","51021","Bland","Race and Ethnicity","Black","0","0","0","0","0","0","2025-26"
"2025-10-07","51021","Bland","Race and Ethnicity","Black","3","3","48","47","0.011","0.179","2024-25"
"2024-09-10","51021","Bland","Race and Ethnicity","Black","7","7","40","38","2.7%","14.5%","2023-24"
"2026-04-13","51021","Bland","Age_Group","Female","0","0","0","0","0","0","2025-26"
"2026-04-13","51021","Bland","Race and Ethnicity","Female","0","0","0","0","0","0","2025-26"
"2025-10-07","51021","Bland","Sex","Female","131","125","591","577","0","0","2024-25"
"2024-09-10","51021","Bland","Sex","Female","189","178","739","697","6.6%","25.7%","2023-24"
"2026-04-13","51021","Bland","Sex","Female","85","83","515","511","0","0","2025-26"
"2026-04-13","51021","Bland","Race and Ethnicity","Latino","0","0","0","0","0","0","2025-26"
"2025-10-07","51021","Bland","Race and Ethnicity","Latino","3","3","12","12","0.055","0.218","2024-25"
"2024-09-10","51021","Bland","Race and Ethnicity","Latino","5","5","16","16","9.1%","29.1%","2023-24"
"2026-04-13","51021","Bland","Age_Group","Male","0","0","0","0","0","0","2025-26"
"2026-04-13","51021","Bland","Race and Ethnicity","Male","0","0","0","0","0","0","2025-26"
"2025-10-07","51021","Bland","Sex","Male","141","134","747","732","0","0","2024-25"
"2024-09-10","51021","Bland","Sex","Male","174","160","1,056","1,031","4.7%","30.3%","2023-24"
"2026-04-13","51021","Bland","Sex","Male","70","66","409","403","0","0","2025-26"
"2026-04-13","51021","Bland","Race and Ethnicity","Native American","0","0","0","0","0","0","2025-26"
"2024-09-10","51021","Bland","Race and Ethnicity","Native American","1","1","2","2","20.0%","40.0%","2023-24"
"2025-10-07","51021","Bland","Race and Ethnicity","Native American","3","3","7","7","0.6","1.4","2024-25"
"2026-04-13","51021","Bland","Race and Ethnicity","Not Reported","0","0","0","0","0","0","2025-26"
"2026-04-13","51021","Bland","Sex","Not Reported","0","0","0","0","0","0","2025-26"
"2024-09-10","51021","Bland","Race and Ethnicity","Not Reported","17","17","433","426","","","2023-24"
"2024-09-10","51013","Arlington","Age_Group","0-4","3,255","2,594","8,209","6,564","21.8%","55.2%","2023-24"
"2025-10-07","51021","Bland","Race and Ethnicity","Not Reported","4","4","178","175","0.001","0.029","2024-25"
"2026-04-13","51013","Arlington","Age_Group","12-17","0","0","0","0","0","0","2025-26"
"2026-04-13","51021","Bland","Race and Ethnicity","Other Race","0","0","0","0","0","0","2025-26"
"2024-09-10","51013","Arlington","Age_Group","12-17","3,276","3,144","6,409","6,143","23.8%","46.6%","2023-24"
"2024-09-10","51021","Bland","Race and Ethnicity","Other Race","1","1","7","7","1.9%","13.2%","2023-24"
"2025-10-07","51013","Arlington","Age_Group","12-17","3313","3266","6067","6032","0.248","0.457","2024-25"
"2025-10-07","51021","Bland","Race and Ethnicity","Other Race","3","3","12","12","0.057","0.226","2024-25"
"2026-04-13","51013","Arlington","Age_Group","18-30","0","0","0","0","0","0","2025-26"
"2026-04-13","51021","Bland","Age_Group","Unknown","0","0","0","0","0","0","2025-26"
"2025-10-07","51013","Arlington","Age_Group","18-30","6951","6844","12480","12400","0.125","0.227","2024-25"
"2026-04-13","51021","Bland","Race and Ethnicity","Unknown","0","0","0","0","0","0","2025-26"
"2024-09-10","51013","Arlington","Age_Group","18-30","7,296","6,983","13,347","12,792","12.8%","23.4%","2023-24"
"2026-04-13","51021","Bland","Sex","Unknown","0","0","0","0","0","0","2025-26"
"2026-04-13","51013","Arlington","Age_Group","31-49","0","0","0","0","0","0","2025-26"
"2025-10-07","51021","Bland","Sex","UNKNOWN","0","0","1","1","0","0","2024-25"
"2025-10-07","51013","Arlington","Age_Group","31-49","16156","15825","23402","23207","0.221","0.324","2024-25"
"2026-04-13","51021","Bland","Race and Ethnicity","White","0","0","0","0","0","0","2025-26"
"2024-09-10","51013","Arlington","Age_Group","31-49","18,080","17,027","25,976","24,632","23.8%","34.4%","2023-24"
"2025-10-07","51021","Bland","Race and Ethnicity","White","256","243","1079","1054","0.042","0.184","2024-25"
"2026-04-13","51013","Arlington","Age_Group","50-64","0","0","0","0","0","0","2025-26"
"2024-09-10","51021","Bland","Race and Ethnicity","White","331","306","1,293","1,236","5.3%","21.6%","2023-24"
"2025-10-07","51013","Arlington","Age_Group","50-64","12937","12429","16392","16199","0.328","0.427","2024-25"
"2026-04-13","51023","Botetourt","Age_Group","0-4","0","0","0","0","0","0","2025-26"
"2025-10-07","51023","Botetourt","Age_Group","0-4","12","9","536","426","0.007","0.31","2024-25"
"2024-09-10","51013","Arlington","Age_Group","50-64","14,562","13,310","18,073","16,746","35.1%","44.1%","2023-24"
"2024-09-10","51023","Botetourt","Age_Group","0-4","40","30","648","513","2.2%","37.3%","2023-24"
"2026-04-13","51013","Arlington","Age_Group","5-11","0","0","0","0","0","0","2025-26"
"2026-04-13","51023","Botetourt","Age_Group","12-17","0","0","0","0","0","0","2025-26"
"2024-09-10","51013","Arlington","Age_Group","5-11","3,874","3,846","8,822","8,563","23.0%","51.3%","2023-24"
"2025-10-07","51023","Botetourt","Age_Group","12-17","60","59","400","399","0.026","0.179","2024-25"
"2025-10-07","51013","Arlington","Age_Group","5-11","4138","4098","8183","8112","0.246","0.486","2024-25"
"2024-09-10","51023","Botetourt","Age_Group","12-17","76","74","434","427","3.3%","19.1%","2023-24"
"2026-04-13","51013","Arlington","Age_Group","65+","0","0","0","0","0","0","2025-26"
"2026-04-13","51023","Botetourt","Age_Group","18-30","0","0","0","0","0","0","2025-26"
"2025-10-07","51013","Arlington","Age_Group","65+","19217","14781","17450","17069","0.528","0.609","2024-25"
"2025-10-07","51023","Botetourt","Age_Group","18-30","130","127","722","721","0.028","0.161","2024-25"
"2024-09-10","51013","Arlington","Age_Group","65+","20,695","15,178","19,399","17,258","54.2%","61.6%","2023-24"
"2024-09-10","51023","Botetourt","Age_Group","18-30","167","165","843","815","3.7%","18.2%","2023-24"
"2026-04-13","51013","Arlington","Race and Ethnicity","Asian or Pacific Islander","0","0","0","0","0","0","2025-26"
"2024-09-10","51013","Arlington","Race and Ethnicity","Asian or Pacific Islander","7,981","7,353","12,145","11,327","28.2%","43.4%","2023-24"
"2025-10-07","51013","Arlington","Race and Ethnicity","Asian or Pacific Islander","7173","6787","11382","11161","0.26","0.428","2024-25"
"2026-04-13","51013","Arlington","Race and Ethnicity","Black","0","0","0","0","0","0","2025-26"
"2024-09-10","51013","Arlington","Race and Ethnicity","Black","3,844","3,486","6,233","5,759","14.9%","24.7%","2023-24"
"2025-10-07","51013","Arlington","Race and Ethnicity","Black","3494","3219","5444","5328","0.138","0.228","2024-25"
"2026-04-13","51013","Arlington","Age_Group","Female","0","0","0","0","0","0","2025-26"
"2026-04-13","51013","Arlington","Race and Ethnicity","Female","0","0","0","0","0","0","2025-26"
"2026-04-13","51013","Arlington","Sex","Female","24870","22126","41903","41141","0","0","2025-26"
"2025-10-07","51013","Arlington","Sex","Female","34769","31598","49864","48579","0","0","2024-25"
"2024-09-10","51013","Arlington","Sex","Female","38,273","33,451","54,191","50,309","28.8%","43.3%","2023-24"
"2026-04-13","51013","Arlington","Race and Ethnicity","Latino","0","0","0","0","0","0","2025-26"
"2025-10-07","51013","Arlington","Race and Ethnicity","Latino","4776","4543","12288","11858","0.124","0.325","2024-25"
"2024-09-10","51013","Arlington","Race and Ethnicity","Latino","5,259","4,873","13,265","12,335","13.3%","33.8%","2023-24"
"2026-04-13","51013","Arlington","Age_Group","Male","0","0","0","0","0","0","2025-26"
"2026-04-13","51013","Arlington","Race and Ethnicity","Male","0","0","0","0","0","0","2025-26"
"2026-04-13","51013","Arlington","Sex","Male","21116","18715","34978","34268","0","0","2025-26"
"2025-10-07","51013","Arlington","Sex","Male","29672","27042","41732","40542","0","0","2024-25"
"2024-09-10","51013","Arlington","Sex","Male","32,763","28,629","46,024","42,370","24.3%","35.9%","2023-24"
"2026-04-13","51013","Arlington","Race and Ethnicity","Native American","0","0","0","0","0","0","2025-26"
"2024-09-10","51013","Arlington","Race and Ethnicity","Native American","1,092","905","1,290","1,170","216.5%","279.9%","2023-24"
"2025-10-07","51013","Arlington","Race and Ethnicity","Native American","1093","972","1333","1301","2.325","3.112","2024-25"
"2026-04-13","51013","Arlington","Race and Ethnicity","Not Reported","0","0","0","0","0","0","2025-26"
"2026-04-13","51013","Arlington","Sex","Not Reported","0","0","0","0","0","0","2025-26"
"2024-09-10","51013","Arlington","Sex","Not Reported","2","2","20","19","","","2023-24"
"2024-09-10","51013","Arlington","Race and Ethnicity","Not Reported","2,318","1,936","6,035","5,155","","","2023-24"
"2025-10-07","51013","Arlington","Race and Ethnicity","Not Reported","2053","1832","5583","4904","0.008","0.021","2024-25"
"2026-04-13","51013","Arlington","Race and Ethnicity","Other Race","0","0","0","0","0","0","2025-26"
"2024-09-10","51013","Arlington","Race and Ethnicity","Other Race","1,096","1,026","2,310","2,140","13.5%","28.2%","2023-24"
"2025-10-07","51013","Arlington","Race and Ethnicity","Other Race","1521","1444","2745","2654","0.19","0.35","2024-25"
"2026-04-13","51013","Arlington","Age_Group","Unknown","0","0","0","0","0","0","2025-26"
"2026-04-13","51013","Arlington","Race and Ethnicity","Unknown","0","0","0","0","0","0","2025-26"
"2026-04-13","51013","Arlington","Sex","UNKNOWN","5","5","9","9","0","0","2025-26"
"2025-10-07","51013","Arlington","Sex","UNKNOWN","9","9","15","14","0","0","2024-25"
"2026-04-13","51013","Arlington","Race and Ethnicity","White","0","0","0","0","0","0","2025-26"
"2025-10-07","51013","Arlington","Race and Ethnicity","White","44340","39852","52836","51929","0.284","0.371","2024-25"
"2024-09-10","51013","Arlington","Race and Ethnicity","White","49,448","42,503","58,957","54,812","30.3%","39.1%","2023-24"
"2026-04-13","51015","Augusta","Age_Group","0-4","0","0","0","0","0","0","2025-26"
"2024-09-10","51015","Augusta","Age_Group","0-4","122","92","1,562","1,230","2.9%","38.6%","2023-24"
"2025-10-07","51015","Augusta","Age_Group","0-4","42","35","1383","1096","0.011","0.344","2024-25"
"2026-04-13","51015","Augusta","Age_Group","12-17","0","0","0","0","0","0","2025-26"
"2025-10-07","51015","Augusta","Age_Group","12-17","144","142","967","964","0.027","0.186","2024-25"
"2024-09-10","51015","Augusta","Age_Group","12-17","151","149","1,068","1,047","2.9%","20.2%","2023-24"
"2026-04-13","51015","Augusta","Age_Group","18-30","0","0","0","0","0","0","2025-26"
"2024-09-10","51015","Augusta","Age_Group","18-30","289","286","1,747","1,683","2.5%","14.6%","2023-24"
"2025-10-07","51015","Augusta","Age_Group","18-30","302","297","1567","1555","0.026","0.135","2024-25"
"2026-04-13","51015","Augusta","Age_Group","31-49","0","0","0","0","0","0","2025-26"
"2024-09-10","51015","Augusta","Age_Group","31-49","759","736","3,762","3,615","4.1%","20.3%","2023-24"
"2026-04-13","51023","Botetourt","Age_Group","31-49","0","0","0","0","0","0","2025-26"
"2025-10-07","51023","Botetourt","Age_Group","31-49","291","286","1348","1343","0.039","0.185","2024-25"
"2024-09-10","51023","Botetourt","Age_Group","31-49","343","333","1,616","1,562","4.6%","21.5%","2023-24"
"2026-04-13","51023","Botetourt","Age_Group","50-64","0","0","0","0","0","0","2025-26"
"2025-10-07","51023","Botetourt","Age_Group","50-64","717","701","2211","2197","0.088","0.276","2024-25"
"2024-09-10","51023","Botetourt","Age_Group","50-64","900","850","2,737","2,619","10.7%","32.9%","2023-24"
"2026-04-13","51023","Botetourt","Age_Group","5-11","0","0","0","0","0","0","2025-26"
"2025-10-07","51023","Botetourt","Age_Group","5-11","36","36","486","485","0.014","0.195","2024-25"
"2024-09-10","51023","Botetourt","Age_Group","5-11","62","59","511","503","2.4%","20.2%","2023-24"
"2026-04-13","51023","Botetourt","Age_Group","65+","0","0","0","0","0","0","2025-26"
"2024-09-10","51023","Botetourt","Age_Group","65+","2,572","2,280","5,296","4,891","27.4%","58.7%","2023-24"
"2025-10-07","51023","Botetourt","Age_Group","65+","2770","2416","4652","4608","0.29","0.553","2024-25"
"2026-04-13","51023","Botetourt","Race and Ethnicity","Asian or Pacific Islander","0","0","0","0","0","0","2025-26"
"2024-09-10","51023","Botetourt","Race and Ethnicity","Asian or Pacific Islander","64","60","152","144","17.6%","42.4%","2023-24"
"2025-10-07","51023","Botetourt","Race and Ethnicity","Asian or Pacific Islander","67","63","161","158","0.185","0.465","2024-25"
"2026-04-13","51023","Botetourt","Race and Ethnicity","Black","0","0","0","0","0","0","2025-26"
"2024-09-10","51023","Botetourt","Race and Ethnicity","Black","181","169","352","328","16.0%","31.0%","2023-24"
"2025-10-07","51023","Botetourt","Race and Ethnicity","Black","186","172","328","321","0.163","0.304","2024-25"
"2026-04-13","51023","Botetourt","Age_Group","Female","0","0","0","0","0","0","2025-26"
"2026-04-13","51023","Botetourt","Race and Ethnicity","Female","0","0","0","0","0","0","2025-26"
"2026-04-13","51023","Botetourt","Sex","Female","1040","1026","5166","5093","0","0","2025-26"
"2024-09-10","51023","Botetourt","Sex","Female","2,380","2,176","6,870","6,455","12.7%","37.7%","2023-24"
"2025-10-07","51023","Botetourt","Sex","Female","2217","2006","5878","5783","0","0","2024-25"
"2026-04-13","51023","Botetourt","Race and Ethnicity","Latino","0","0","0","0","0","0","2025-26"
"2025-10-07","51023","Botetourt","Race and Ethnicity","Latino","47","45","173","169","0.061","0.229","2024-25"
"2024-09-10","51023","Botetourt","Race and Ethnicity","Latino","53","50","203","191","6.8%","25.9%","2023-24"
"2026-04-13","51023","Botetourt","Age_Group","Male","0","0","0","0","0","0","2025-26"
"2026-04-13","51023","Botetourt","Race and Ethnicity","Male","0","0","0","0","0","0","2025-26"
"2024-09-10","51023","Botetourt","Sex","Male","1,780","1,615","5,211","4,871","9.5%","28.6%","2023-24"
"2025-10-07","51023","Botetourt","Sex","Male","1799","1628","4477","4396","0","0","2024-25"
"2026-04-13","51023","Botetourt","Sex","Male","848","829","3907","3831","0","0","2025-26"
"2026-04-13","51023","Botetourt","Race and Ethnicity","Native American","0","0","0","0","0","0","2025-26"
"2024-09-10","51023","Botetourt","Race and Ethnicity","Native American","57","52","106","98","55.9%","105.4%","2023-24"
"2025-10-07","51023","Botetourt","Race and Ethnicity","Native American","61","51","119","119","0.548","1.28","2024-25"
"2024-09-10","51023","Botetourt","Sex","Not Reported","0","0","4","4","","","2023-24"
"2026-04-13","51023","Botetourt","Race and Ethnicity","Not Reported","0","0","0","0","0","0","2025-26"
"2026-04-13","51023","Botetourt","Sex","Not Reported","0","0","0","0","0","0","2025-26"
"2024-09-10","51023","Botetourt","Race and Ethnicity","Not Reported","130","120","1,614","1,476","","","2023-24"
"2025-10-07","51023","Botetourt","Race and Ethnicity","Not Reported","64","63","1112","1026","0.002","0.03","2024-25"
"2026-04-13","51023","Botetourt","Race and Ethnicity","Other Race","0","0","0","0","0","0","2025-26"
"2024-09-10","51023","Botetourt","Race and Ethnicity","Other Race","18","18","83","78","3.3%","14.4%","2023-24"
"2025-10-07","51023","Botetourt","Race and Ethnicity","Other Race","33","27","90","90","0.05","0.166","2024-25"
"2026-04-13","51023","Botetourt","Age_Group","Unknown","0","0","0","0","0","0","2025-26"
"2026-04-13","51023","Botetourt","Race and Ethnicity","Unknown","0","0","0","0","0","0","2025-26"
"2026-04-13","51023","Botetourt","Sex","UNKNOWN","0","0","3","3","0","0","2025-26"
"2026-04-13","51023","Botetourt","Race and Ethnicity","White","0","0","0","0","0","0","2025-26"
"2024-09-10","51023","Botetourt","Race and Ethnicity","White","3,657","3,322","9,575","9,015","10.6%","28.7%","2023-24"
"2025-10-07","51023","Botetourt","Race and Ethnicity","White","3558","3213","8372","8296","0.102","0.264","2024-25"
"2025-10-07","51015","Augusta","Age_Group","31-49","767","747","3259","3240","0.042","0.182","2024-25"
"2026-04-13","51025","Brunswick","Age_Group","0-4","0","0","0","0","0","0","2025-26"
"2026-04-13","51015","Augusta","Age_Group","50-64","0","0","0","0","0","0","2025-26"
"2025-10-07","51025","Brunswick","Age_Group","0-4","1","1","125","109","0.001","0.156","2024-25"
"2024-09-10","51015","Augusta","Age_Group","50-64","1,749","1,692","5,861","5,607","10.0%","33.2%","2023-24"
"2024-09-10","51025","Brunswick","Age_Group","0-4","3","1","136","108","0.1%","15.4%","2023-24"
"2025-10-07","51015","Augusta","Age_Group","50-64","1568","1523","4919","4876","0.09","0.289","2024-25"
"2026-04-13","51025","Brunswick","Age_Group","12-17","0","0","0","0","0","0","2025-26"
"2026-04-13","51015","Augusta","Age_Group","5-11","0","0","0","0","0","0","2025-26"
"2024-09-10","51025","Brunswick","Age_Group","12-17","2","2","86","85","0.2%","9.8%","2023-24"
"2025-10-07","51025","Brunswick","Age_Group","12-17","6","6","59","59","0.007","0.068","2024-25"
"2024-09-10","51015","Augusta","Age_Group","5-11","133","131","1,358","1,348","2.3%","24.0%","2023-24"
"2026-04-13","51025","Brunswick","Age_Group","18-30","0","0","0","0","0","0","2025-26"
"2025-10-07","51015","Augusta","Age_Group","5-11","144","142","1261","1256","0.025","0.224","2024-25"
"2025-10-07","51025","Brunswick","Age_Group","18-30","24","24","158","155","0.009","0.056","2024-25"
"2026-04-13","51015","Augusta","Age_Group","65+","0","0","0","0","0","0","2025-26"
"2024-09-10","51025","Brunswick","Age_Group","18-30","35","34","241","235","1.2%","8.4%","2023-24"
"2024-09-10","51015","Augusta","Age_Group","65+","5,296","4,672","11,835","10,959","26.2%","61.4%","2023-24"
"2026-04-13","51025","Brunswick","Age_Group","31-49","0","0","0","0","0","0","2025-26"
"2025-10-07","51015","Augusta","Age_Group","65+","5131","4680","10335","10203","0.262","0.572","2024-25"
"2024-09-10","51025","Brunswick","Age_Group","31-49","105","102","659","646","2.8%","17.5%","2023-24"
"2026-04-13","51015","Augusta","Race and Ethnicity","Asian or Pacific Islander","0","0","0","0","0","0","2025-26"
"2025-10-07","51025","Brunswick","Age_Group","31-49","80","80","406","402","0.022","0.109","2024-25"
"2025-10-07","51015","Augusta","Race and Ethnicity","Asian or Pacific Islander","138","132","350","342","0.249","0.645","2024-25"
"2026-04-13","51025","Brunswick","Age_Group","50-64","0","0","0","0","0","0","2025-26"
"2024-09-10","51015","Augusta","Race and Ethnicity","Asian or Pacific Islander","153","138","370","340","26.0%","64.2%","2023-24"
"2025-10-07","51025","Brunswick","Age_Group","50-64","282","275","886","879","0.084","0.268","2024-25"
"2026-04-13","51015","Augusta","Race and Ethnicity","Black","0","0","0","0","0","0","2025-26"
"2024-09-10","51025","Brunswick","Age_Group","50-64","366","342","1,076","1,021","10.4%","31.2%","2023-24"
"2024-09-10","51015","Augusta","Race and Ethnicity","Black","346","313","999","924","8.6%","25.4%","2023-24"
"2026-04-13","51025","Brunswick","Age_Group","5-11","0","0","0","0","0","0","2025-26"
"2025-10-07","51015","Augusta","Race and Ethnicity","Black","364","339","882","852","0.093","0.234","2024-25"
"2025-10-07","51025","Brunswick","Age_Group","5-11","0","0","82","82","0","0.086","2024-25"
"2026-04-13","51015","Augusta","Age_Group","Female","0","0","0","0","0","0","2025-26"
"2024-09-10","51025","Brunswick","Age_Group","5-11","0","0","116","115","0.0%","12.1%","2023-24"
"2026-04-13","51025","Brunswick","Age_Group","65+","0","0","0","0","0","0","2025-26"
"2026-04-13","51015","Augusta","Race and Ethnicity","Female","0","0","0","0","0","0","2025-26"
"2024-09-10","51025","Brunswick","Age_Group","65+","1,048","976","2,043","1,863","27.3%","52.1%","2023-24"
"2026-04-13","51015","Augusta","Sex","Female","2264","2187","11931","11711","0","0","2025-26"
"2025-10-07","51025","Brunswick","Age_Group","65+","940","895","1721","1699","0.25","0.475","2024-25"
"2024-09-10","51015","Augusta","Sex","Female","4,839","4,416","15,280","14,342","11.5%","37.4%","2023-24"
"2026-04-13","51025","Brunswick","Race and Ethnicity","Asian or Pacific Islander","0","0","0","0","0","0","2025-26"
"2025-10-07","51015","Augusta","Sex","Female","4492","4194","13490","13224","0","0","2024-25"
"2025-10-07","51025","Brunswick","Race and Ethnicity","Asian or Pacific Islander","11","11","23","22","0.065","0.129","2024-25"
"2026-04-13","51015","Augusta","Race and Ethnicity","Latino","0","0","0","0","0","0","2025-26"
"2024-09-10","51025","Brunswick","Race and Ethnicity","Asian or Pacific Islander","6","5","15","15","2.9%","8.8%","2023-24"
"2025-10-07","51015","Augusta","Race and Ethnicity","Latino","203","197","748","724","0.066","0.241","2024-25"
"2026-04-13","51025","Brunswick","Race and Ethnicity","Black","0","0","0","0","0","0","2025-26"
"2024-09-10","51015","Augusta","Race and Ethnicity","Latino","234","216","807","751","7.2%","25.0%","2023-24"
"2025-10-07","51025","Brunswick","Race and Ethnicity","Black","763","739","1606","1578","0.088","0.188","2024-25"
"2026-04-13","51015","Augusta","Age_Group","Male","0","0","0","0","0","0","2025-26"
"2026-04-13","51015","Augusta","Race and Ethnicity","Male","0","0","0","0","0","0","2025-26"
"2026-04-13","51015","Augusta","Sex","Male","1846","1789","8842","8619","0","0","2025-26"
"2024-09-10","51015","Augusta","Sex","Male","3,659","3,341","11,886","11,120","8.4%","28.0%","2023-24"
"2025-10-07","51015","Augusta","Sex","Male","3601","3367","10167","9932","0","0","2024-25"
"2026-04-13","51015","Augusta","Race and Ethnicity","Native American","0","0","0","0","0","0","2025-26"
"2025-10-07","51015","Augusta","Race and Ethnicity","Native American","57","51","127","125","0.271","0.665","2024-25"
"2024-09-10","51015","Augusta","Race and Ethnicity","Native American","66","59","146","132","31.4%","70.2%","2023-24"
"2026-04-13","51015","Augusta","Race and Ethnicity","Not Reported","0","0","0","0","0","0","2025-26"
"2026-04-13","51015","Augusta","Sex","Not Reported","0","0","0","0","0","0","2025-26"
"2024-09-10","51015","Augusta","Sex","Not Reported","1","1","27","27","","","2023-24"
"2024-09-10","51015","Augusta","Race and Ethnicity","Not Reported","168","160","1,521","1,459","","","2023-24"
"2025-10-07","51015","Augusta","Race and Ethnicity","Not Reported","96","93","707","698","0.001","0.009","2024-25"
"2025-10-07","51015","Augusta","Sex","OTHER","0","0","1","1","0","0","2024-25"
"2026-04-13","51015","Augusta","Race and Ethnicity","Other Race","0","0","0","0","0","0","2025-26"
"2024-09-10","51015","Augusta","Race and Ethnicity","Other Race","35","28","197","187","2.3%","15.6%","2023-24"
"2025-10-07","51015","Augusta","Race and Ethnicity","Other Race","35","33","153","151","0.028","0.126","2024-25"
"2026-04-13","51015","Augusta","Age_Group","Unknown","0","0","0","0","0","0","2025-26"
"2026-04-13","51015","Augusta","Race and Ethnicity","Unknown","0","0","0","0","0","0","2025-26"
"2026-04-13","51015","Augusta","Sex","UNKNOWN","0","0","21","21","0","0","2025-26"
"2025-10-07","51015","Augusta","Sex","UNKNOWN","5","5","33","33","0","0","2024-25"
"2026-04-13","51015","Augusta","Race and Ethnicity","White","0","0","0","0","0","0","2025-26"
"2024-09-10","51015","Augusta","Race and Ethnicity","White","7,497","6,844","23,153","21,696","9.8%","31.2%","2023-24"
"2025-10-07","51015","Augusta","Race and Ethnicity","White","7205","6721","20724","20298","0.097","0.292","2024-25"
"2026-04-13","51017","Bath","Age_Group","0-4","0","0","0","0","0","0","2025-26"
"2025-10-07","51017","Bath","Age_Group","0-4","0","0","35","27","0","0.129","2024-25"
"2024-09-10","51017","Bath","Age_Group","0-4","1","1","50","38","0.5%","18.1%","2023-24"
"2026-04-13","51017","Bath","Age_Group","12-17","0","0","0","0","0","0","2025-26"
"2025-10-07","51017","Bath","Age_Group","12-17","2","2","22","22","0.011","0.12","2024-25"
"2024-09-10","51017","Bath","Age_Group","12-17","4","4","32","31","2.2%","16.9%","2023-24"
"2026-04-13","51017","Bath","Age_Group","18-30","0","0","0","0","0","0","2025-26"
"2024-09-10","51017","Bath","Age_Group","18-30","12","11","52","50","2.4%","10.9%","2023-24"
"2025-10-07","51017","Bath","Age_Group","18-30","6","6","45","45","0.013","0.098","2024-25"
"2026-04-13","51017","Bath","Age_Group","31-49","0","0","0","0","0","0","2025-26"
"2025-10-07","51017","Bath","Age_Group","31-49","12","12","68","68","0.016","0.089","2024-25"
"2024-09-10","51017","Bath","Age_Group","31-49","15","14","73","69","1.8%","9.0%","2023-24"
"2026-04-13","51017","Bath","Age_Group","50-64","0","0","0","0","0","0","2025-26"
"2025-10-07","51017","Bath","Age_Group","50-64","60","59","164","163","0.063","0.173","2024-25"
"2024-09-10","51017","Bath","Age_Group","50-64","61","59","219","211","6.3%","22.4%","2023-24"
"2026-04-13","51017","Bath","Age_Group","5-11","0","0","0","0","0","0","2025-26"
"2025-10-07","51017","Bath","Age_Group","5-11","2","2","32","32","0.008","0.131","2024-25"
"2024-09-10","51017","Bath","Age_Group","5-11","2","2","37","37","0.8%","15.2%","2023-24"
"2026-04-13","51017","Bath","Age_Group","65+","0","0","0","0","0","0","2025-26"
"2024-09-10","51017","Bath","Age_Group","65+","202","189","534","510","16.0%","43.1%","2023-24"
"2025-10-07","51017","Bath","Age_Group","65+","219","196","372","368","0.166","0.311","2024-25"
"2026-04-13","51017","Bath","Race and Ethnicity","Asian or Pacific Islander","0","0","0","0","0","0","2025-26"
"2024-09-10","51017","Bath","Race and Ethnicity","Asian or Pacific Islander","3","3","13","13","300.0%","1300.0%","2023-24"
"2025-10-07","51017","Bath","Race and Ethnicity","Asian or Pacific Islander","4","4","7","7","4","7","2024-25"
"2026-04-13","51017","Bath","Race and Ethnicity","Black","0","0","0","0","0","0","2025-26"
"2025-10-07","51017","Bath","Race and Ethnicity","Black","11","9","16","16","0.061","0.109","2024-25"
"2024-09-10","51017","Bath","Race and Ethnicity","Black","7","7","24","24","4.8%","16.3%","2023-24"
"2026-04-13","51017","Bath","Age_Group","Female","0","0","0","0","0","0","2025-26"
"2024-09-10","51025","Brunswick","Race and Ethnicity","Black","892","836","2,072","1,909","9.9%","22.7%","2023-24"
"2026-04-13","51025","Brunswick","Age_Group","Female","0","0","0","0","0","0","2025-26"
"2026-04-13","51025","Brunswick","Race and Ethnicity","Female","0","0","0","0","0","0","2025-26"
"2026-04-13","51025","Brunswick","Sex","Female","428","376","1473","1452","0","0","2025-26"
"2025-10-07","51025","Brunswick","Sex","Female","750","719","1757","1731","0","0","2024-25"
"2024-09-10","51025","Brunswick","Sex","Female","885","826","2,224","2,071","11.4%","28.6%","2023-24"
"2026-04-13","51025","Brunswick","Race and Ethnicity","Latino","0","0","0","0","0","0","2025-26"
"2025-10-07","51025","Brunswick","Race and Ethnicity","Latino","31","30","68","65","0.072","0.156","2024-25"
"2024-09-10","51025","Brunswick","Race and Ethnicity","Latino","31","30","97","97","7.2%","23.3%","2023-24"
"2026-04-13","51025","Brunswick","Age_Group","Male","0","0","0","0","0","0","2025-26"
"2026-04-13","51025","Brunswick","Race and Ethnicity","Male","0","0","0","0","0","0","2025-26"
"2026-04-13","51025","Brunswick","Sex","Male","308","275","987","977","0","0","2025-26"
"2025-10-07","51025","Brunswick","Sex","Male","583","562","1680","1654","0","0","2024-25"
"2024-09-10","51025","Brunswick","Sex","Male","674","631","2,131","2,000","7.3%","23.2%","2023-24"
"2026-04-13","51025","Brunswick","Race and Ethnicity","Native American","0","0","0","0","0","0","2025-26"
"2025-10-07","51025","Brunswick","Race and Ethnicity","Native American","1","1","6","6","0.03","0.182","2024-25"
"2024-09-10","51025","Brunswick","Race and Ethnicity","Native American","3","3","7","7","9.1%","21.2%","2023-24"
"2024-09-10","51025","Brunswick","Sex","Not Reported","0","0","2","2","","","2023-24"
"2026-04-13","51025","Brunswick","Race and Ethnicity","Not Reported","0","0","0","0","0","0","2025-26"
"2026-04-13","51025","Brunswick","Sex","Not Reported","0","0","0","0","0","0","2025-26"
"2024-09-10","51025","Brunswick","Race and Ethnicity","Not Reported","21","20","336","329","","","2023-24"
"2025-10-07","51025","Brunswick","Race and Ethnicity","Not Reported","6","6","210","207","0","0.013","2024-25"
"2026-04-13","51025","Brunswick","Race and Ethnicity","Other Race","0","0","0","0","0","0","2025-26"
"2024-09-10","51025","Brunswick","Race and Ethnicity","Other Race","4","4","30","25","1.8%","11.0%","2023-24"
"2025-10-07","51025","Brunswick","Race and Ethnicity","Other Race","5","3","19","18","0.013","0.079","2024-25"
"2026-04-13","51025","Brunswick","Age_Group","Unknown","0","0","0","0","0","0","2025-26"
"2026-04-13","51025","Brunswick","Race and Ethnicity","Unknown","0","0","0","0","0","0","2025-26"
"2026-04-13","51025","Brunswick","Sex","Unknown","0","0","0","0","0","0","2025-26"
"2026-04-13","51025","Brunswick","Race and Ethnicity","White","0","0","0","0","0","0","2025-26"
"2025-10-07","51025","Brunswick","Race and Ethnicity","White","516","491","1505","1489","0.074","0.225","2024-25"
"2024-09-10","51025","Brunswick","Race and Ethnicity","White","602","559","1,800","1,691","8.5%","25.6%","2023-24"
"2026-04-13","51027","Buchanan","Age_Group","0-4","0","0","0","0","0","0","2025-26"
"2025-10-07","51027","Buchanan","Age_Group","0-4","0","0","51","47","0","0.059","2024-25"
"2024-09-10","51027","Buchanan","Age_Group","0-4","0","0","68","62","0.0%","7.8%","2023-24"
"2026-04-13","51027","Buchanan","Age_Group","12-17","0","0","0","0","0","0","2025-26"
"2025-10-07","51027","Buchanan","Age_Group","12-17","0","0","140","140","0","0.118","2024-25"
"2024-09-10","51027","Buchanan","Age_Group","12-17","7","7","160","159","0.6%","13.4%","2023-24"
"2026-04-13","51027","Buchanan","Age_Group","18-30","0","0","0","0","0","0","2025-26"
"2025-10-07","51027","Buchanan","Age_Group","18-30","16","16","180","178","0.006","0.066","2024-25"
"2024-09-10","51027","Buchanan","Age_Group","18-30","38","37","256","253","1.4%","9.4%","2023-24"
"2026-04-13","51027","Buchanan","Age_Group","31-49","0","0","0","0","0","0","2025-26"
"2025-10-07","51027","Buchanan","Age_Group","31-49","33","33","404","401","0.008","0.093","2024-25"
"2024-09-10","51027","Buchanan","Age_Group","31-49","90","83","710","686","1.9%","15.9%","2023-24"
"2026-04-13","51027","Buchanan","Age_Group","50-64","0","0","0","0","0","0","2025-26"
"2025-10-07","51027","Buchanan","Age_Group","50-64","100","100","695","682","0.023","0.156","2024-25"
"2024-09-10","51027","Buchanan","Age_Group","50-64","198","193","1,141","1,069","4.4%","24.5%","2023-24"
"2026-04-13","51027","Buchanan","Age_Group","5-11","0","0","0","0","0","0","2025-26"
"2025-10-07","51027","Buchanan","Age_Group","5-11","0","0","107","107","0","0.087","2024-25"
"2024-09-10","51027","Buchanan","Age_Group","5-11","5","5","126","126","0.4%","10.3%","2023-24"
"2026-04-13","51027","Buchanan","Age_Group","65+","0","0","0","0","0","0","2025-26"
"2025-10-07","51027","Buchanan","Age_Group","65+","279","273","1127","1106","0.058","0.235","2024-25"
"2024-09-10","51027","Buchanan","Age_Group","65+","541","522","1,895","1,780","11.1%","37.8%","2023-24"
"2026-04-13","51027","Buchanan","Race and Ethnicity","Asian or Pacific Islander","0","0","0","0","0","0","2025-26"
"2026-04-13","51017","Bath","Race and Ethnicity","Female","0","0","0","0","0","0","2025-26"
"2024-09-10","51027","Buchanan","Race and Ethnicity","Asian or Pacific Islander","2","2","27","25","2.6%","32.1%","2023-24"
"2025-10-07","51017","Bath","Sex","Female","149","137","404","398","0","0","2024-25"
"2025-10-07","51027","Buchanan","Race and Ethnicity","Asian or Pacific Islander","5","5","11","11","0.064","0.141","2024-25"
"2024-09-10","51017","Bath","Sex","Female","165","155","536","513","8.0%","26.4%","2023-24"
"2026-04-13","51027","Buchanan","Race and Ethnicity","Black","0","0","0","0","0","0","2025-26"
"2026-04-13","51017","Bath","Sex","Female","63","63","332","329","0","0","2025-26"
"2025-10-07","51027","Buchanan","Race and Ethnicity","Black","0","0","128","126","0","0.151","2024-25"
"2026-04-13","51017","Bath","Race and Ethnicity","Latino","0","0","0","0","0","0","2025-26"
"2024-09-10","51027","Buchanan","Race and Ethnicity","Black","4","4","110","110","0.5%","13.2%","2023-24"
"2025-10-07","51017","Bath","Race and Ethnicity","Latino","1","1","3","3","0.014","0.041","2024-25"
"2026-04-13","51027","Buchanan","Age_Group","Female","0","0","0","0","0","0","2025-26"
"2024-09-10","51017","Bath","Race and Ethnicity","Latino","6","5","10","10","6.8%","13.5%","2023-24"
"2026-04-13","51027","Buchanan","Race and Ethnicity","Female","0","0","0","0","0","0","2025-26"
"2026-04-13","51017","Bath","Age_Group","Male","0","0","0","0","0","0","2025-26"
"2025-10-07","51027","Buchanan","Sex","Female","209","206","1275","1255","0","0","2024-25"
"2026-04-13","51017","Bath","Race and Ethnicity","Male","0","0","0","0","0","0","2025-26"
"2024-09-10","51027","Buchanan","Sex","Female","446","432","2,095","1,972","4.7%","21.3%","2023-24"
"2024-09-10","51017","Bath","Sex","Male","132","125","461","433","6.1%","21.2%","2023-24"
"2025-10-07","51017","Bath","Sex","Male","152","140","333","326","0","0","2024-25"
"2026-04-13","51027","Buchanan","Sex","Female","81","79","1104","1086","0","0","2025-26"
"2026-04-13","51027","Buchanan","Race and Ethnicity","Latino","0","0","0","0","0","0","2025-26"
"2026-04-13","51017","Bath","Sex","Male","57","57","273","266","0","0","2025-26"
"2025-10-07","51027","Buchanan","Race and Ethnicity","Latino","1","1","25","24","0.006","0.139","2024-25"
"2026-04-13","51017","Bath","Race and Ethnicity","Native American","0","0","0","0","0","0","2025-26"
"2024-09-10","51027","Buchanan","Race and Ethnicity","Latino","5","4","48","45","2.3%","26.0%","2023-24"
"2026-04-13","51027","Buchanan","Age_Group","Male","0","0","0","0","0","0","2025-26"
"2026-04-13","51027","Buchanan","Race and Ethnicity","Male","0","0","0","0","0","0","2025-26"
"2025-10-07","51027","Buchanan","Sex","Male","218","215","1428","1405","0","0","2024-25"
"2024-09-10","51027","Buchanan","Sex","Male","433","415","2,261","2,163","4.1%","21.6%","2023-24"
"2026-04-13","51027","Buchanan","Sex","Male","97","96","992","975","0","0","2025-26"
"2026-04-13","51027","Buchanan","Race and Ethnicity","Native American","0","0","0","0","0","0","2025-26"
"2025-10-07","51027","Buchanan","Race and Ethnicity","Native American","2","2","9","9","0.2","0.9","2024-25"
"2024-09-10","51027","Buchanan","Race and Ethnicity","Native American","4","4","8","8","40.0%","80.0%","2023-24"
"2026-04-13","51027","Buchanan","Race and Ethnicity","Not Reported","0","0","0","0","0","0","2025-26"
"2024-09-10","51027","Buchanan","Race and Ethnicity","Not Reported","46","44","643","638","","","2023-24"
"2025-10-07","51027","Buchanan","Race and Ethnicity","Not Reported","9","9","269","268","0","0.014","2024-25"
"2026-04-13","51027","Buchanan","Race and Ethnicity","Other Race","0","0","0","0","0","0","2025-26"
"2025-10-07","51027","Buchanan","Race and Ethnicity","Other Race","11","11","32","32","0.076","0.221","2024-25"
"2024-09-10","51027","Buchanan","Race and Ethnicity","Other Race","7","7","48","45","4.8%","31.0%","2023-24"
"2026-04-13","51027","Buchanan","Age_Group","Unknown","0","0","0","0","0","0","2025-26"
"2026-04-13","51027","Buchanan","Race and Ethnicity","Unknown","0","0","0","0","0","0","2025-26"
"2026-04-13","51027","Buchanan","Sex","Unknown","0","0","0","0","0","0","2025-26"
"2025-10-07","51027","Buchanan","Sex","UNKNOWN","1","1","1","1","0","0","2024-25"
"2026-04-13","51027","Buchanan","Race and Ethnicity","White","0","0","0","0","0","0","2025-26"
"2025-10-07","51027","Buchanan","Race and Ethnicity","White","400","394","2230","2191","0.022","0.121","2024-25"
"2024-09-10","51027","Buchanan","Race and Ethnicity","White","811","782","3,472","3,264","4.3%","18.1%","2023-24"
"2026-04-13","51029","Buckingham","Age_Group","0-4","0","0","0","0","0","0","2025-26"
"2025-10-07","51029","Buckingham","Age_Group","0-4","13","10","216","175","0.014","0.238","2024-25"
"2026-04-13","51041","Chesterfield","Race and Ethnicity","White","0","0","0","0","0","0","2025-26"
"2025-10-07","51041","Chesterfield","Race and Ethnicity","White","31258","29444","67844","66578","0.134","0.303","2024-25"
"2024-09-10","51041","Chesterfield","Race and Ethnicity","White","35,989","32,240","73,723","69,438","14.7%","31.6%","2023-24"
"2026-04-13","51043","Clarke","Age_Group","0-4","0","0","0","0","0","0","2025-26"
"2025-10-07","51043","Clarke","Age_Group","0-4","24","21","246","197","0.033","0.313","2024-25"
"2024-09-10","51043","Clarke","Age_Group","0-4","25","19","290","224","3.0%","35.6%","2023-24"
"2026-04-13","51043","Clarke","Age_Group","12-17","0","0","0","0","0","0","2025-26"
"2025-10-07","51043","Clarke","Age_Group","12-17","38","38","204","203","0.035","0.186","2024-25"
"2024-09-10","51043","Clarke","Age_Group","12-17","57","54","205","200","5.0%","18.4%","2023-24"
"2026-04-13","51043","Clarke","Age_Group","18-30","0","0","0","0","0","0","2025-26"
"2025-10-07","51043","Clarke","Age_Group","18-30","88","87","291","289","0.042","0.139","2024-25"
"2024-09-10","51043","Clarke","Age_Group","18-30","98","94","261","250","4.5%","12.0%","2023-24"
"2026-04-13","51043","Clarke","Age_Group","31-49","0","0","0","0","0","0","2025-26"
"2025-10-07","51043","Clarke","Age_Group","31-49","179","178","508","506","0.056","0.16","2024-25"
"2024-09-10","51043","Clarke","Age_Group","31-49","188","184","507","500","5.8%","15.8%","2023-24"
"2026-04-13","51043","Clarke","Age_Group","50-64","0","0","0","0","0","0","2025-26"
"2025-10-07","51043","Clarke","Age_Group","50-64","377","364","822","819","0.101","0.228","2024-25"
"2024-09-10","51043","Clarke","Age_Group","50-64","495","467","1,001","966","13.0%","26.9%","2023-24"
"2026-04-13","51043","Clarke","Age_Group","5-11","0","0","0","0","0","0","2025-26"
"2025-10-07","51043","Clarke","Age_Group","5-11","27","27","216","214","0.024","0.188","2024-25"
"2024-09-10","51043","Clarke","Age_Group","5-11","39","39","245","240","3.4%","21.1%","2023-24"
"2026-04-13","51043","Clarke","Age_Group","65+","0","0","0","0","0","0","2025-26"
"2024-09-10","51043","Clarke","Age_Group","65+","1,263","1,109","1,962","1,849","31.5%","52.6%","2023-24"
"2025-10-07","51043","Clarke","Age_Group","65+","1185","1075","1803","1777","0.306","0.505","2024-25"
"2026-04-13","51043","Clarke","Race and Ethnicity","Asian or Pacific Islander","0","0","0","0","0","0","2025-26"
"2025-10-07","51043","Clarke","Race and Ethnicity","Asian or Pacific Islander","41","41","86","84","0.206","0.422","2024-25"
"2024-09-10","51043","Clarke","Race and Ethnicity","Asian or Pacific Islander","52","50","95","91","25.1%","45.7%","2023-24"
"2026-04-13","51043","Clarke","Race and Ethnicity","Black","0","0","0","0","0","0","2025-26"
"2025-10-07","51043","Clarke","Race and Ethnicity","Black","81","80","169","161","0.128","0.257","2024-25"
"2024-09-10","51043","Clarke","Race and Ethnicity","Black","86","83","193","188","13.3%","30.0%","2023-24"
"2026-04-13","51043","Clarke","Age_Group","Female","0","0","0","0","0","0","2025-26"
"2026-04-13","51043","Clarke","Race and Ethnicity","Female","0","0","0","0","0","0","2025-26"
"2024-09-10","51043","Clarke","Sex","Female","1,219","1,111","2,526","2,388","14.5%","31.1%","2023-24"
"2025-10-07","51043","Clarke","Sex","Female","1097","1027","2347","2299","0","0","2024-25"
"2026-04-13","51043","Clarke","Sex","Female","646","618","2176","2132","0","0","2025-26"
"2026-04-13","51043","Clarke","Race and Ethnicity","Latino","0","0","0","0","0","0","2025-26"
"2025-10-07","51043","Clarke","Race and Ethnicity","Latino","45","43","189","182","0.038","0.159","2024-25"
"2024-09-10","51043","Clarke","Race and Ethnicity","Latino","45","44","193","175","3.8%","15.3%","2023-24"
"2026-04-13","51043","Clarke","Age_Group","Male","0","0","0","0","0","0","2025-26"
"2026-04-13","51043","Clarke","Race and Ethnicity","Male","0","0","0","0","0","0","2025-26"
"2026-04-13","51043","Clarke","Sex","Male","502","475","1552","1519","0","0","2025-26"
"2025-10-07","51043","Clarke","Sex","Male","821","763","1742","1705","0","0","2024-25"
"2024-09-10","51043","Clarke","Sex","Male","946","855","1,945","1,841","11.3%","24.4%","2023-24"
"2026-04-13","51043","Clarke","Race and Ethnicity","Native American","0","0","0","0","0","0","2025-26"
"2025-10-07","51043","Clarke","Race and Ethnicity","Native American","14","13","36","34","0.277","0.723","2024-25"
"2024-09-10","51043","Clarke","Race and Ethnicity","Native American","16","16","27","25","34.0%","53.2%","2023-24"
"2026-04-13","51043","Clarke","Race and Ethnicity","Not Reported","0","0","0","0","0","0","2025-26"
"2026-04-13","51043","Clarke","Sex","Not Reported","0","0","0","0","0","0","2025-26"
"2025-10-07","51043","Clarke","Race and Ethnicity","Not Reported","11","9","160","155","0.001","0.01","2024-25"
"2024-09-10","51043","Clarke","Race and Ethnicity","Not Reported","25","22","269","248","","","2023-24"
"2026-04-13","51043","Clarke","Race and Ethnicity","Other Race","0","0","0","0","0","0","2025-26"
"2025-10-07","51043","Clarke","Race and Ethnicity","Other Race","17","15","46","43","0.042","0.119","2024-25"
"2024-09-10","51043","Clarke","Race and Ethnicity","Other Race","9","8","47","44","2.2%","12.2%","2023-24"
"2026-04-13","51043","Clarke","Age_Group","Unknown","0","0","0","0","0","0","2025-26"
"2026-04-13","51043","Clarke","Race and Ethnicity","Unknown","0","0","0","0","0","0","2025-26"
"2025-10-07","51043","Clarke","Sex","UNKNOWN","0","0","1","1","0","0","2024-25"
"2026-04-13","51043","Clarke","Sex","Unknown","1","1","1","1","0","0","2025-26"
"2026-04-13","51043","Clarke","Race and Ethnicity","White","0","0","0","0","0","0","2025-26"
"2024-09-10","51043","Clarke","Race and Ethnicity","White","1,932","1,743","3,647","3,458","13.6%","26.9%","2023-24"
"2025-10-07","51043","Clarke","Race and Ethnicity","White","1709","1589","3404","3346","0.124","0.261","2024-25"
"2026-04-13","51045","Craig","Age_Group","0-4","0","0","0","0","0","0","2025-26"
"2025-10-07","51045","Craig","Age_Group","0-4","0","0","59","47","0","0.254","2024-25"
"2024-09-10","51045","Craig","Age_Group","0-4","0","0","63","53","0.0%","28.6%","2023-24"
"2026-04-13","51045","Craig","Age_Group","12-17","0","0","0","0","0","0","2025-26"
"2024-09-10","51045","Craig","Age_Group","12-17","3","3","43","43","1.1%","16.1%","2023-24"
"2025-10-07","51045","Craig","Age_Group","12-17","4","4","38","38","0.015","0.142","2024-25"
"2026-04-13","51045","Craig","Age_Group","18-30","0","0","0","0","0","0","2025-26"
"2024-09-10","51045","Craig","Age_Group","18-30","10","10","86","82","1.5%","12.6%","2023-24"
"2025-10-07","51045","Craig","Age_Group","18-30","4","4","60","59","0.006","0.09","2024-25"
"2026-04-13","51045","Craig","Age_Group","31-49","0","0","0","0","0","0","2025-26"
"2025-10-07","51045","Craig","Age_Group","31-49","25","25","149","149","0.026","0.153","2024-25"
"2024-09-10","51045","Craig","Age_Group","31-49","26","26","171","168","2.7%","17.3%","2023-24"
"2026-04-13","51045","Craig","Age_Group","50-64","0","0","0","0","0","0","2025-26"
"2024-09-10","51045","Craig","Age_Group","50-64","75","73","355","345","6.1%","28.8%","2023-24"
"2025-10-07","51045","Craig","Age_Group","50-64","88","84","289","286","0.07","0.238","2024-25"
"2026-04-13","51045","Craig","Age_Group","5-11","0","0","0","0","0","0","2025-26"
"2025-10-07","51045","Craig","Age_Group","5-11","3","3","54","54","0.01","0.178","2024-25"
"2024-09-10","51045","Craig","Age_Group","5-11","4","4","70","70","1.3%","23.1%","2023-24"
"2026-04-13","51045","Craig","Age_Group","65+","0","0","0","0","0","0","2025-26"
"2024-09-10","51045","Craig","Age_Group","65+","224","201","667","638","16.9%","53.7%","2023-24"
"2025-10-07","51045","Craig","Age_Group","65+","258","235","551","541","0.198","0.455","2024-25"
"2026-04-13","51045","Craig","Race and Ethnicity","Asian or Pacific Islander","0","0","0","0","0","0","2025-26"
"2025-10-07","51045","Craig","Race and Ethnicity","Asian or Pacific Islander","2","2","8","8","0.4","1.6","2024-25"
"2024-09-10","51045","Craig","Race and Ethnicity","Asian or Pacific Islander","5","5","11","11","100.0%","220.0%","2023-24"
"2026-04-13","51045","Craig","Race and Ethnicity","Black","0","0","0","0","0","0","2025-26"
"2024-09-10","51045","Craig","Race and Ethnicity","Black","3","2","13","11","18.2%","100.0%","2023-24"
"2025-10-07","51045","Craig","Race and Ethnicity","Black","5","4","7","7","0.364","0.636","2024-25"
"2026-04-13","51045","Craig","Age_Group","Female","0","0","0","0","0","0","2025-26"
"2026-04-13","51045","Craig","Race and Ethnicity","Female","0","0","0","0","0","0","2025-26"
"2026-04-13","51045","Craig","Sex","Female","109","103","585","580","0","0","2025-26"
"2024-09-10","51045","Craig","Sex","Female","186","172","836","804","7.3%","34.2%","2023-24"
"2025-10-07","51045","Craig","Sex","Female","201","186","684","671","0","0","2024-25"
"2026-04-13","51045","Craig","Race and Ethnicity","Latino","0","0","0","0","0","0","2025-26"
"2025-10-07","51045","Craig","Race and Ethnicity","Latino","0","0","11","11","0","0.18","2024-25"
"2024-09-10","51045","Craig","Race and Ethnicity","Latino","0","0","13","12","0.0%","19.7%","2023-24"
"2026-04-13","51045","Craig","Age_Group","Male","0","0","0","0","0","0","2025-26"
"2026-04-13","51045","Craig","Race and Ethnicity","Male","0","0","0","0","0","0","2025-26"
"2026-04-13","51045","Craig","Sex","Male","102","91","459","448","0","0","2025-26"
"2024-09-10","51045","Craig","Sex","Male","156","145","618","594","6.0%","24.6%","2023-24"
"2025-10-07","51045","Craig","Sex","Male","181","169","515","502","0","0","2024-25"
"2026-04-13","51045","Craig","Race and Ethnicity","Native American","0","0","0","0","0","0","2025-26"
"2025-10-07","51045","Craig","Race and Ethnicity","Native American","1","1","7","7","0.2","1.4","2024-25"
"2024-09-10","51045","Craig","Race and Ethnicity","Native American","1","1","5","3","20.0%","60.0%","2023-24"
"2024-09-10","51045","Craig","Sex","Not Reported","0","0","1","1","","","2023-24"
"2026-04-13","51045","Craig","Race and Ethnicity","Not Reported","0","0","0","0","0","0","2025-26"
"2026-04-13","51045","Craig","Sex","Not Reported","0","0","0","0","0","0","2025-26"
"2024-09-10","51045","Craig","Race and Ethnicity","Not Reported","13","13","149","146","","","2023-24"
"2025-10-07","51045","Craig","Race and Ethnicity","Not Reported","7","7","89","83","0.001","0.017","2024-25"
"2026-04-13","51045","Craig","Race and Ethnicity","Other Race","0","0","0","0","0","0","2025-26"
"2024-09-10","51045","Craig","Race and Ethnicity","Other Race","1","1","9","9","3.3%","30.0%","2023-24"
"2025-10-07","51045","Craig","Race and Ethnicity","Other Race","2","2","6","6","0.067","0.2","2024-25"
"2026-04-13","51045","Craig","Age_Group","Unknown","0","0","0","0","0","0","2025-26"
"2026-04-13","51045","Craig","Race and Ethnicity","Unknown","0","0","0","0","0","0","2025-26"
"2025-10-07","51045","Craig","Sex","UNKNOWN","0","0","1","1","0","0","2024-25"
"2026-04-13","51045","Craig","Sex","Unknown","0","0","1","1","0","0","2025-26"
"2026-04-13","51045","Craig","Race and Ethnicity","White","0","0","0","0","0","0","2025-26"
"2024-09-10","51045","Craig","Race and Ethnicity","White","319","295","1,255","1,207","6.3%","25.9%","2023-24"
"2025-10-07","51045","Craig","Race and Ethnicity","White","365","339","1072","1052","0.073","0.226","2024-25"
"2026-04-13","51047","Culpeper","Age_Group","0-4","0","0","0","0","0","0","2025-26"
"2024-09-10","51047","Culpeper","Age_Group","0-4","137","101","1,324","1,047","3.0%","31.3%","2023-24"
"2025-10-07","51047","Culpeper","Age_Group","0-4","14","13","1224","972","0.004","0.291","2024-25"
"2026-04-13","51047","Culpeper","Age_Group","12-17","0","0","0","0","0","0","2025-26"
"2025-10-07","51047","Culpeper","Age_Group","12-17","128","126","837","832","0.028","0.186","2024-25"
"2024-09-10","51047","Culpeper","Age_Group","12-17","166","164","784","772","3.7%","17.3%","2023-24"
"2026-04-13","51047","Culpeper","Age_Group","18-30","0","0","0","0","0","0","2025-26"
"2025-10-07","51047","Culpeper","Age_Group","18-30","250","244","1041","1029","0.03","0.126","2024-25"
"2024-09-10","51047","Culpeper","Age_Group","18-30","286","277","1,122","1,074","3.4%","13.1%","2023-24"
"2026-04-13","51047","Culpeper","Age_Group","31-49","0","0","0","0","0","0","2025-26"
"2025-10-07","51047","Culpeper","Age_Group","31-49","572","567","1961","1940","0.043","0.148","2024-25"
"2024-09-10","51047","Culpeper","Age_Group","31-49","666","641","2,243","2,162","4.9%","16.5%","2023-24"
"2026-04-13","51047","Culpeper","Age_Group","50-64","0","0","0","0","0","0","2025-26"
"2024-09-10","51047","Culpeper","Age_Group","50-64","1,318","1,245","3,280","3,119","11.7%","29.3%","2023-24"
"2025-10-07","51047","Culpeper","Age_Group","50-64","1151","1121","2777","2748","0.105","0.258","2024-25"
"2026-04-13","51047","Culpeper","Age_Group","5-11","0","0","0","0","0","0","2025-26"
"2024-09-10","51047","Culpeper","Age_Group","5-11","149","148","1,001","983","2.8%","18.7%","2023-24"
"2025-10-07","51047","Culpeper","Age_Group","5-11","94","92","1055","1044","0.017","0.198","2024-25"
"2026-04-13","51047","Culpeper","Age_Group","65+","0","0","0","0","0","0","2025-26"
"2024-09-10","51047","Culpeper","Age_Group","65+","3,270","2,755","5,640","5,252","29.4%","56.0%","2023-24"
"2025-10-07","51047","Culpeper","Age_Group","65+","3102","2766","5171","5096","0.295","0.544","2024-25"
"2026-04-13","51047","Culpeper","Race and Ethnicity","Asian or Pacific Islander","0","0","0","0","0","0","2025-26"
"2024-09-10","51047","Culpeper","Race and Ethnicity","Asian or Pacific Islander","121","105","303","283","11.0%","29.8%","2023-24"
"2025-10-07","51047","Culpeper","Race and Ethnicity","Asian or Pacific Islander","123","116","319","310","0.122","0.326","2024-25"
"2026-04-13","51047","Culpeper","Race and Ethnicity","Black","0","0","0","0","0","0","2025-26"
"2025-10-07","51047","Culpeper","Race and Ethnicity","Black","776","729","1757","1717","0.102","0.241","2024-25"
"2024-09-10","51047","Culpeper","Race and Ethnicity","Black","797","739","1,960","1,821","10.4%","25.6%","2023-24"
"2026-04-13","51047","Culpeper","Age_Group","Female","0","0","0","0","0","0","2025-26"
"2026-04-13","51047","Culpeper","Race and Ethnicity","Female","0","0","0","0","0","0","2025-26"
"2026-04-13","51047","Culpeper","Sex","Female","1811","1731","7311","7062","0","0","2025-26"
"2025-10-07","51047","Culpeper","Sex","Female","2974","2769","7790","7599","0","0","2024-25"
"2024-09-10","51047","Culpeper","Sex","Female","3,278","2,932","8,583","8,029","10.8%","29.6%","2023-24"
"2026-04-13","51047","Culpeper","Race and Ethnicity","Latino","0","0","0","0","0","0","2025-26"
"2025-10-07","51047","Culpeper","Race and Ethnicity","Latino","259","253","1861","1741","0.034","0.235","2024-25"
"2024-09-10","51047","Culpeper","Race and Ethnicity","Latino","369","354","1,910","1,761","4.8%","23.8%","2023-24"
"2026-04-13","51047","Culpeper","Age_Group","Male","0","0","0","0","0","0","2025-26"
"2026-04-13","51047","Culpeper","Race and Ethnicity","Male","0","0","0","0","0","0","2025-26"
"2026-04-13","51047","Culpeper","Sex","Male","1393","1329","5389","5179","0","0","2025-26"
"2024-09-10","51047","Culpeper","Sex","Male","2,714","2,399","6,811","6,380","8.8%","23.4%","2023-24"
"2025-10-07","51047","Culpeper","Sex","Male","2337","2160","6276","6062","0","0","2024-25"
"2026-04-13","51047","Culpeper","Race and Ethnicity","Native American","0","0","0","0","0","0","2025-26"
"2024-09-10","51047","Culpeper","Race and Ethnicity","Native American","48","43","110","103","24.3%","58.2%","2023-24"
"2025-10-07","51047","Culpeper","Race and Ethnicity","Native American","54","49","118","118","0.277","0.667","2024-25"
"2026-04-13","51047","Culpeper","Race and Ethnicity","Not Reported","0","0","0","0","0","0","2025-26"
"2026-04-13","51047","Culpeper","Sex","Not Reported","0","0","0","0","0","0","2025-26"
"2025-10-07","51047","Culpeper","Race and Ethnicity","Not Reported","29","27","407","393","0","0.007","2024-25"
"2024-09-10","51047","Culpeper","Race and Ethnicity","Not Reported","79","76","745","701","","","2023-24"
"2026-04-13","51047","Culpeper","Sex","OTHER","0","0","0","0","0","0","2025-26"
"2026-04-13","51047","Culpeper","Race and Ethnicity","Other Race","0","0","0","0","0","0","2025-26"
"2025-10-07","51047","Culpeper","Race and Ethnicity","Other Race","42","39","247","228","0.024","0.138","2024-25"
"2024-09-10","51047","Culpeper","Race and Ethnicity","Other Race","62","47","320","274","2.8%","16.5%","2023-24"
"2026-04-13","51047","Culpeper","Age_Group","Unknown","0","0","0","0","0","0","2025-26"
"2026-04-13","51047","Culpeper","Race and Ethnicity","Unknown","0","0","0","0","0","0","2025-26"
"2026-04-13","51047","Culpeper","Sex","UNKNOWN","0","0","8","8","0","0","2025-26"
"2026-04-13","51047","Culpeper","Race and Ethnicity","White","0","0","0","0","0","0","2025-26"
"2024-09-10","51047","Culpeper","Race and Ethnicity","White","4,516","3,967","10,046","9,466","10.7%","25.5%","2023-24"
"2025-10-07","51047","Culpeper","Race and Ethnicity","White","4028","3716","9357","9154","0.1","0.247","2024-25"
"2026-04-13","51049","Cumberland","Age_Group","0-4","0","0","0","0","0","0","2025-26"
"2025-10-07","51049","Cumberland","Age_Group","0-4","1","1","108","86","0.002","0.185","2024-25"
"2024-09-10","51049","Cumberland","Age_Group","0-4","10","8","191","151","1.7%","32.5%","2023-24"
"2026-04-13","51049","Cumberland","Age_Group","12-17","0","0","0","0","0","0","2025-26"
"2025-10-07","51049","Cumberland","Age_Group","12-17","10","10","72","72","0.016","0.116","2024-25"
"2024-09-10","51049","Cumberland","Age_Group","12-17","12","12","98","98","1.9%","15.8%","2023-24"
"2026-04-13","51049","Cumberland","Age_Group","18-30","0","0","0","0","0","0","2025-26"
"2025-10-07","51049","Cumberland","Age_Group","18-30","24","24","125","122","0.018","0.089","2024-25"
"2024-09-10","51049","Cumberland","Age_Group","18-30","31","30","147","142","2.2%","10.4%","2023-24"
"2026-04-13","51049","Cumberland","Age_Group","31-49","0","0","0","0","0","0","2025-26"
"2025-10-07","51049","Cumberland","Age_Group","31-49","57","56","229","227","0.028","0.114","2024-25"
"2024-09-10","51049","Cumberland","Age_Group","31-49","73","69","272","259","3.5%","13.0%","2023-24"
"2026-04-13","51049","Cumberland","Age_Group","50-64","0","0","0","0","0","0","2025-26"
"2025-10-07","51049","Cumberland","Age_Group","50-64","185","180","495","488","0.082","0.223","2024-25"
"2024-09-10","51049","Cumberland","Age_Group","50-64","211","205","587","570","9.4%","26.1%","2023-24"
"2026-04-13","51049","Cumberland","Age_Group","5-11","0","0","0","0","0","0","2025-26"
"2024-09-10","51049","Cumberland","Age_Group","5-11","10","10","127","124","1.3%","16.5%","2023-24"
"2025-10-07","51049","Cumberland","Age_Group","5-11","9","9","82","82","0.012","0.109","2024-25"
"2026-04-13","51049","Cumberland","Age_Group","65+","0","0","0","0","0","0","2025-26"
"2025-10-07","51049","Cumberland","Age_Group","65+","477","457","1013","997","0.199","0.435","2024-25"
"2024-09-10","51049","Cumberland","Age_Group","65+","484","459","1,083","1,038","20.0%","45.3%","2023-24"
"2026-04-13","51049","Cumberland","Race and Ethnicity","Asian or Pacific Islander","0","0","0","0","0","0","2025-26"
"2024-09-10","51049","Cumberland","Race and Ethnicity","Asian or Pacific Islander","7","6","14","13","16.7%","36.1%","2023-24"
"2025-10-07","51049","Cumberland","Race and Ethnicity","Asian or Pacific Islander","9","9","24","23","0.25","0.639","2024-25"
"2026-04-13","51049","Cumberland","Race and Ethnicity","Black","0","0","0","0","0","0","2025-26"
"2025-10-07","51049","Cumberland","Race and Ethnicity","Black","276","266","624","617","0.095","0.22","2024-25"
"2024-09-10","51049","Cumberland","Race and Ethnicity","Black","289","278","788","746","9.9%","26.5%","2023-24"
"2026-04-13","51049","Cumberland","Age_Group","Female","0","0","0","0","0","0","2025-26"
"2026-04-13","51053","Dinwiddie","Age_Group","31-49","0","0","0","0","0","0","2025-26"
"2025-10-07","51053","Dinwiddie","Age_Group","31-49","192","190","795","784","0.029","0.12","2024-25"
"2024-09-10","51053","Dinwiddie","Age_Group","31-49","201","195","869","833","3.0%","12.8%","2023-24"
"2026-04-13","51053","Dinwiddie","Age_Group","50-64","0","0","0","0","0","0","2025-26"
"2025-10-07","51053","Dinwiddie","Age_Group","50-64","531","526","1516","1496","0.081","0.23","2024-25"
"2024-09-10","51053","Dinwiddie","Age_Group","50-64","558","542","1,703","1,626","8.3%","25.0%","2023-24"
"2026-04-13","51053","Dinwiddie","Age_Group","5-11","0","0","0","0","0","0","2025-26"
"2025-10-07","51053","Dinwiddie","Age_Group","5-11","19","19","323","320","0.008","0.135","2024-25"
"2024-09-10","51053","Dinwiddie","Age_Group","5-11","23","23","343","336","1.0%","14.1%","2023-24"
"2026-04-13","51053","Dinwiddie","Age_Group","65+","0","0","0","0","0","0","2025-26"
"2024-09-10","51053","Dinwiddie","Age_Group","65+","1,309","1,219","3,056","2,861","22.4%","52.5%","2023-24"
"2025-10-07","51053","Dinwiddie","Age_Group","65+","1365","1316","2759","2710","0.242","0.497","2024-25"
"2026-04-13","51053","Dinwiddie","Race and Ethnicity","Asian or Pacific Islander","0","0","0","0","0","0","2025-26"
"2024-09-10","51053","Dinwiddie","Race and Ethnicity","Asian or Pacific Islander","12","11","54","49","4.3%","19.1%","2023-24"
"2025-10-07","51053","Dinwiddie","Race and Ethnicity","Asian or Pacific Islander","20","20","57","56","0.078","0.219","2024-25"
"2026-04-13","51053","Dinwiddie","Race and Ethnicity","Black","0","0","0","0","0","0","2025-26"
"2025-10-07","51053","Dinwiddie","Race and Ethnicity","Black","1025","997","2116","2073","0.119","0.247","2024-25"
"2024-09-10","51053","Dinwiddie","Race and Ethnicity","Black","945","894","2,245","2,110","10.6%","25.1%","2023-24"
"2026-04-13","51053","Dinwiddie","Age_Group","Female","0","0","0","0","0","0","2025-26"
"2026-04-13","51053","Dinwiddie","Race and Ethnicity","Female","0","0","0","0","0","0","2025-26"
"2026-04-13","51049","Cumberland","Race and Ethnicity","Female","0","0","0","0","0","0","2025-26"
"2024-09-10","51053","Dinwiddie","Sex","Female","1,290","1,223","4,164","3,920","8.6%","27.6%","2023-24"
"2026-04-13","51049","Cumberland","Sex","Female","226","221","1085","1068","0","0","2025-26"
"2025-10-07","51053","Dinwiddie","Sex","Female","1235","1207","3765","3673","0","0","2024-25"
"2025-10-07","51049","Cumberland","Sex","Female","422","409","1245","1218","0","0","2024-25"
"2026-04-13","51053","Dinwiddie","Sex","Female","738","728","3253","3192","0","0","2025-26"
"2024-09-10","51049","Cumberland","Sex","Female","466","448","1,439","1,377","9.1%","27.8%","2023-24"
"2026-04-13","51053","Dinwiddie","Race and Ethnicity","Latino","0","0","0","0","0","0","2025-26"
"2026-04-13","51049","Cumberland","Race and Ethnicity","Latino","0","0","0","0","0","0","2025-26"
"2024-09-10","51053","Dinwiddie","Race and Ethnicity","Latino","54","52","221","205","4.5%","17.7%","2023-24"
"2024-09-10","51049","Cumberland","Race and Ethnicity","Latino","17","16","60","56","5.4%","18.9%","2023-24"
"2025-10-07","51053","Dinwiddie","Race and Ethnicity","Latino","60","60","258","251","0.052","0.217","2024-25"
"2025-10-07","51049","Cumberland","Race and Ethnicity","Latino","18","17","57","55","0.057","0.186","2024-25"
"2026-04-13","51053","Dinwiddie","Age_Group","Male","0","0","0","0","0","0","2025-26"
"2026-04-13","51049","Cumberland","Age_Group","Male","0","0","0","0","0","0","2025-26"
"2026-04-13","51053","Dinwiddie","Race and Ethnicity","Male","0","0","0","0","0","0","2025-26"
"2026-04-13","51049","Cumberland","Race and Ethnicity","Male","0","0","0","0","0","0","2025-26"
"2026-04-13","51053","Dinwiddie","Sex","Male","534","530","2261","2209","0","0","2025-26"
"2026-04-13","51049","Cumberland","Sex","Male","202","201","756","738","0","0","2025-26"
"2024-09-10","51053","Dinwiddie","Sex","Male","907","859","2,888","2,707","6.2%","19.4%","2023-24"
"2025-10-07","51049","Cumberland","Sex","Male","341","328","878","855","0","0","2024-25"
"2025-10-07","51053","Dinwiddie","Sex","Male","954","924","2615","2546","0","0","2024-25"
"2024-09-10","51049","Cumberland","Sex","Male","365","345","1,064","1,003","7.3%","21.2%","2023-24"
"2026-04-13","51053","Dinwiddie","Race and Ethnicity","Native American","0","0","0","0","0","0","2025-26"
"2026-04-13","51049","Cumberland","Race and Ethnicity","Native American","0","0","0","0","0","0","2025-26"
"2025-10-07","51053","Dinwiddie","Race and Ethnicity","Native American","16","16","47","47","0.16","0.47","2024-25"
"2024-09-10","51049","Cumberland","Race and Ethnicity","Native American","2","2","13","13","8.0%","52.0%","2023-24"
"2024-09-10","51053","Dinwiddie","Race and Ethnicity","Native American","18","17","41","40","17.0%","40.0%","2023-24"
"2024-09-10","51053","Dinwiddie","Sex","Not Reported","0","0","1","1","","","2023-24"
"2025-10-07","51049","Cumberland","Race and Ethnicity","Native American","5","4","16","16","0.16","0.64","2024-25"
"2026-04-13","51053","Dinwiddie","Race and Ethnicity","Not Reported","0","0","0","0","0","0","2025-26"
"2024-09-10","51049","Cumberland","Sex","Not Reported","0","0","2","2","","","2023-24"
"2026-04-13","51053","Dinwiddie","Sex","Not Reported","0","0","0","0","0","0","2025-26"
"2026-04-13","51049","Cumberland","Race and Ethnicity","Not Reported","0","0","0","0","0","0","2025-26"
"2025-10-07","51053","Dinwiddie","Race and Ethnicity","Not Reported","14","13","204","182","0","0.006","2024-25"
"2026-04-13","51049","Cumberland","Sex","Not Reported","0","0","0","0","0","0","2025-26"
"2024-09-10","51053","Dinwiddie","Race and Ethnicity","Not Reported","25","21","303","268","","","2023-24"
"2025-10-07","51049","Cumberland","Race and Ethnicity","Not Reported","0","0","30","26","0","0.003","2024-25"
"2026-04-13","51053","Dinwiddie","Race and Ethnicity","Other Race","0","0","0","0","0","0","2025-26"
"2024-09-10","51049","Cumberland","Race and Ethnicity","Not Reported","5","5","77","61","","","2023-24"
"2024-09-10","51053","Dinwiddie","Race and Ethnicity","Other Race","10","10","42","40","1.9%","7.4%","2023-24"
"2026-04-13","51049","Cumberland","Race and Ethnicity","Other Race","0","0","0","0","0","0","2025-26"
"2025-10-07","51053","Dinwiddie","Race and Ethnicity","Other Race","9","9","49","47","0.017","0.087","2024-25"
"2024-09-10","51049","Cumberland","Race and Ethnicity","Other Race","1","1","23","22","0.4%","9.7%","2023-24"
"2026-04-13","51053","Dinwiddie","Age_Group","Unknown","0","0","0","0","0","0","2025-26"
"2025-10-07","51049","Cumberland","Race and Ethnicity","Other Race","6","4","9","7","0.018","0.031","2024-25"
"2026-04-13","51053","Dinwiddie","Race and Ethnicity","Unknown","0","0","0","0","0","0","2025-26"
"2026-04-13","51049","Cumberland","Age_Group","Unknown","0","0","0","0","0","0","2025-26"
"2026-04-13","51053","Dinwiddie","Sex","UNKNOWN","0","0","2","2","0","0","2025-26"
"2025-10-07","51053","Dinwiddie","Sex","UNKNOWN","0","0","8","6","0","0","2024-25"
"2026-04-13","51049","Cumberland","Race and Ethnicity","Unknown","0","0","0","0","0","0","2025-26"
"2026-04-13","51049","Cumberland","Sex","Unknown","0","0","0","0","0","0","2025-26"
"2026-04-13","51053","Dinwiddie","Race and Ethnicity","White","0","0","0","0","0","0","2025-26"
"2024-09-10","51053","Dinwiddie","Race and Ethnicity","White","1,133","1,077","4,147","3,916","6.1%","22.1%","2023-24"
"2025-10-07","51049","Cumberland","Sex","UNKNOWN","0","0","1","1","0","0","2024-25"
"2025-10-07","51053","Dinwiddie","Race and Ethnicity","White","1045","1016","3657","3569","0.057","0.202","2024-25"
"2026-04-13","51049","Cumberland","Race and Ethnicity","White","0","0","0","0","0","0","2025-26"
"2026-04-13","51057","Essex","Age_Group","0-4","0","0","0","0","0","0","2025-26"
"2025-10-07","51049","Cumberland","Race and Ethnicity","White","449","437","1364","1330","0.07","0.212","2024-25"
"2025-10-07","51057","Essex","Age_Group","0-4","0","0","145","110","0","0.208","2024-25"
"2024-09-10","51049","Cumberland","Race and Ethnicity","White","510","485","1,530","1,471","7.7%","23.4%","2023-24"
"2024-09-10","51057","Essex","Age_Group","0-4","6","5","217","174","0.9%","32.8%","2023-24"
"2026-04-13","51057","Essex","Age_Group","12-17","0","0","0","0","0","0","2025-26"
"2026-04-13","51051","Dickenson","Age_Group","0-4","0","0","0","0","0","0","2025-26"
"2024-09-10","51057","Essex","Age_Group","12-17","7","7","138","138","1.2%","23.2%","2023-24"
"2025-10-07","51051","Dickenson","Age_Group","0-4","0","0","99","80","0","0.134","2024-25"
"2025-10-07","51057","Essex","Age_Group","12-17","8","8","97","97","0.013","0.163","2024-25"
"2024-09-10","51051","Dickenson","Age_Group","0-4","1","1","136","107","0.2%","18.0%","2023-24"
"2026-04-13","51057","Essex","Age_Group","18-30","0","0","0","0","0","0","2025-26"
"2024-09-10","51057","Essex","Age_Group","18-30","29","28","183","178","1.9%","12.4%","2023-24"
"2026-04-13","51051","Dickenson","Age_Group","12-17","0","0","0","0","0","0","2025-26"
"2025-10-07","51057","Essex","Age_Group","18-30","32","31","136","135","0.022","0.094","2024-25"
"2025-10-07","51051","Dickenson","Age_Group","12-17","1","1","99","98","0.001","0.105","2024-25"
"2026-04-13","51057","Essex","Age_Group","31-49","0","0","0","0","0","0","2025-26"
"2024-09-10","51051","Dickenson","Age_Group","12-17","5","5","141","141","0.5%","15.2%","2023-24"
"2025-10-07","51057","Essex","Age_Group","31-49","46","46","212","211","0.021","0.095","2024-25"
"2026-04-13","51051","Dickenson","Age_Group","18-30","0","0","0","0","0","0","2025-26"
"2024-09-10","51057","Essex","Age_Group","31-49","51","49","345","335","2.2%","15.1%","2023-24"
"2025-10-07","51051","Dickenson","Age_Group","18-30","14","13","161","161","0.007","0.089","2024-25"
"2026-04-13","51057","Essex","Age_Group","50-64","0","0","0","0","0","0","2025-26"
"2024-09-10","51051","Dickenson","Age_Group","18-30","23","22","226","220","1.2%","12.2%","2023-24"
"2025-10-07","51057","Essex","Age_Group","50-64","165","162","524","519","0.065","0.208","2024-25"
"2026-04-13","51051","Dickenson","Age_Group","31-49","0","0","0","0","0","0","2025-26"
"2025-10-07","51051","Dickenson","Age_Group","31-49","33","32","365","363","0.01","0.117","2024-25"
"2024-09-10","51051","Dickenson","Age_Group","31-49","57","56","471","453","1.8%","14.6%","2023-24"
"2026-04-13","51051","Dickenson","Age_Group","50-64","0","0","0","0","0","0","2025-26"
"2024-09-10","51051","Dickenson","Age_Group","50-64","163","163","1,003","940","5.8%","33.5%","2023-24"
"2025-10-07","51051","Dickenson","Age_Group","50-64","97","97","680","675","0.035","0.24","2024-25"
"2026-04-13","51051","Dickenson","Age_Group","5-11","0","0","0","0","0","0","2025-26"
"2024-09-10","51051","Dickenson","Age_Group","5-11","0","0","120","120","0.0%","11.4%","2023-24"
"2025-10-07","51051","Dickenson","Age_Group","5-11","3","3","133","133","0.003","0.126","2024-25"
"2026-04-13","51051","Dickenson","Age_Group","65+","0","0","0","0","0","0","2025-26"
"2025-10-07","51051","Dickenson","Age_Group","65+","334","329","1510","1471","0.098","0.439","2024-25"
"2024-09-10","51051","Dickenson","Age_Group","65+","520","513","2,070","1,956","15.3%","58.4%","2023-24"
"2026-04-13","51051","Dickenson","Race and Ethnicity","Asian or Pacific Islander","0","0","0","0","0","0","2025-26"
"2025-10-07","51051","Dickenson","Race and Ethnicity","Asian or Pacific Islander","1","1","6","6","0.167","1","2024-25"
"2024-09-10","51051","Dickenson","Race and Ethnicity","Asian or Pacific Islander","1","1","11","10","16.7%","166.7%","2023-24"
"2026-04-13","51051","Dickenson","Race and Ethnicity","Black","0","0","0","0","0","0","2025-26"
"2025-10-07","51051","Dickenson","Race and Ethnicity","Black","1","1","11","11","0.013","0.147","2024-25"
"2024-09-10","51051","Dickenson","Race and Ethnicity","Black","3","3","22","19","4.0%","25.3%","2023-24"
"2026-04-13","51051","Dickenson","Age_Group","Female","0","0","0","0","0","0","2025-26"
"2026-04-13","51051","Dickenson","Race and Ethnicity","Female","0","0","0","0","0","0","2025-26"
"2026-04-13","51051","Dickenson","Sex","Female","116","116","1339","1327","0","0","2025-26"
"2025-10-07","51051","Dickenson","Sex","Female","224","221","1650","1622","0","0","2024-25"
"2024-09-10","51051","Dickenson","Sex","Female","381","377","2,234","2,128","5.7%","32.3%","2023-24"
"2026-04-13","51051","Dickenson","Race and Ethnicity","Latino","0","0","0","0","0","0","2025-26"
"2025-10-07","51051","Dickenson","Race and Ethnicity","Latino","3","3","21","20","0.024","0.159","2024-25"
"2024-09-10","51051","Dickenson","Race and Ethnicity","Latino","4","3","24","24","2.4%","19.0%","2023-24"
"2026-04-13","51051","Dickenson","Age_Group","Male","0","0","0","0","0","0","2025-26"
"2026-04-13","51051","Dickenson","Race and Ethnicity","Male","0","0","0","0","0","0","2025-26"
"2026-04-13","51051","Dickenson","Sex","Male","117","117","1130","1101","0","0","2025-26"
"2025-10-07","51051","Dickenson","Sex","Male","258","254","1396","1358","0","0","2024-25"
"2024-09-10","51051","Dickenson","Sex","Male","388","383","1,932","1,808","5.4%","25.6%","2023-24"
"2026-04-13","51051","Dickenson","Race and Ethnicity","Native American","0","0","0","0","0","0","2025-26"
"2024-09-10","51051","Dickenson","Race and Ethnicity","Native American","4","4","13","10","80.0%","200.0%","2023-24"
"2025-10-07","51051","Dickenson","Race and Ethnicity","Native American","7","7","20","20","1.4","4","2024-25"
"2024-09-10","51051","Dickenson","Sex","Not Reported","0","0","1","1","","","2023-24"
"2026-04-13","51051","Dickenson","Race and Ethnicity","Not Reported","0","0","0","0","0","0","2025-26"
"2026-04-13","51051","Dickenson","Sex","Not Reported","0","0","0","0","0","0","2025-26"
"2024-09-10","51051","Dickenson","Race and Ethnicity","Not Reported","19","19","181","174","","","2023-24"
"2025-10-07","51051","Dickenson","Race and Ethnicity","Not Reported","3","3","60","56","0","0.004","2024-25"
"2026-04-13","51051","Dickenson","Race and Ethnicity","Other Race","0","0","0","0","0","0","2025-26"
"2025-10-07","51051","Dickenson","Race and Ethnicity","Other Race","1","1","3","3","0.011","0.033","2024-25"
"2024-09-10","51051","Dickenson","Race and Ethnicity","Other Race","14","13","33","32","14.1%","34.8%","2023-24"
"2026-04-13","51051","Dickenson","Age_Group","Unknown","0","0","0","0","0","0","2025-26"
"2026-04-13","51051","Dickenson","Race and Ethnicity","Unknown","0","0","0","0","0","0","2025-26"
"2026-04-13","51051","Dickenson","Sex","Unknown","0","0","0","0","0","0","2025-26"
"2025-10-07","51051","Dickenson","Sex","UNKNOWN","0","0","1","1","0","0","2024-25"
"2026-04-13","51051","Dickenson","Race and Ethnicity","White","0","0","0","0","0","0","2025-26"
"2025-10-07","51051","Dickenson","Race and Ethnicity","White","466","459","2926","2865","0.034","0.215","2024-25"
"2024-09-10","51051","Dickenson","Race and Ethnicity","White","724","717","3,883","3,668","5.4%","27.5%","2023-24"
"2026-04-13","51053","Dinwiddie","Age_Group","0-4","0","0","0","0","0","0","2025-26"
"2025-10-07","51053","Dinwiddie","Age_Group","0-4","7","6","376","298","0.005","0.243","2024-25"
"2024-09-10","51057","Essex","Age_Group","50-64","257","250","743","709","10.0%","28.4%","2023-24"
"2026-04-13","51057","Essex","Age_Group","5-11","0","0","0","0","0","0","2025-26"
"2025-10-07","51057","Essex","Age_Group","5-11","4","4","96","96","0.006","0.138","2024-25"
"2024-09-10","51057","Essex","Age_Group","5-11","6","6","132","128","0.9%","18.4%","2023-24"
"2026-04-13","51057","Essex","Age_Group","65+","0","0","0","0","0","0","2025-26"
"2025-10-07","51057","Essex","Age_Group","65+","600","562","1132","1122","0.221","0.441","2024-25"
"2024-09-10","51057","Essex","Age_Group","65+","769","709","1,670","1,556","27.9%","61.2%","2023-24"
"2026-04-13","51057","Essex","Race and Ethnicity","Asian or Pacific Islander","0","0","0","0","0","0","2025-26"
"2024-09-10","51057","Essex","Race and Ethnicity","Asian or Pacific Islander","12","11","33","31","10.8%","30.4%","2023-24"
"2025-10-07","51057","Essex","Race and Ethnicity","Asian or Pacific Islander","9","9","33","32","0.088","0.314","2024-25"
"2026-04-13","51057","Essex","Race and Ethnicity","Black","0","0","0","0","0","0","2025-26"
"2025-10-07","51057","Essex","Race and Ethnicity","Black","281","271","738","715","0.071","0.187","2024-25"
"2024-09-10","51057","Essex","Race and Ethnicity","Black","381","364","1,152","1,079","9.5%","28.3%","2023-24"
"2026-04-13","51057","Essex","Age_Group","Female","0","0","0","0","0","0","2025-26"
"2026-04-13","51057","Essex","Race and Ethnicity","Female","0","0","0","0","0","0","2025-26"
"2026-04-13","51057","Essex","Sex","Female","228","225","1179","1158","0","0","2025-26"
"2025-10-07","51057","Essex","Sex","Female","471","450","1350","1322","0","0","2024-25"
"2024-09-10","51057","Essex","Sex","Female","629","588","2,000","1,884","10.6%","34.1%","2023-24"
"2026-04-13","51057","Essex","Race and Ethnicity","Latino","0","0","0","0","0","0","2025-26"
"2025-10-07","51057","Essex","Race and Ethnicity","Latino","23","21","102","99","0.044","0.208","2024-25"
"2024-09-10","51057","Essex","Race and Ethnicity","Latino","32","29","114","105","6.1%","22.1%","2023-24"
"2026-04-13","51057","Essex","Age_Group","Male","0","0","0","0","0","0","2025-26"
"2026-04-13","51057","Essex","Race and Ethnicity","Male","0","0","0","0","0","0","2025-26"
"2026-04-13","51057","Essex","Sex","Male","197","195","840","822","0","0","2025-26"
"2025-10-07","51057","Essex","Sex","Male","384","363","990","967","0","0","2024-25"
"2024-09-10","51057","Essex","Sex","Male","496","466","1,428","1,334","9.3%","26.7%","2023-24"
"2026-04-13","51057","Essex","Race and Ethnicity","Native American","0","0","0","0","0","0","2025-26"
"2025-10-07","51057","Essex","Race and Ethnicity","Native American","11","11","22","22","0.297","0.595","2024-25"
"2024-09-10","51057","Essex","Race and Ethnicity","Native American","16","16","38","34","43.2%","91.9%","2023-24"
"2026-04-13","51057","Essex","Race and Ethnicity","Not Reported","0","0","0","0","0","0","2025-26"
"2024-09-10","51057","Essex","Race and Ethnicity","Not Reported","11","11","73","67","","","2023-24"
"2025-10-07","51057","Essex","Race and Ethnicity","Not Reported","5","5","26","25","0","0.002","2024-25"
"2026-04-13","51057","Essex","Race and Ethnicity","Other Race","0","0","0","0","0","0","2025-26"
"2024-09-10","51057","Essex","Race and Ethnicity","Other Race","5","5","49","46","1.5%","14.2%","2023-24"
"2025-10-07","51057","Essex","Race and Ethnicity","Other Race","6","6","35","34","0.018","0.105","2024-25"
"2026-04-13","51057","Essex","Age_Group","Unknown","0","0","0","0","0","0","2025-26"
"2026-04-13","51057","Essex","Race and Ethnicity","Unknown","0","0","0","0","0","0","2025-26"
"2026-04-13","51057","Essex","Sex","Unknown","0","0","0","0","0","0","2025-26"
"2025-10-07","51057","Essex","Sex","UNKNOWN","0","0","2","1","0","0","2024-25"
"2026-04-13","51057","Essex","Race and Ethnicity","White","0","0","0","0","0","0","2025-26"
"2025-10-07","51057","Essex","Race and Ethnicity","White","520","490","1386","1363","0.085","0.236","2024-25"
"2024-09-10","51057","Essex","Race and Ethnicity","White","668","618","1,969","1,856","10.7%","32.2%","2023-24"
"2026-04-13","51059","Fairfax","Age_Group","0-4","0","0","0","0","0","0","2025-26"
"2024-09-10","51059","Fairfax","Age_Group","0-4","12,644","9,776","41,949","33,687","14.9%","51.5%","2023-24"
"2025-10-07","51059","Fairfax","Age_Group","0-4","5699","4623","40051","32281","0.071","0.493","2024-25"
"2026-04-13","51059","Fairfax","Age_Group","12-17","0","0","0","0","0","0","2025-26"
"2025-10-07","51059","Fairfax","Age_Group","12-17","13170","13016","34315","34113","0.146","0.384","2024-25"
"2024-09-10","51059","Fairfax","Age_Group","12-17","14,431","14,036","36,557","35,103","15.8%","39.5%","2023-24"
"2026-04-13","51059","Fairfax","Age_Group","18-30","0","0","0","0","0","0","2025-26"
"2025-10-07","51059","Fairfax","Age_Group","18-30","19188","18907","43101","42803","0.101","0.229","2024-25"
"2026-04-13","51069","Frederick","Age_Group","Male","0","0","0","0","0","0","2025-26"
"2026-04-13","51069","Frederick","Race and Ethnicity","Male","0","0","0","0","0","0","2025-26"
"2026-04-13","51069","Frederick","Sex","Male","2673","2576","10747","10482","0","0","2025-26"
"2024-09-10","51069","Frederick","Sex","Male","4,678","4,233","12,063","11,273","8.9%","23.7%","2023-24"
"2025-10-07","51069","Frederick","Sex","Male","4609","4267","11932","11560","0","0","2024-25"
"2026-04-13","51069","Frederick","Race and Ethnicity","Native American","0","0","0","0","0","0","2025-26"
"2025-10-07","51069","Frederick","Race and Ethnicity","Native American","88","80","199","191","0.36","0.86","2024-25"
"2024-09-10","51069","Frederick","Race and Ethnicity","Native American","99","87","192","178","39.2%","80.2%","2023-24"
"2024-09-10","51069","Frederick","Sex","Not Reported","0","0","3","3","","","2023-24"
"2026-04-13","51069","Frederick","Race and Ethnicity","Not Reported","0","0","0","0","0","0","2025-26"
"2026-04-13","51069","Frederick","Sex","Not Reported","0","0","0","0","0","0","2025-26"
"2025-10-07","51069","Frederick","Race and Ethnicity","Not Reported","202","171","1686","1638","0.002","0.017","2024-25"
"2024-09-10","51069","Frederick","Race and Ethnicity","Not Reported","214","192","2,458","2,301","","","2023-24"
"2026-04-13","51069","Frederick","Race and Ethnicity","Other Race","0","0","0","0","0","0","2025-26"
"2025-10-07","51069","Frederick","Race and Ethnicity","Other Race","109","98","353","338","0.046","0.157","2024-25"
"2024-09-10","51069","Frederick","Race and Ethnicity","Other Race","75","67","348","317","3.1%","14.7%","2023-24"
"2026-04-13","51069","Frederick","Age_Group","Unknown","0","0","0","0","0","0","2025-26"
"2026-04-13","51069","Frederick","Race and Ethnicity","Unknown","0","0","0","0","0","0","2025-26"
"2025-10-07","51069","Frederick","Sex","UNKNOWN","0","0","3","3","0","0","2024-25"
"2026-04-13","51069","Frederick","Sex","Unknown","0","0","3","3","0","0","2025-26"
"2026-04-13","51069","Frederick","Race and Ethnicity","White","0","0","0","0","0","0","2025-26"
"2025-10-07","51069","Frederick","Race and Ethnicity","White","8843","8119","20760","20266","0.108","0.269","2024-25"
"2024-09-10","51069","Frederick","Race and Ethnicity","White","9,252","8,358","20,616","19,338","11.1%","25.6%","2023-24"
"2026-04-13","51071","Giles","Age_Group","0-4","0","0","0","0","0","0","2025-26"
"2025-10-07","51071","Giles","Age_Group","0-4","1","1","204","166","0.001","0.21","2024-25"
"2024-09-10","51071","Giles","Age_Group","0-4","3","3","248","200","0.4%","25.3%","2023-24"
"2026-04-13","51071","Giles","Age_Group","12-17","0","0","0","0","0","0","2025-26"
"2025-10-07","51071","Giles","Age_Group","12-17","6","6","128","128","0.005","0.116","2024-25"
"2024-09-10","51071","Giles","Age_Group","12-17","9","9","159","159","0.8%","14.4%","2023-24"
"2026-04-13","51071","Giles","Age_Group","18-30","0","0","0","0","0","0","2025-26"
"2025-10-07","51071","Giles","Age_Group","18-30","45","44","261","259","0.019","0.111","2024-25"
"2024-09-10","51071","Giles","Age_Group","18-30","51","50","354","338","2.1%","14.5%","2023-24"
"2026-04-13","51071","Giles","Age_Group","31-49","0","0","0","0","0","0","2025-26"
"2024-09-10","51071","Giles","Age_Group","31-49","119","111","614","586","3.1%","16.5%","2023-24"
"2025-10-07","51071","Giles","Age_Group","31-49","122","121","531","527","0.034","0.148","2024-25"
"2026-04-13","51071","Giles","Age_Group","50-64","0","0","0","0","0","0","2025-26"
"2025-10-07","51071","Giles","Age_Group","50-64","218","210","912","904","0.057","0.247","2024-25"
"2024-09-10","51071","Giles","Age_Group","50-64","284","269","1,150","1,086","7.3%","29.7%","2023-24"
"2026-04-13","51071","Giles","Age_Group","5-11","0","0","0","0","0","0","2025-26"
"2025-10-07","51071","Giles","Age_Group","5-11","7","7","184","182","0.005","0.143","2024-25"
"2024-09-10","51071","Giles","Age_Group","5-11","7","7","183","182","0.5%","14.3%","2023-24"
"2026-04-13","51071","Giles","Age_Group","65+","0","0","0","0","0","0","2025-26"
"2025-10-07","51071","Giles","Age_Group","65+","765","720","1877","1849","0.196","0.503","2024-25"
"2024-09-10","51071","Giles","Age_Group","65+","880","782","2,135","2,006","21.3%","54.6%","2023-24"
"2026-04-13","51071","Giles","Race and Ethnicity","Asian or Pacific Islander","0","0","0","0","0","0","2025-26"
"2024-09-10","51071","Giles","Race and Ethnicity","Asian or Pacific Islander","7","6","20","19","6.7%","21.1%","2023-24"
"2025-10-07","51071","Giles","Race and Ethnicity","Asian or Pacific Islander","7","7","22","21","0.078","0.233","2024-25"
"2026-04-13","51071","Giles","Race and Ethnicity","Black","0","0","0","0","0","0","2025-26"
"2024-09-10","51071","Giles","Race and Ethnicity","Black","28","25","76","74","9.4%","27.8%","2023-24"
"2025-10-07","51071","Giles","Race and Ethnicity","Black","28","26","74","74","0.098","0.278","2024-25"
"2024-09-10","51073","Gloucester","Race and Ethnicity","White","4,129","3,826","10,398","9,876","11.5%","29.7%","2023-24"
"2026-04-13","51075","Goochland","Age_Group","0-4","0","0","0","0","0","0","2025-26"
"2025-10-07","51075","Goochland","Age_Group","0-4","10","8","477","375","0.008","0.391","2024-25"
"2024-09-10","51075","Goochland","Age_Group","0-4","79","60","501","407","6.3%","42.4%","2023-24"
"2026-04-13","51075","Goochland","Age_Group","12-17","0","0","0","0","0","0","2025-26"
"2024-09-10","51075","Goochland","Age_Group","12-17","86","85","358","346","5.5%","22.4%","2023-24"
"2025-10-07","51075","Goochland","Age_Group","12-17","99","98","344","343","0.063","0.222","2024-25"
"2026-04-13","51075","Goochland","Age_Group","18-30","0","0","0","0","0","0","2025-26"
"2025-10-07","51075","Goochland","Age_Group","18-30","133","131","595","590","0.038","0.169","2024-25"
"2024-09-10","51075","Goochland","Age_Group","18-30","177","169","651","631","4.9%","18.1%","2023-24"
"2026-04-13","51075","Goochland","Age_Group","31-49","0","0","0","0","0","0","2025-26"
"2024-09-10","51075","Goochland","Age_Group","31-49","367","357","1,227","1,201","6.5%","21.8%","2023-24"
"2025-10-07","51075","Goochland","Age_Group","31-49","374","372","1058","1057","0.068","0.192","2024-25"
"2026-04-13","51075","Goochland","Age_Group","50-64","0","0","0","0","0","0","2025-26"
"2024-09-10","51075","Goochland","Age_Group","50-64","1,040","1,001","2,308","2,225","15.6%","34.6%","2023-24"
"2025-10-07","51075","Goochland","Age_Group","50-64","872","852","2014","2000","0.132","0.311","2024-25"
"2026-04-13","51075","Goochland","Age_Group","5-11","0","0","0","0","0","0","2025-26"
"2024-09-10","51075","Goochland","Age_Group","5-11","66","66","433","421","4.0%","25.7%","2023-24"
"2025-10-07","51075","Goochland","Age_Group","5-11","76","76","383","381","0.046","0.232","2024-25"
"2026-04-13","51075","Goochland","Age_Group","65+","0","0","0","0","0","0","2025-26"
"2024-09-10","51075","Goochland","Age_Group","65+","3,090","2,590","4,830","4,473","40.2%","69.4%","2023-24"
"2025-10-07","51075","Goochland","Age_Group","65+","3197","2747","4637","4599","0.426","0.713","2024-25"
"2026-04-13","51075","Goochland","Race and Ethnicity","Asian or Pacific Islander","0","0","0","0","0","0","2025-26"
"2024-09-10","51075","Goochland","Race and Ethnicity","Asian or Pacific Islander","114","103","224","214","22.1%","45.9%","2023-24"
"2025-10-07","51075","Goochland","Race and Ethnicity","Asian or Pacific Islander","125","114","267","259","0.245","0.556","2024-25"
"2026-04-13","51075","Goochland","Race and Ethnicity","Black","0","0","0","0","0","0","2025-26"
"2025-10-07","51075","Goochland","Race and Ethnicity","Black","490","473","927","916","0.132","0.255","2024-25"
"2024-09-10","51075","Goochland","Race and Ethnicity","Black","568","537","1,107","1,030","15.0%","28.7%","2023-24"
"2026-04-13","51075","Goochland","Age_Group","Female","0","0","0","0","0","0","2025-26"
"2026-04-13","51075","Goochland","Race and Ethnicity","Female","0","0","0","0","0","0","2025-26"
"2026-04-13","51075","Goochland","Sex","Female","1648","1562","4630","4577","0","0","2025-26"
"2024-09-10","51075","Goochland","Sex","Female","2,734","2,416","5,786","5,456","18.4%","41.5%","2023-24"
"2025-10-07","51075","Goochland","Sex","Female","2574","2303","5342","5246","0","0","2024-25"
"2026-04-13","51075","Goochland","Race and Ethnicity","Latino","0","0","0","0","0","0","2025-26"
"2024-09-10","51075","Goochland","Race and Ethnicity","Latino","74","68","269","247","7.8%","28.4%","2023-24"
"2025-10-07","51075","Goochland","Race and Ethnicity","Latino","89","81","277","273","0.093","0.313","2024-25"
"2026-04-13","51075","Goochland","Age_Group","Male","0","0","0","0","0","0","2025-26"
"2026-04-13","51075","Goochland","Race and Ethnicity","Male","0","0","0","0","0","0","2025-26"
"2026-04-13","51075","Goochland","Sex","Male","1371","1291","3714","3641","0","0","2025-26"
"2024-09-10","51075","Goochland","Sex","Male","2,171","1,912","4,515","4,241","14.8%","32.9%","2023-24"
"2025-10-07","51075","Goochland","Sex","Male","2187","1981","4163","4096","0","0","2024-25"
"2026-04-13","51075","Goochland","Race and Ethnicity","Native American","0","0","0","0","0","0","2025-26"
"2025-10-07","51075","Goochland","Race and Ethnicity","Native American","103","81","163","160","1.723","3.404","2024-25"
"2024-09-10","51075","Goochland","Race and Ethnicity","Native American","108","87","169","159","185.1%","338.3%","2023-24"
"2024-09-10","51075","Goochland","Sex","Not Reported","0","0","7","7","","","2023-24"
"2026-04-13","51075","Goochland","Race and Ethnicity","Not Reported","0","0","0","0","0","0","2025-26"
"2026-04-13","51075","Goochland","Sex","Not Reported","0","0","0","0","0","0","2025-26"
"2024-09-10","51075","Goochland","Race and Ethnicity","Not Reported","130","116","634","602","","","2023-24"
"2025-10-07","51075","Goochland","Race and Ethnicity","Not Reported","95","88","335","316","0.003","0.012","2024-25"
"2026-04-13","51071","Giles","Age_Group","Female","0","0","0","0","0","0","2025-26"
"2026-04-13","51071","Giles","Race and Ethnicity","Female","0","0","0","0","0","0","2025-26"
"2026-04-13","51071","Giles","Sex","Female","375","316","2071","2029","0","0","2025-26"
"2025-10-07","51071","Giles","Sex","Female","623","595","2333","2292","0","0","2024-25"
"2024-09-10","51071","Giles","Sex","Female","719","659","2,751","2,590","8.0%","31.6%","2023-24"
"2026-04-13","51071","Giles","Race and Ethnicity","Latino","0","0","0","0","0","0","2025-26"
"2025-10-07","51071","Giles","Race and Ethnicity","Latino","16","15","71","68","0.048","0.219","2024-25"
"2024-09-10","51071","Giles","Race and Ethnicity","Latino","30","28","66","62","9.0%","20.0%","2023-24"
"2026-04-13","51071","Giles","Age_Group","Male","0","0","0","0","0","0","2025-26"
"2026-04-13","51071","Giles","Race and Ethnicity","Male","0","0","0","0","0","0","2025-26"
"2026-04-13","51071","Giles","Sex","Male","336","296","1616","1581","0","0","2025-26"
"2025-10-07","51071","Giles","Sex","Male","541","514","1763","1722","0","0","2024-25"
"2024-09-10","51071","Giles","Sex","Male","634","572","2,090","1,965","7.0%","24.0%","2023-24"
"2026-04-13","51071","Giles","Race and Ethnicity","Native American","0","0","0","0","0","0","2025-26"
"2025-10-07","51071","Giles","Race and Ethnicity","Native American","14","11","20","20","0.524","0.952","2024-25"
"2024-09-10","51071","Giles","Race and Ethnicity","Native American","3","3","9","9","14.3%","42.9%","2023-24"
"2024-09-10","51071","Giles","Sex","Not Reported","0","0","2","2","","","2023-24"
"2026-04-13","51071","Giles","Race and Ethnicity","Not Reported","0","0","0","0","0","0","2025-26"
"2026-04-13","51071","Giles","Sex","Not Reported","0","0","0","0","0","0","2025-26"
"2025-10-07","51071","Giles","Race and Ethnicity","Not Reported","44","42","625","609","0.003","0.037","2024-25"
"2025-10-07","51075","Goochland","Sex","OTHER","0","0","1","1","0","0","2024-25"
"2026-04-13","51075","Goochland","Race and Ethnicity","Other Race","0","0","0","0","0","0","2025-26"
"2024-09-10","51075","Goochland","Race and Ethnicity","Other Race","37","34","115","111","7.5%","24.5%","2023-24"
"2025-10-07","51075","Goochland","Race and Ethnicity","Other Race","38","35","115","105","0.077","0.232","2024-25"
"2026-04-13","51075","Goochland","Age_Group","Unknown","0","0","0","0","0","0","2025-26"
"2026-04-13","51075","Goochland","Race and Ethnicity","Unknown","0","0","0","0","0","0","2025-26"
"2025-10-07","51075","Goochland","Sex","UNKNOWN","0","0","2","2","0","0","2024-25"
"2026-04-13","51075","Goochland","Sex","UNKNOWN","0","0","3","3","0","0","2025-26"
"2026-04-13","51075","Goochland","Race and Ethnicity","White","0","0","0","0","0","0","2025-26"
"2024-09-10","51075","Goochland","Race and Ethnicity","White","3,874","3,383","7,790","7,341","16.4%","35.6%","2023-24"
"2025-10-07","51075","Goochland","Race and Ethnicity","White","3821","3412","7424","7316","0.166","0.355","2024-25"
"2026-04-13","51077","Grayson","Age_Group","0-4","0","0","0","0","0","0","2025-26"
"2025-10-07","51077","Grayson","Age_Group","0-4","1","1","76","63","0.002","0.111","2024-25"
"2024-09-10","51077","Grayson","Age_Group","0-4","5","5","86","72","0.9%","12.6%","2023-24"
"2026-04-13","51077","Grayson","Age_Group","12-17","0","0","0","0","0","0","2025-26"
"2024-09-10","51077","Grayson","Age_Group","12-17","10","10","132","131","1.2%","15.1%","2023-24"
"2025-10-07","51077","Grayson","Age_Group","12-17","6","6","91","91","0.007","0.105","2024-25"
"2026-04-13","51077","Grayson","Age_Group","18-30","0","0","0","0","0","0","2025-26"
"2025-10-07","51077","Grayson","Age_Group","18-30","12","12","185","182","0.006","0.087","2024-25"
"2024-09-10","51077","Grayson","Age_Group","18-30","56","54","244","241","2.6%","11.5%","2023-24"
"2026-04-13","51077","Grayson","Age_Group","31-49","0","0","0","0","0","0","2025-26"
"2024-09-10","51077","Grayson","Age_Group","31-49","175","174","626","611","5.3%","18.5%","2023-24"
"2025-10-07","51077","Grayson","Age_Group","31-49","39","39","502","495","0.012","0.15","2024-25"
"2026-04-13","51077","Grayson","Age_Group","50-64","0","0","0","0","0","0","2025-26"
"2025-10-07","51077","Grayson","Age_Group","50-64","121","121","705","701","0.035","0.201","2024-25"
"2024-09-10","51077","Grayson","Age_Group","50-64","276","271","886","856","7.8%","24.6%","2023-24"
"2026-04-13","51077","Grayson","Age_Group","5-11","0","0","0","0","0","0","2025-26"
"2024-09-10","51077","Grayson","Age_Group","5-11","1","1","178","176","0.1%","17.6%","2023-24"
"2025-10-07","51077","Grayson","Age_Group","5-11","2","2","153","151","0.002","0.151","2024-25"
"2026-04-13","51077","Grayson","Age_Group","65+","0","0","0","0","0","0","2025-26"
"2025-10-07","51077","Grayson","Age_Group","65+","563","542","1642","1621","0.137","0.408","2024-25"
"2024-09-10","51077","Grayson","Age_Group","65+","626","590","1,876","1,825","14.9%","46.0%","2023-24"
"2026-04-13","51077","Grayson","Race and Ethnicity","Asian or Pacific Islander","0","0","0","0","0","0","2025-26"
"2024-09-10","51077","Grayson","Race and Ethnicity","Asian or Pacific Islander","3","3","15","15","14.3%","71.4%","2023-24"
"2025-10-07","51077","Grayson","Race and Ethnicity","Asian or Pacific Islander","5","5","15","15","0.238","0.714","2024-25"
"2026-04-13","51077","Grayson","Race and Ethnicity","Black","0","0","0","0","0","0","2025-26"
"2025-10-07","51077","Grayson","Race and Ethnicity","Black","20","19","152","149","0.02","0.155","2024-25"
"2024-09-10","51077","Grayson","Race and Ethnicity","Black","38","37","99","94","3.9%","9.8%","2023-24"
"2026-04-13","51077","Grayson","Age_Group","Female","0","0","0","0","0","0","2025-26"
"2026-04-13","51077","Grayson","Race and Ethnicity","Female","0","0","0","0","0","0","2025-26"
"2026-04-13","51077","Grayson","Sex","Female","194","193","1355","1339","0","0","2025-26"
"2025-10-07","51077","Grayson","Sex","Female","382","375","1641","1617","0","0","2024-25"
"2024-09-10","51077","Grayson","Sex","Female","471","450","1,915","1,855","6.2%","25.6%","2023-24"
"2026-04-13","51077","Grayson","Race and Ethnicity","Latino","0","0","0","0","0","0","2025-26"
"2024-09-10","51077","Grayson","Race and Ethnicity","Latino","10","10","77","73","1.6%","11.8%","2023-24"
"2025-10-07","51077","Grayson","Race and Ethnicity","Latino","8","8","71","70","0.013","0.113","2024-25"
"2026-04-13","51077","Grayson","Age_Group","Male","0","0","0","0","0","0","2025-26"
"2026-04-13","51077","Grayson","Race and Ethnicity","Male","0","0","0","0","0","0","2025-26"
"2026-04-13","51077","Grayson","Sex","Male","169","167","1106","1091","0","0","2025-26"
"2025-10-07","51077","Grayson","Sex","Male","362","348","1712","1686","0","0","2024-25"
"2024-09-10","51077","Grayson","Sex","Male","678","655","2,113","2,057","8.1%","25.5%","2023-24"
"2026-04-13","51077","Grayson","Race and Ethnicity","Native American","0","0","0","0","0","0","2025-26"
"2024-09-10","51077","Grayson","Race and Ethnicity","Native American","12","11","31","31","35.5%","100.0%","2023-24"
"2025-10-07","51077","Grayson","Race and Ethnicity","Native American","16","14","34","33","0.452","1.065","2024-25"
"2026-04-13","51077","Grayson","Race and Ethnicity","Not Reported","0","0","0","0","0","0","2025-26"
"2026-04-13","51077","Grayson","Sex","Not Reported","0","0","0","0","0","0","2025-26"
"2025-10-07","51077","Grayson","Race and Ethnicity","Not Reported","13","13","365","360","0.001","0.024","2024-25"
"2024-09-10","51077","Grayson","Race and Ethnicity","Not Reported","271","270","790","776","","","2023-24"
"2026-04-13","51077","Grayson","Race and Ethnicity","Other Race","0","0","0","0","0","0","2025-26"
"2025-10-07","51077","Grayson","Race and Ethnicity","Other Race","4","4","22","20","0.018","0.088","2024-25"
"2024-09-10","51077","Grayson","Race and Ethnicity","Other Race","5","5","39","37","2.2%","16.2%","2023-24"
"2026-04-13","51077","Grayson","Age_Group","Unknown","0","0","0","0","0","0","2025-26"
"2026-04-13","51077","Grayson","Race and Ethnicity","Unknown","0","0","0","0","0","0","2025-26"
"2026-04-13","51077","Grayson","Sex","Unknown","0","0","0","0","0","0","2025-26"
"2025-10-07","51077","Grayson","Sex","UNKNOWN","0","0","1","1","0","0","2024-25"
"2026-04-13","51077","Grayson","Race and Ethnicity","White","0","0","0","0","0","0","2025-26"
"2025-10-07","51077","Grayson","Race and Ethnicity","White","678","660","2695","2657","0.049","0.198","2024-25"
"2024-09-10","51077","Grayson","Race and Ethnicity","White","810","769","2,977","2,886","5.7%","21.5%","2023-24"
"2026-04-13","51079","Greene","Age_Group","0-4","0","0","0","0","0","0","2025-26"
"2025-10-07","51079","Greene","Age_Group","0-4","69","51","541","442","0.04","0.347","2024-25"
"2024-09-10","51079","Greene","Age_Group","0-4","98","88","622","497","6.9%","39.0%","2023-24"
"2026-04-13","51079","Greene","Age_Group","12-17","0","0","0","0","0","0","2025-26"
"2024-09-10","51079","Greene","Age_Group","12-17","82","79","457","446","4.8%","26.9%","2023-24"
"2025-10-07","51079","Greene","Age_Group","12-17","99","97","366","365","0.058","0.22","2024-25"
"2026-04-13","51079","Greene","Age_Group","18-30","0","0","0","0","0","0","2025-26"
"2024-09-10","51079","Greene","Age_Group","18-30","126","117","613","590","3.9%","19.7%","2023-24"
"2025-10-07","51079","Greene","Age_Group","18-30","159","156","552","549","0.052","0.183","2024-25"
"2026-04-13","51079","Greene","Age_Group","31-49","0","0","0","0","0","0","2025-26"
"2024-09-10","51079","Greene","Age_Group","31-49","383","366","1,204","1,158","7.4%","23.4%","2023-24"
"2025-10-07","51079","Greene","Age_Group","31-49","445","429","1122","1116","0.087","0.225","2024-25"
"2026-04-13","51079","Greene","Age_Group","50-64","0","0","0","0","0","0","2025-26"
"2025-10-07","51079","Greene","Age_Group","50-64","643","622","1414","1401","0.146","0.328","2024-25"
"2024-09-10","51079","Greene","Age_Group","50-64","684","624","1,659","1,572","14.6%","36.8%","2023-24"
"2026-04-13","51079","Greene","Age_Group","5-11","0","0","0","0","0","0","2025-26"
"2025-10-07","51079","Greene","Age_Group","5-11","115","113","437","431","0.061","0.234","2024-25"
"2024-09-10","51079","Greene","Age_Group","5-11","118","116","499","485","6.3%","26.4%","2023-24"
"2026-04-13","51079","Greene","Age_Group","65+","0","0","0","0","0","0","2025-26"
"2024-09-10","51079","Greene","Age_Group","65+","1,639","1,324","2,852","2,586","32.9%","64.2%","2023-24"
"2025-10-07","51079","Greene","Age_Group","65+","1644","1435","2467","2439","0.356","0.605","2024-25"
"2026-04-13","51079","Greene","Race and Ethnicity","Asian or Pacific Islander","0","0","0","0","0","0","2025-26"
"2025-10-07","51079","Greene","Race and Ethnicity","Asian or Pacific Islander","103","95","243","237","0.196","0.49","2024-25"
"2024-09-10","51079","Greene","Race and Ethnicity","Asian or Pacific Islander","83","73","225","213","15.1%","44.0%","2023-24"
"2026-04-13","51079","Greene","Race and Ethnicity","Black","0","0","0","0","0","0","2025-26"
"2025-10-07","51079","Greene","Race and Ethnicity","Black","260","247","564","544","0.162","0.357","2024-25"
"2024-09-10","51079","Greene","Race and Ethnicity","Black","264","245","632","590","16.1%","38.7%","2023-24"
"2026-04-13","51079","Greene","Age_Group","Female","0","0","0","0","0","0","2025-26"
"2026-04-13","51079","Greene","Race and Ethnicity","Female","0","0","0","0","0","0","2025-26"
"2024-09-10","51079","Greene","Sex","Female","1,757","1,533","4,444","4,141","14.4%","39.0%","2023-24"
"2026-04-13","51079","Greene","Sex","Female","1031","957","3293","3190","0","0","2025-26"
"2025-10-07","51079","Greene","Sex","Female","1770","1631","3949","3873","0","0","2024-25"
"2026-04-13","51079","Greene","Race and Ethnicity","Latino","0","0","0","0","0","0","2025-26"
"2024-09-10","51079","Greene","Race and Ethnicity","Latino","155","142","447","425","9.4%","28.2%","2023-24"
"2025-10-07","51079","Greene","Race and Ethnicity","Latino","182","174","498","486","0.115","0.322","2024-25"
"2026-04-13","51079","Greene","Age_Group","Male","0","0","0","0","0","0","2025-26"
"2026-04-13","51079","Greene","Race and Ethnicity","Male","0","0","0","0","0","0","2025-26"
"2024-09-10","51079","Greene","Sex","Male","1,373","1,181","3,454","3,185","11.3%","30.6%","2023-24"
"2025-10-07","51079","Greene","Sex","Male","1404","1272","2946","2866","0","0","2024-25"
"2026-04-13","51079","Greene","Sex","Male","774","728","2439","2365","0","0","2025-26"
"2026-04-13","51079","Greene","Race and Ethnicity","Native American","0","0","0","0","0","0","2025-26"
"2024-09-10","51079","Greene","Race and Ethnicity","Native American","26","23","56","48","56.1%","117.1%","2023-24"
"2025-10-07","51079","Greene","Race and Ethnicity","Native American","30","27","61","60","0.659","1.463","2024-25"
"2024-09-10","51079","Greene","Sex","Not Reported","0","0","8","8","","","2023-24"
"2026-04-13","51079","Greene","Race and Ethnicity","Not Reported","0","0","0","0","0","0","2025-26"
"2026-04-13","51079","Greene","Sex","Not Reported","0","0","0","0","0","0","2025-26"
"2025-10-07","51079","Greene","Race and Ethnicity","Not Reported","33","29","187","173","0.001","0.008","2024-25"
"2024-09-10","51079","Greene","Race and Ethnicity","Not Reported","37","35","344","320","","","2023-24"
"2026-04-13","51079","Greene","Race and Ethnicity","Other Race","0","0","0","0","0","0","2025-26"
"2024-09-10","51079","Greene","Race and Ethnicity","Other Race","23","20","88","80","3.3%","13.4%","2023-24"
"2025-10-07","51079","Greene","Race and Ethnicity","Other Race","30","26","77","66","0.043","0.11","2024-25"
"2026-04-13","51079","Greene","Age_Group","Unknown","0","0","0","0","0","0","2025-26"
"2026-04-13","51079","Greene","Race and Ethnicity","Unknown","0","0","0","0","0","0","2025-26"
"2025-10-07","51079","Greene","Sex","UNKNOWN","0","0","4","4","0","0","2024-25"
"2026-04-13","51079","Greene","Sex","UNKNOWN","1","1","4","4","0","0","2025-26"
"2026-04-13","51079","Greene","Race and Ethnicity","White","0","0","0","0","0","0","2025-26"
"2024-09-10","51079","Greene","Race and Ethnicity","White","2,542","2,176","6,114","5,658","12.9%","33.5%","2023-24"
"2025-10-07","51079","Greene","Race and Ethnicity","White","2536","2305","5269","5177","0.137","0.307","2024-25"
"2026-04-13","51081","Greensville","Age_Group","0-4","0","0","0","0","0","0","2025-26"
"2024-09-10","51081","Greensville","Age_Group","0-4","1","1","105","78","0.2%","16.8%","2023-24"
"2025-10-07","51081","Greensville","Age_Group","0-4","2","2","88","70","0.004","0.151","2024-25"
"2026-04-13","51081","Greensville","Age_Group","12-17","0","0","0","0","0","0","2025-26"
"2025-10-07","51081","Greensville","Age_Group","12-17","5","5","23","23","0.007","0.034","2024-25"
"2024-09-10","51081","Greensville","Age_Group","12-17","6","5","38","38","0.7%","5.7%","2023-24"
"2026-04-13","51081","Greensville","Age_Group","18-30","0","0","0","0","0","0","2025-26"
"2024-09-10","51081","Greensville","Age_Group","18-30","20","18","109","106","0.9%","5.2%","2023-24"
"2025-10-07","51081","Greensville","Age_Group","18-30","6","6","150","149","0.003","0.074","2024-25"
"2026-04-13","51081","Greensville","Age_Group","31-49","0","0","0","0","0","0","2025-26"
"2025-10-07","51081","Greensville","Age_Group","31-49","39","38","420","419","0.011","0.126","2024-25"
"2024-09-10","51081","Greensville","Age_Group","31-49","72","68","295","288","2.0%","8.7%","2023-24"
"2026-04-13","51081","Greensville","Age_Group","50-64","0","0","0","0","0","0","2025-26"
"2025-10-07","51081","Greensville","Age_Group","50-64","109","108","570","565","0.049","0.255","2024-25"
"2024-09-10","51081","Greensville","Age_Group","50-64","214","197","790","767","8.9%","34.6%","2023-24"
"2026-04-13","51081","Greensville","Age_Group","5-11","0","0","0","0","0","0","2025-26"
"2025-10-07","51081","Greensville","Age_Group","5-11","1","1","39","39","0.001","0.058","2024-25"
"2024-09-10","51081","Greensville","Age_Group","5-11","4","4","56","56","0.6%","8.4%","2023-24"
"2026-04-13","51081","Greensville","Age_Group","65+","0","0","0","0","0","0","2025-26"
"2025-10-07","51081","Greensville","Age_Group","65+","383","374","847","834","0.211","0.47","2024-25"
"2024-09-10","51081","Greensville","Age_Group","65+","420","395","1,054","1,008","22.3%","56.9%","2023-24"
"2026-04-13","51081","Greensville","Race and Ethnicity","Asian or Pacific Islander","0","0","0","0","0","0","2025-26"
"2025-10-07","51081","Greensville","Race and Ethnicity","Asian or Pacific Islander","2","2","24","23","0.026","0.303","2024-25"
"2024-09-10","51081","Greensville","Race and Ethnicity","Asian or Pacific Islander","2","2","10","8","2.6%","10.5%","2023-24"
"2026-04-13","51081","Greensville","Race and Ethnicity","Black","0","0","0","0","0","0","2025-26"
"2025-10-07","51081","Greensville","Race and Ethnicity","Black","372","361","989","968","0.054","0.145","2024-25"
"2024-09-10","51081","Greensville","Race and Ethnicity","Black","410","372","1,092","1,033","5.6%","15.5%","2023-24"
"2026-04-13","51081","Greensville","Age_Group","Female","0","0","0","0","0","0","2025-26"
"2026-04-13","51081","Greensville","Race and Ethnicity","Female","0","0","0","0","0","0","2025-26"
"2026-04-13","51081","Greensville","Sex","Female","165","163","713","706","0","0","2025-26"
"2025-10-07","51081","Greensville","Sex","Female","278","274","806","788","0","0","2024-25"
"2024-09-10","51081","Greensville","Sex","Female","344","321","1,078","1,022","7.7%","24.6%","2023-24"
"2026-04-13","51081","Greensville","Race and Ethnicity","Latino","0","0","0","0","0","0","2025-26"
"2025-10-07","51081","Greensville","Race and Ethnicity","Latino","20","20","87","85","0.064","0.273","2024-25"
"2024-09-10","51081","Greensville","Race and Ethnicity","Latino","28","28","72","69","9.0%","22.2%","2023-24"
"2026-04-13","51081","Greensville","Age_Group","Male","0","0","0","0","0","0","2025-26"
"2026-04-13","51081","Greensville","Race and Ethnicity","Male","0","0","0","0","0","0","2025-26"
"2026-04-13","51081","Greensville","Sex","Male","119","116","506","498","0","0","2025-26"
"2025-10-07","51081","Greensville","Sex","Male","267","260","1331","1311","0","0","2024-25"
"2024-09-10","51081","Greensville","Sex","Male","393","367","1,369","1,319","5.2%","18.9%","2023-24"
"2026-04-13","51081","Greensville","Race and Ethnicity","Native American","0","0","0","0","0","0","2025-26"
"2025-10-07","51081","Greensville","Race and Ethnicity","Native American","2","2","10","10","0.118","0.588","2024-25"
"2024-09-10","51081","Greensville","Race and Ethnicity","Native American","6","5","20","18","29.4%","105.9%","2023-24"
"2026-04-13","51081","Greensville","Race and Ethnicity","Not Reported","0","0","0","0","0","0","2025-26"
"2025-10-07","51081","Greensville","Race and Ethnicity","Not Reported","8","8","336","335","0.001","0.03","2024-25"
"2024-09-10","51081","Greensville","Race and Ethnicity","Not Reported","85","83","413","404","","","2023-24"
"2026-04-13","51081","Greensville","Race and Ethnicity","Other Race","0","0","0","0","0","0","2025-26"
"2025-10-07","51081","Greensville","Race and Ethnicity","Other Race","3","3","16","16","0.027","0.142","2024-25"
"2024-09-10","51081","Greensville","Race and Ethnicity","Other Race","6","6","12","12","5.3%","10.6%","2023-24"
"2026-04-13","51081","Greensville","Age_Group","Unknown","0","0","0","0","0","0","2025-26"
"2026-04-13","51081","Greensville","Race and Ethnicity","Unknown","0","0","0","0","0","0","2025-26"
"2026-04-13","51081","Greensville","Sex","Unknown","0","0","0","0","0","0","2025-26"
"2026-04-13","51081","Greensville","Race and Ethnicity","White","0","0","0","0","0","0","2025-26"
"2025-10-07","51081","Greensville","Race and Ethnicity","White","138","138","675","662","0.035","0.167","2024-25"
"2024-09-10","51081","Greensville","Race and Ethnicity","White","200","192","828","797","4.8%","20.1%","2023-24"
"2026-04-13","51083","Halifax","Age_Group","0-4","0","0","0","0","0","0","2025-26"
"2025-10-07","51083","Halifax","Age_Group","0-4","0","0","504","415","0","0.229","2024-25"
"2024-09-10","51083","Halifax","Age_Group","0-4","11","10","563","441","0.6%","24.4%","2023-24"
"2026-04-13","51083","Halifax","Age_Group","12-17","0","0","0","0","0","0","2025-26"
"2024-09-10","51083","Halifax","Age_Group","12-17","53","53","432","414","2.3%","17.9%","2023-24"
"2025-10-07","51083","Halifax","Age_Group","12-17","54","53","376","375","0.023","0.162","2024-25"
"2026-04-13","51083","Halifax","Age_Group","18-30","0","0","0","0","0","0","2025-26"
"2025-10-07","51083","Halifax","Age_Group","18-30","50","49","388","387","0.01","0.081","2024-25"
"2024-09-10","51083","Halifax","Age_Group","18-30","66","65","444","428","1.4%","9.0%","2023-24"
"2026-04-13","51083","Halifax","Age_Group","31-49","0","0","0","0","0","0","2025-26"
"2024-09-10","51083","Halifax","Age_Group","31-49","157","151","892","855","2.3%","13.2%","2023-24"
"2025-10-07","51083","Halifax","Age_Group","31-49","98","98","772","764","0.015","0.118","2024-25"
"2026-04-13","51083","Halifax","Age_Group","50-64","0","0","0","0","0","0","2025-26"
"2025-10-07","51083","Halifax","Age_Group","50-64","348","336","1335","1316","0.048","0.189","2024-25"
"2024-09-10","51083","Halifax","Age_Group","50-64","419","403","1,717","1,601","5.8%","23.0%","2023-24"
"2026-04-13","51083","Halifax","Age_Group","5-11","0","0","0","0","0","0","2025-26"
"2024-09-10","51083","Halifax","Age_Group","5-11","33","33","580","557","1.3%","21.3%","2023-24"
"2025-10-07","51083","Halifax","Age_Group","5-11","39","38","518","513","0.015","0.196","2024-25"
"2026-04-13","51083","Halifax","Age_Group","65+","0","0","0","0","0","0","2025-26"
"2024-09-10","51083","Halifax","Age_Group","65+","1,488","1,349","4,571","4,112","15.7%","47.7%","2023-24"
"2025-10-07","51083","Halifax","Age_Group","65+","1345","1254","3672","3611","0.146","0.419","2024-25"
"2026-04-13","51083","Halifax","Race and Ethnicity","Asian or Pacific Islander","0","0","0","0","0","0","2025-26"
"2024-09-10","51083","Halifax","Race and Ethnicity","Asian or Pacific Islander","11","9","53","50","4.6%","25.4%","2023-24"
"2025-10-07","51083","Halifax","Race and Ethnicity","Asian or Pacific Islander","12","12","61","60","0.061","0.305","2024-25"
"2026-04-13","51083","Halifax","Race and Ethnicity","Black","0","0","0","0","0","0","2025-26"
"2024-09-10","51083","Halifax","Race and Ethnicity","Black","1,033","961","3,447","3,130","8.2%","26.7%","2023-24"
"2025-10-07","51083","Halifax","Race and Ethnicity","Black","943","898","2847","2759","0.077","0.236","2024-25"
"2026-04-13","51083","Halifax","Age_Group","Female","0","0","0","0","0","0","2025-26"
"2026-04-13","51083","Halifax","Race and Ethnicity","Female","0","0","0","0","0","0","2025-26"
"2024-09-10","51083","Halifax","Sex","Female","1,298","1,203","5,421","4,963","6.9%","28.5%","2023-24"
"2025-10-07","51083","Halifax","Sex","Female","1086","1024","4482","4381","0","0","2024-25"
"2026-04-13","51083","Halifax","Sex","Female","531","506","3654","3585","0","0","2025-26"
"2026-04-13","51083","Halifax","Race and Ethnicity","Latino","0","0","0","0","0","0","2025-26"
"2024-09-10","51083","Halifax","Race and Ethnicity","Latino","48","44","179","158","5.1%","18.4%","2023-24"
"2025-10-07","51083","Halifax","Race and Ethnicity","Latino","53","49","183","178","0.057","0.207","2024-25"
"2026-04-13","51083","Halifax","Age_Group","Male","0","0","0","0","0","0","2025-26"
"2026-04-13","51083","Halifax","Race and Ethnicity","Male","0","0","0","0","0","0","2025-26"
"2026-04-13","51083","Halifax","Sex","Male","413","390","2450","2386","0","0","2025-26"
"2025-10-07","51083","Halifax","Sex","Male","848","804","3023","2940","0","0","2024-25"
"2024-09-10","51083","Halifax","Sex","Male","925","857","3,703","3,370","5.3%","20.8%","2023-24"
"2026-04-13","51083","Halifax","Race and Ethnicity","Native American","0","0","0","0","0","0","2025-26"
"2025-10-07","51083","Halifax","Race and Ethnicity","Native American","21","19","67","67","0.168","0.593","2024-25"
"2024-09-10","51083","Halifax","Race and Ethnicity","Native American","26","24","71","61","21.2%","54.0%","2023-24"
"2026-04-13","51083","Halifax","Race and Ethnicity","Not Reported","0","0","0","0","0","0","2025-26"
"2026-04-13","51083","Halifax","Sex","Not Reported","0","0","0","0","0","0","2025-26"
"2025-10-07","51083","Halifax","Race and Ethnicity","Not Reported","11","11","213","208","0","0.006","2024-25"
"2024-09-10","51083","Halifax","Race and Ethnicity","Not Reported","32","32","280","276","","","2023-24"
"2024-09-10","51083","Halifax","Sex","Not Reported","4","4","75","75","","","2023-24"
"2026-04-13","51083","Halifax","Race and Ethnicity","Other Race","0","0","0","0","0","0","2025-26"
"2025-10-07","51083","Halifax","Race and Ethnicity","Other Race","11","11","43","41","0.021","0.078","2024-25"
"2024-09-10","51083","Halifax","Race and Ethnicity","Other Race","15","15","57","53","2.8%","10.0%","2023-24"
"2026-04-13","51083","Halifax","Age_Group","Unknown","0","0","0","0","0","0","2025-26"
"2026-04-13","51083","Halifax","Race and Ethnicity","Unknown","0","0","0","0","0","0","2025-26"
"2026-04-13","51083","Halifax","Sex","UNKNOWN","0","0","46","45","0","0","2025-26"
"2025-10-07","51083","Halifax","Sex","UNKNOWN","0","0","60","60","0","0","2024-25"
"2026-04-13","51083","Halifax","Race and Ethnicity","White","0","0","0","0","0","0","2025-26"
"2024-09-10","51083","Halifax","Race and Ethnicity","White","1,062","979","5,112","4,680","4.9%","23.2%","2023-24"
"2025-10-07","51083","Halifax","Race and Ethnicity","White","883","828","4151","4068","0.041","0.202","2024-25"
"2026-04-13","51085","Hanover","Age_Group","0-4","0","0","0","0","0","0","2025-26"
"2024-09-10","51085","Hanover","Age_Group","0-4","453","357","2,949","2,386","6.4%","43.1%","2023-24"
"2025-10-07","51085","Hanover","Age_Group","0-4","61","49","2783","2256","0.009","0.407","2024-25"
"2026-04-13","51085","Hanover","Age_Group","12-17","0","0","0","0","0","0","2025-26"
"2025-10-07","51085","Hanover","Age_Group","12-17","551","546","2139","2130","0.062","0.241","2024-25"
"2024-09-10","51085","Hanover","Age_Group","12-17","578","557","2,254","2,182","6.3%","24.7%","2023-24"
"2026-04-13","51085","Hanover","Age_Group","18-30","0","0","0","0","0","0","2025-26"
"2025-10-07","51085","Hanover","Age_Group","18-30","832","823","2724","2708","0.05","0.164","2024-25"
"2024-09-10","51085","Hanover","Age_Group","18-30","917","879","3,094","2,984","5.3%","18.1%","2023-24"
"2026-04-13","51085","Hanover","Age_Group","31-49","0","0","0","0","0","0","2025-26"
"2025-10-07","51085","Hanover","Age_Group","31-49","1838","1817","5282","5257","0.069","0.199","2024-25"
"2024-09-10","51085","Hanover","Age_Group","31-49","2,068","1,977","5,711","5,547","7.5%","21.0%","2023-24"
"2026-04-13","51085","Hanover","Age_Group","50-64","0","0","0","0","0","0","2025-26"
"2024-09-10","51085","Hanover","Age_Group","50-64","3,786","3,555","7,992","7,618","14.6%","31.3%","2023-24"
"2025-10-07","51085","Hanover","Age_Group","50-64","3082","3016","7113","7073","0.124","0.291","2024-25"
"2026-04-13","51085","Hanover","Age_Group","5-11","0","0","0","0","0","0","2025-26"
"2025-10-07","51085","Hanover","Age_Group","5-11","564","564","2633","2618","0.06","0.279","2024-25"
"2024-09-10","51085","Hanover","Age_Group","5-11","575","570","2,759","2,703","6.1%","28.8%","2023-24"
"2026-04-13","51085","Hanover","Age_Group","65+","0","0","0","0","0","0","2025-26"
"2025-10-07","51085","Hanover","Age_Group","65+","7499","6935","12666","12578","0.317","0.574","2024-25"
"2024-09-10","51085","Hanover","Age_Group","65+","8,136","7,123","13,629","12,771","32.5%","58.3%","2023-24"
"2026-04-13","51085","Hanover","Race and Ethnicity","Asian or Pacific Islander","0","0","0","0","0","0","2025-26"
"2025-10-07","51085","Hanover","Race and Ethnicity","Asian or Pacific Islander","512","496","1485","1446","0.187","0.545","2024-25"
"2024-09-10","51085","Hanover","Race and Ethnicity","Asian or Pacific Islander","540","499","1,408","1,309","18.8%","49.4%","2023-24"
"2026-04-13","51085","Hanover","Race and Ethnicity","Black","0","0","0","0","0","0","2025-26"
"2024-09-10","51085","Hanover","Race and Ethnicity","Black","1,811","1,658","3,401","3,186","15.8%","30.4%","2023-24"
"2025-10-07","51085","Hanover","Race and Ethnicity","Black","1527","1473","2979","2931","0.14","0.28","2024-25"
"2026-04-13","51085","Hanover","Age_Group","Female","0","0","0","0","0","0","2025-26"
"2026-04-13","51085","Hanover","Race and Ethnicity","Female","0","0","0","0","0","0","2025-26"
"2026-04-13","51085","Hanover","Sex","Female","5340","5197","17950","17665","0","0","2025-26"
"2025-10-07","51085","Hanover","Sex","Female","8078","7723","19784","19410","0","0","2024-25"
"2024-09-10","51085","Hanover","Sex","Female","9,319","8,502","21,618","20,414","14.9%","35.8%","2023-24"
"2026-04-13","51085","Hanover","Race and Ethnicity","Latino","0","0","0","0","0","0","2025-26"
"2025-10-07","51085","Hanover","Race and Ethnicity","Latino","435","428","1516","1478","0.105","0.363","2024-25"
"2024-09-10","51085","Hanover","Race and Ethnicity","Latino","458","424","1,393","1,313","10.4%","32.2%","2023-24"
"2026-04-13","51085","Hanover","Age_Group","Male","0","0","0","0","0","0","2025-26"
"2026-04-13","51085","Hanover","Race and Ethnicity","Male","0","0","0","0","0","0","2025-26"
"2026-04-13","51085","Hanover","Sex","Male","4120","4025","13928","13683","0","0","2025-26"
"2025-10-07","51085","Hanover","Sex","Male","6347","6025","15550","15204","0","0","2024-25"
"2024-09-10","51085","Hanover","Sex","Male","7,194","6,516","16,764","15,771","11.6%","28.2%","2023-24"
"2026-04-13","51085","Hanover","Race and Ethnicity","Native American","0","0","0","0","0","0","2025-26"
"2024-09-10","51085","Hanover","Race and Ethnicity","Native American","277","247","560","522","63.7%","134.5%","2023-24"
"2025-10-07","51085","Hanover","Race and Ethnicity","Native American","437","411","965","960","1.059","2.474","2024-25"
"2024-09-10","51085","Hanover","Sex","Not Reported","0","0","6","6","","","2023-24"
"2026-04-13","51113","Madison","Age_Group","Male","0","0","0","0","0","0","2025-26"
"2026-04-13","51113","Madison","Race and Ethnicity","Male","0","0","0","0","0","0","2025-26"
"2026-04-13","51113","Madison","Sex","Male","448","410","1378","1341","0","0","2025-26"
"2025-10-07","51113","Madison","Sex","Male","723","653","1582","1540","0","0","2024-25"
"2024-09-10","51113","Madison","Sex","Male","776","693","1,861","1,722","10.2%","25.4%","2023-24"
"2026-04-13","51113","Madison","Race and Ethnicity","Native American","0","0","0","0","0","0","2025-26"
"2024-09-10","51113","Madison","Race and Ethnicity","Native American","19","17","25","24","154.5%","218.2%","2023-24"
"2025-10-07","51113","Madison","Race and Ethnicity","Native American","20","18","24","24","1.636","2.182","2024-25"
"2024-09-10","51113","Madison","Sex","Not Reported","0","0","2","2","","","2023-24"
"2026-04-13","51113","Madison","Race and Ethnicity","Not Reported","0","0","0","0","0","0","2025-26"
"2026-04-13","51113","Madison","Sex","Not Reported","0","0","0","0","0","0","2025-26"
"2024-09-10","51113","Madison","Race and Ethnicity","Not Reported","12","12","69","67","","","2023-24"
"2025-10-07","51113","Madison","Race and Ethnicity","Not Reported","5","5","37","36","0","0.003","2024-25"
"2026-04-13","51113","Madison","Race and Ethnicity","Other Race","0","0","0","0","0","0","2025-26"
"2025-10-07","51113","Madison","Race and Ethnicity","Other Race","7","7","25","22","0.018","0.057","2024-25"
"2024-09-10","51113","Madison","Race and Ethnicity","Other Race","8","7","34","32","1.8%","8.3%","2023-24"
"2026-04-13","51113","Madison","Age_Group","Unknown","0","0","0","0","0","0","2025-26"
"2026-04-13","51113","Madison","Race and Ethnicity","Unknown","0","0","0","0","0","0","2025-26"
"2025-10-07","51113","Madison","Sex","UNKNOWN","0","0","1","1","0","0","2024-25"
"2026-04-13","51113","Madison","Sex","UNKNOWN","0","0","2","2","0","0","2025-26"
"2026-04-13","51113","Madison","Race and Ethnicity","White","0","0","0","0","0","0","2025-26"
"2024-09-10","51113","Madison","Race and Ethnicity","White","1,473","1,317","3,579","3,316","11.2%","28.1%","2023-24"
"2025-10-07","51113","Madison","Race and Ethnicity","White","1329","1204","3010","2943","0.102","0.25","2024-25"
"2026-04-13","51115","Mathews","Age_Group","0-4","0","0","0","0","0","0","2025-26"
"2024-09-10","51115","Mathews","Age_Group","0-4","7","6","167","132","2.0%","43.3%","2023-24"
"2025-10-07","51115","Mathews","Age_Group","0-4","9","7","128","105","0.023","0.344","2024-25"
"2026-04-13","51115","Mathews","Age_Group","12-17","0","0","0","0","0","0","2025-26"
"2024-09-10","51115","Mathews","Age_Group","12-17","18","18","106","105","4.0%","23.3%","2023-24"
"2025-10-07","51115","Mathews","Age_Group","12-17","9","9","74","74","0.02","0.164","2024-25"
"2026-04-13","51115","Mathews","Age_Group","18-30","0","0","0","0","0","0","2025-26"
"2025-10-07","51115","Mathews","Age_Group","18-30","18","18","136","135","0.019","0.14","2024-25"
"2024-09-10","51115","Mathews","Age_Group","18-30","25","25","176","172","2.6%","17.9%","2023-24"
"2026-04-13","51115","Mathews","Age_Group","31-49","0","0","0","0","0","0","2025-26"
"2025-10-07","51115","Mathews","Age_Group","31-49","27","26","243","239","0.018","0.166","2024-25"
"2024-09-10","51115","Mathews","Age_Group","31-49","46","45","292","288","3.1%","20.0%","2023-24"
"2026-04-13","51115","Mathews","Age_Group","50-64","0","0","0","0","0","0","2025-26"
"2025-10-07","51115","Mathews","Age_Group","50-64","117","116","469","462","0.058","0.232","2024-25"
"2024-09-10","51115","Mathews","Age_Group","50-64","214","211","676","661","10.6%","33.2%","2023-24"
"2026-04-13","51115","Mathews","Age_Group","5-11","0","0","0","0","0","0","2025-26"
"2024-09-10","51115","Mathews","Age_Group","5-11","3","3","130","129","0.6%","25.4%","2023-24"
"2025-10-07","51115","Mathews","Age_Group","5-11","8","8","91","90","0.016","0.178","2024-25"
"2026-04-13","51115","Mathews","Age_Group","65+","0","0","0","0","0","0","2025-26"
"2025-10-07","51115","Mathews","Age_Group","65+","515","478","1108","1085","0.173","0.393","2024-25"
"2024-09-10","51115","Mathews","Age_Group","65+","777","730","1,606","1,545","26.4%","55.9%","2023-24"
"2026-04-13","51115","Mathews","Race and Ethnicity","Asian or Pacific Islander","0","0","0","0","0","0","2025-26"
"2024-09-10","51115","Mathews","Race and Ethnicity","Asian or Pacific Islander","4","4","21","18","5.9%","26.5%","2023-24"
"2025-10-07","51115","Mathews","Race and Ethnicity","Asian or Pacific Islander","5","5","18","18","0.074","0.265","2024-25"
"2026-04-13","51115","Mathews","Race and Ethnicity","Black","0","0","0","0","0","0","2025-26"
"2024-09-10","51115","Mathews","Race and Ethnicity","Black","112","103","273","261","15.9%","40.2%","2023-24"
"2025-10-07","51115","Mathews","Race and Ethnicity","Black","74","70","204","196","0.108","0.302","2024-25"
"2026-04-13","51115","Mathews","Age_Group","Female","0","0","0","0","0","0","2025-26"
"2026-04-13","51115","Mathews","Race and Ethnicity","Female","0","0","0","0","0","0","2025-26"
"2026-04-13","51115","Mathews","Sex","Female","238","212","1099","1071","0","0","2025-26"
"2025-10-07","51115","Mathews","Sex","Female","408","384","1324","1291","0","0","2024-25"
"2024-09-10","51115","Mathews","Sex","Female","622","592","1,843","1,783","13.8%","41.7%","2023-24"
"2026-04-13","51115","Mathews","Race and Ethnicity","Latino","0","0","0","0","0","0","2025-26"
"2025-10-07","51115","Mathews","Race and Ethnicity","Latino","10","10","42","42","0.044","0.185","2024-25"
"2024-09-10","51115","Mathews","Race and Ethnicity","Latino","12","12","54","51","5.3%","22.5%","2023-24"
"2026-04-13","51115","Mathews","Age_Group","Male","0","0","0","0","0","0","2025-26"
"2026-04-13","51115","Mathews","Race and Ethnicity","Male","0","0","0","0","0","0","2025-26"
"2026-04-13","51115","Mathews","Sex","Male","159","159","760","744","0","0","2025-26"
"2025-10-07","51115","Mathews","Sex","Male","295","278","923","897","0","0","2024-25"
"2024-09-10","51115","Mathews","Sex","Male","468","446","1,310","1,249","10.8%","30.2%","2023-24"
"2026-04-13","51115","Mathews","Race and Ethnicity","Native American","0","0","0","0","0","0","2025-26"
"2024-09-10","51115","Mathews","Race and Ethnicity","Native American","2","2","11","11","12.5%","68.8%","2023-24"
"2025-10-07","51115","Mathews","Race and Ethnicity","Native American","6","6","16","16","0.375","1","2024-25"
"2026-04-13","51115","Mathews","Race and Ethnicity","Not Reported","0","0","0","0","0","0","2025-26"
"2026-04-13","51115","Mathews","Sex","Not Reported","0","0","0","0","0","0","2025-26"
"2024-09-10","51115","Mathews","Race and Ethnicity","Not Reported","13","12","82","76","","","2023-24"
"2025-10-07","51115","Mathews","Race and Ethnicity","Not Reported","5","5","30","30","0.001","0.004","2024-25"
"2026-04-13","51115","Mathews","Race and Ethnicity","Other Race","0","0","0","0","0","0","2025-26"
"2025-10-07","51115","Mathews","Race and Ethnicity","Other Race","3","3","16","16","0.013","0.071","2024-25"
"2024-09-10","51115","Mathews","Race and Ethnicity","Other Race","5","5","23","22","2.2%","9.8%","2023-24"
"2026-04-13","51115","Mathews","Age_Group","Unknown","0","0","0","0","0","0","2025-26"
"2026-04-13","51115","Mathews","Race and Ethnicity","Unknown","0","0","0","0","0","0","2025-26"
"2026-04-13","51115","Mathews","Sex","Unknown","0","0","0","0","0","0","2025-26"
"2025-10-07","51115","Mathews","Sex","UNKNOWN","0","0","2","2","0","0","2024-25"
"2026-04-13","51115","Mathews","Race and Ethnicity","White","0","0","0","0","0","0","2025-26"
"2025-10-07","51115","Mathews","Race and Ethnicity","White","600","563","1923","1872","0.078","0.259","2024-25"
"2024-09-10","51115","Mathews","Race and Ethnicity","White","942","900","2,689","2,593","12.4%","35.8%","2023-24"
"2026-04-13","51117","Mecklenburg","Age_Group","0-4","0","0","0","0","0","0","2025-26"
"2025-10-07","51117","Mecklenburg","Age_Group","0-4","4","3","329","291","0.002","0.194","2024-25"
"2024-09-10","51117","Mecklenburg","Age_Group","0-4","7","6","454","371","0.4%","24.7%","2023-24"
"2026-04-13","51117","Mecklenburg","Age_Group","12-17","0","0","0","0","0","0","2025-26"
"2025-10-07","51117","Mecklenburg","Age_Group","12-17","28","27","243","240","0.015","0.13","2024-25"
"2024-09-10","51117","Mecklenburg","Age_Group","12-17","32","32","269","259","1.7%","14.0%","2023-24"
"2026-04-13","51117","Mecklenburg","Age_Group","18-30","0","0","0","0","0","0","2025-26"
"2025-10-07","51117","Mecklenburg","Age_Group","18-30","74","74","368","364","0.018","0.089","2024-25"
"2024-09-10","51117","Mecklenburg","Age_Group","18-30","81","80","430","417","1.9%","10.2%","2023-24"
"2026-04-13","51117","Mecklenburg","Age_Group","31-49","0","0","0","0","0","0","2025-26"
"2025-10-07","51117","Mecklenburg","Age_Group","31-49","160","157","834","828","0.027","0.14","2024-25"
"2024-09-10","51117","Mecklenburg","Age_Group","31-49","242","230","1,107","1,068","3.9%","18.0%","2023-24"
"2026-04-13","51117","Mecklenburg","Age_Group","50-64","0","0","0","0","0","0","2025-26"
"2025-10-07","51117","Mecklenburg","Age_Group","50-64","584","564","1735","1716","0.084","0.257","2024-25"
"2024-09-10","51117","Mecklenburg","Age_Group","50-64","808","768","2,340","2,199","11.5%","32.9%","2023-24"
"2026-04-13","51117","Mecklenburg","Age_Group","5-11","0","0","0","0","0","0","2025-26"
"2025-10-07","51117","Mecklenburg","Age_Group","5-11","10","10","296","294","0.005","0.138","2024-25"
"2024-09-10","51117","Mecklenburg","Age_Group","5-11","19","18","336","326","0.8%","15.2%","2023-24"
"2026-04-13","51117","Mecklenburg","Age_Group","65+","0","0","0","0","0","0","2025-26"
"2024-09-10","51117","Mecklenburg","Age_Group","65+","2,736","2,398","5,173","4,737","29.0%","57.3%","2023-24"
"2025-10-07","51117","Mecklenburg","Age_Group","65+","2360","2147","4161","4105","0.26","0.496","2024-25"
"2026-04-13","51117","Mecklenburg","Race and Ethnicity","Asian or Pacific Islander","0","0","0","0","0","0","2025-26"
"2024-09-10","51125","Nelson","Race and Ethnicity","White","2,471","2,093","4,791","4,528","17.6%","38.1%","2023-24"
"2025-10-07","51125","Nelson","Race and Ethnicity","White","2157","1902","3900","3830","0.16","0.322","2024-25"
"2026-04-13","51127","New Kent","Age_Group","0-4","0","0","0","0","0","0","2025-26"
"2025-10-07","51127","New Kent","Age_Group","0-4","18","14","505","404","0.011","0.316","2024-25"
"2024-09-10","51127","New Kent","Age_Group","0-4","65","49","575","451","3.8%","35.2%","2023-24"
"2026-04-13","51127","New Kent","Age_Group","12-17","0","0","0","0","0","0","2025-26"
"2025-10-07","51127","New Kent","Age_Group","12-17","57","57","316","315","0.037","0.203","2024-25"
"2024-09-10","51127","New Kent","Age_Group","12-17","72","67","364","360","4.3%","23.3%","2023-24"
"2026-04-13","51127","New Kent","Age_Group","18-30","0","0","0","0","0","0","2025-26"
"2025-10-07","51127","New Kent","Age_Group","18-30","122","119","467","465","0.032","0.124","2024-25"
"2024-09-10","51127","New Kent","Age_Group","18-30","94","91","475","452","2.4%","12.0%","2023-24"
"2026-04-13","51127","New Kent","Age_Group","31-49","0","0","0","0","0","0","2025-26"
"2025-10-07","51127","New Kent","Age_Group","31-49","256","255","1010","1002","0.04","0.156","2024-25"
"2024-09-10","51127","New Kent","Age_Group","31-49","299","287","1,111","1,068","4.5%","16.7%","2023-24"
"2026-04-13","51127","New Kent","Age_Group","50-64","0","0","0","0","0","0","2025-26"
"2025-10-07","51127","New Kent","Age_Group","50-64","619","601","1468","1448","0.11","0.265","2024-25"
"2024-09-10","51127","New Kent","Age_Group","50-64","667","629","1,721","1,609","11.5%","29.5%","2023-24"
"2026-04-13","51127","New Kent","Age_Group","5-11","0","0","0","0","0","0","2025-26"
"2024-09-10","51127","New Kent","Age_Group","5-11","49","49","469","462","2.6%","24.9%","2023-24"
"2025-10-07","51127","New Kent","Age_Group","5-11","53","53","421","420","0.029","0.227","2024-25"
"2026-04-13","51127","New Kent","Age_Group","65+","0","0","0","0","0","0","2025-26"
"2024-09-10","51127","New Kent","Age_Group","65+","1,852","1,668","3,405","3,126","35.8%","67.1%","2023-24"
"2025-10-07","51127","New Kent","Age_Group","65+","1842","1678","3115","3067","0.36","0.658","2024-25"
"2026-04-13","51127","New Kent","Race and Ethnicity","Asian or Pacific Islander","0","0","0","0","0","0","2025-26"
"2024-09-10","51127","New Kent","Race and Ethnicity","Asian or Pacific Islander","67","62","182","163","19.7%","51.7%","2023-24"
"2025-10-07","51127","New Kent","Race and Ethnicity","Asian or Pacific Islander","72","65","186","181","0.206","0.575","2024-25"
"2026-04-13","51127","New Kent","Race and Ethnicity","Black","0","0","0","0","0","0","2025-26"
"2024-09-10","51127","New Kent","Race and Ethnicity","Black","529","486","1,012","949","13.7%","26.8%","2023-24"
"2025-10-07","51127","New Kent","Race and Ethnicity","Black","549","508","934","920","0.144","0.26","2024-25"
"2026-04-13","51127","New Kent","Age_Group","Female","0","0","0","0","0","0","2025-26"
"2026-04-13","51127","New Kent","Race and Ethnicity","Female","0","0","0","0","0","0","2025-26"
"2024-09-10","51127","New Kent","Sex","Female","1,735","1,597","4,586","4,251","13.3%","35.3%","2023-24"
"2026-04-13","51127","New Kent","Sex","Female","1084","1064","3973","3904","0","0","2025-26"
"2025-10-07","51127","New Kent","Sex","Female","1633","1531","4164","4062","0","0","2024-25"
"2026-04-13","51127","New Kent","Race and Ethnicity","Latino","0","0","0","0","0","0","2025-26"
"2024-09-10","51127","New Kent","Race and Ethnicity","Latino","66","58","219","195","5.5%","18.3%","2023-24"
"2025-10-07","51127","New Kent","Race and Ethnicity","Latino","80","75","211","206","0.07","0.194","2024-25"
"2026-04-13","51127","New Kent","Age_Group","Male","0","0","0","0","0","0","2025-26"
"2026-04-13","51127","New Kent","Race and Ethnicity","Male","0","0","0","0","0","0","2025-26"
"2024-09-10","51127","New Kent","Sex","Male","1,363","1,243","3,527","3,270","9.6%","25.3%","2023-24"
"2025-10-07","51127","New Kent","Sex","Male","1334","1246","3132","3053","0","0","2024-25"
"2026-04-13","51127","New Kent","Sex","Male","848","827","3020","2948","0","0","2025-26"
"2026-04-13","51127","New Kent","Race and Ethnicity","Native American","0","0","0","0","0","0","2025-26"
"2024-09-10","51127","New Kent","Race and Ethnicity","Native American","62","58","154","142","22.7%","55.7%","2023-24"
"2025-10-07","51117","Mecklenburg","Race and Ethnicity","Asian or Pacific Islander","31","29","95","94","0.089","0.287","2024-25"
"2025-10-07","51127","New Kent","Race and Ethnicity","Native American","69","67","152","148","0.263","0.58","2024-25"
"2024-09-10","51117","Mecklenburg","Race and Ethnicity","Asian or Pacific Islander","32","30","92","85","9.2%","26.0%","2023-24"
"2024-09-10","51127","New Kent","Sex","Not Reported","0","0","7","7","","","2023-24"
"2026-04-13","51117","Mecklenburg","Race and Ethnicity","Black","0","0","0","0","0","0","2025-26"
"2026-04-13","51127","New Kent","Race and Ethnicity","Not Reported","0","0","0","0","0","0","2025-26"
"2024-09-10","51117","Mecklenburg","Race and Ethnicity","Black","1,467","1,319","3,361","3,071","13.3%","30.9%","2023-24"
"2026-04-13","51127","New Kent","Sex","Not Reported","0","0","0","0","0","0","2025-26"
"2025-10-07","51127","New Kent","Race and Ethnicity","Not Reported","28","28","232","221","0.001","0.009","2024-25"
"2025-10-07","51117","Mecklenburg","Race and Ethnicity","Black","1241","1147","2563","2510","0.116","0.253","2024-25"
"2024-09-10","51127","New Kent","Race and Ethnicity","Not Reported","49","46","440","406","","","2023-24"
"2026-04-13","51117","Mecklenburg","Age_Group","Female","0","0","0","0","0","0","2025-26"
"2026-04-13","51127","New Kent","Race and Ethnicity","Other Race","0","0","0","0","0","0","2025-26"
"2026-04-13","51117","Mecklenburg","Race and Ethnicity","Female","0","0","0","0","0","0","2025-26"
"2024-09-10","51127","New Kent","Race and Ethnicity","Other Race","18","14","104","94","2.1%","14.3%","2023-24"
"2026-04-13","51117","Mecklenburg","Sex","Female","1194","1000","3945","3886","0","0","2025-26"
"2025-10-07","51127","New Kent","Race and Ethnicity","Other Race","22","19","96","89","0.029","0.135","2024-25"
"2025-10-07","51117","Mecklenburg","Sex","Female","1768","1618","4421","4349","0","0","2024-25"
"2026-04-13","51127","New Kent","Age_Group","Unknown","0","0","0","0","0","0","2025-26"
"2024-09-10","51117","Mecklenburg","Sex","Female","2,187","1,950","5,672","5,256","12.6%","33.9%","2023-24"
"2026-04-13","51127","New Kent","Race and Ethnicity","Unknown","0","0","0","0","0","0","2025-26"
"2026-04-13","51117","Mecklenburg","Race and Ethnicity","Latino","0","0","0","0","0","0","2025-26"
"2026-04-13","51127","New Kent","Sex","UNKNOWN","0","0","5","5","0","0","2025-26"
"2025-10-07","51117","Mecklenburg","Race and Ethnicity","Latino","59","57","152","149","0.058","0.151","2024-25"
"2025-10-07","51127","New Kent","Sex","UNKNOWN","0","0","6","6","0","0","2024-25"
"2024-09-10","51117","Mecklenburg","Race and Ethnicity","Latino","66","63","195","179","6.4%","18.1%","2023-24"
"2026-04-13","51127","New Kent","Race and Ethnicity","White","0","0","0","0","0","0","2025-26"
"2026-04-13","51117","Mecklenburg","Age_Group","Male","0","0","0","0","0","0","2025-26"
"2024-09-10","51127","New Kent","Race and Ethnicity","White","2,307","2,116","6,009","5,579","11.1%","29.1%","2023-24"
"2026-04-13","51117","Mecklenburg","Race and Ethnicity","Male","0","0","0","0","0","0","2025-26"
"2025-10-07","51127","New Kent","Race and Ethnicity","White","2147","2015","5491","5356","0.105","0.28","2024-25"
"2024-09-10","51117","Mecklenburg","Sex","Male","1,738","1,582","4,430","4,114","10.6%","27.5%","2023-24"
"2026-04-13","51131","Northampton","Age_Group","0-4","0","0","0","0","0","0","2025-26"
"2024-09-10","51131","Northampton","Age_Group","0-4","17","11","277","206","2.2%","41.2%","2023-24"
"2025-10-07","51117","Mecklenburg","Sex","Male","1449","1361","3539","3483","0","0","2024-25"
"2025-10-07","51131","Northampton","Age_Group","0-4","2","2","124","95","0.004","0.19","2024-25"
"2026-04-13","51117","Mecklenburg","Sex","Male","952","802","2982","2928","0","0","2025-26"
"2026-04-13","51131","Northampton","Age_Group","12-17","0","0","0","0","0","0","2025-26"
"2026-04-13","51117","Mecklenburg","Race and Ethnicity","Native American","0","0","0","0","0","0","2025-26"
"2024-09-10","51131","Northampton","Age_Group","12-17","34","34","226","222","4.4%","28.5%","2023-24"
"2025-10-07","51117","Mecklenburg","Race and Ethnicity","Native American","18","14","40","39","0.144","0.402","2024-25"
"2025-10-07","51131","Northampton","Age_Group","12-17","7","7","87","87","0.009","0.112","2024-25"
"2024-09-10","51117","Mecklenburg","Race and Ethnicity","Native American","22","18","46","42","18.6%","43.3%","2023-24"
"2026-04-13","51131","Northampton","Age_Group","18-30","0","0","0","0","0","0","2025-26"
"2024-09-10","51117","Mecklenburg","Sex","Not Reported","0","0","7","7","","","2023-24"
"2025-10-07","51131","Northampton","Age_Group","18-30","19","19","109","109","0.013","0.077","2024-25"
"2026-04-13","51117","Mecklenburg","Race and Ethnicity","Not Reported","0","0","0","0","0","0","2025-26"
"2024-09-10","51131","Northampton","Age_Group","18-30","47","46","226","220","3.2%","15.5%","2023-24"
"2026-04-13","51117","Mecklenburg","Sex","Not Reported","0","0","0","0","0","0","2025-26"
"2026-04-13","51131","Northampton","Age_Group","31-49","0","0","0","0","0","0","2025-26"
"2025-10-07","51117","Mecklenburg","Race and Ethnicity","Not Reported","19","19","108","106","0.001","0.003","2024-25"
"2024-09-10","51131","Northampton","Age_Group","31-49","154","150","495","482","7.1%","22.8%","2023-24"
"2024-09-10","51117","Mecklenburg","Race and Ethnicity","Not Reported","51","50","260","255","","","2023-24"
"2025-10-07","51131","Northampton","Age_Group","31-49","68","68","283","280","0.032","0.132","2024-25"
"2026-04-13","51117","Mecklenburg","Race and Ethnicity","Other Race","0","0","0","0","0","0","2025-26"
"2026-04-13","51131","Northampton","Age_Group","50-64","0","0","0","0","0","0","2025-26"
"2025-10-07","51131","Northampton","Age_Group","50-64","268","261","632","618","0.098","0.231","2024-25"
"2025-10-07","51117","Mecklenburg","Race and Ethnicity","Other Race","22","20","68","65","0.035","0.113","2024-25"
"2024-09-10","51131","Northampton","Age_Group","50-64","482","472","1,061","1,004","17.7%","37.6%","2023-24"
"2024-09-10","51117","Mecklenburg","Race and Ethnicity","Other Race","9","9","78","74","1.6%","12.9%","2023-24"
"2026-04-13","51131","Northampton","Age_Group","5-11","0","0","0","0","0","0","2025-26"
"2026-04-13","51117","Mecklenburg","Age_Group","Unknown","0","0","0","0","0","0","2025-26"
"2024-09-10","51131","Northampton","Age_Group","5-11","13","13","253","251","1.6%","30.2%","2023-24"
"2026-04-13","51117","Mecklenburg","Race and Ethnicity","Unknown","0","0","0","0","0","0","2025-26"
"2025-10-07","51131","Northampton","Age_Group","5-11","2","2","102","102","0.002","0.123","2024-25"
"2026-04-13","51117","Mecklenburg","Sex","Unknown","0","0","4","4","0","0","2025-26"
"2026-04-13","51131","Northampton","Age_Group","65+","0","0","0","0","0","0","2025-26"
"2025-10-07","51117","Mecklenburg","Sex","UNKNOWN","3","3","6","6","0","0","2024-25"
"2024-09-10","51131","Northampton","Age_Group","65+","1,451","1,381","2,241","2,109","39.6%","60.5%","2023-24"
"2026-04-13","51117","Mecklenburg","Race and Ethnicity","White","0","0","0","0","0","0","2025-26"
"2025-10-07","51131","Northampton","Age_Group","65+","1046","992","1659","1630","0.285","0.468","2024-25"
"2025-10-07","51117","Mecklenburg","Race and Ethnicity","White","1830","1696","4940","4875","0.091","0.263","2024-25"
"2026-04-13","51131","Northampton","Race and Ethnicity","Asian or Pacific Islander","0","0","0","0","0","0","2025-26"
"2024-09-10","51117","Mecklenburg","Race and Ethnicity","White","2,278","2,043","6,077","5,671","11.0%","30.6%","2023-24"
"2025-10-07","51131","Northampton","Race and Ethnicity","Asian or Pacific Islander","22","21","40","39","0.169","0.315","2024-25"
"2026-04-13","51119","Middlesex","Age_Group","0-4","0","0","0","0","0","0","2025-26"
"2024-09-10","51131","Northampton","Race and Ethnicity","Asian or Pacific Islander","25","25","61","59","20.2%","47.6%","2023-24"
"2024-09-10","51119","Middlesex","Age_Group","0-4","2","2","195","163","0.4%","36.6%","2023-24"
"2026-04-13","51131","Northampton","Race and Ethnicity","Black","0","0","0","0","0","0","2025-26"
"2025-10-07","51119","Middlesex","Age_Group","0-4","3","3","172","130","0.007","0.292","2024-25"
"2025-10-07","51131","Northampton","Race and Ethnicity","Black","351","340","741","716","0.095","0.199","2024-25"
"2024-09-10","51131","Northampton","Race and Ethnicity","Black","732","718","1,433","1,344","20.0%","37.4%","2023-24"
"2026-04-13","51119","Middlesex","Age_Group","12-17","0","0","0","0","0","0","2025-26"
"2026-04-13","51131","Northampton","Age_Group","Female","0","0","0","0","0","0","2025-26"
"2024-09-10","51119","Middlesex","Age_Group","12-17","15","15","139","139","2.6%","24.3%","2023-24"
"2026-04-13","51131","Northampton","Race and Ethnicity","Female","0","0","0","0","0","0","2025-26"
"2025-10-07","51119","Middlesex","Age_Group","12-17","9","9","136","136","0.016","0.237","2024-25"
"2024-09-10","51131","Northampton","Sex","Female","1,253","1,205","2,781","2,628","19.5%","42.5%","2023-24"
"2026-04-13","51119","Middlesex","Age_Group","18-30","0","0","0","0","0","0","2025-26"
"2026-04-13","51131","Northampton","Sex","Female","562","458","1411","1384","0","0","2025-26"
"2025-10-07","51119","Middlesex","Age_Group","18-30","15","15","150","147","0.013","0.124","2024-25"
"2025-10-07","51131","Northampton","Sex","Female","795","757","1744","1702","0","0","2024-25"
"2024-09-10","51119","Middlesex","Age_Group","18-30","35","35","174","169","2.9%","14.2%","2023-24"
"2026-04-13","51131","Northampton","Race and Ethnicity","Latino","0","0","0","0","0","0","2025-26"
"2026-04-13","51119","Middlesex","Age_Group","31-49","0","0","0","0","0","0","2025-26"
"2025-10-07","51131","Northampton","Race and Ethnicity","Latino","27","27","142","139","0.025","0.127","2024-25"
"2025-10-07","51119","Middlesex","Age_Group","31-49","46","45","259","259","0.024","0.14","2024-25"
"2024-09-10","51131","Northampton","Race and Ethnicity","Latino","73","70","371","346","6.4%","31.7%","2023-24"
"2024-09-10","51119","Middlesex","Age_Group","31-49","76","76","323","315","4.1%","17.0%","2023-24"
"2026-04-13","51131","Northampton","Age_Group","Male","0","0","0","0","0","0","2025-26"
"2026-04-13","51119","Middlesex","Age_Group","50-64","0","0","0","0","0","0","2025-26"
"2026-04-13","51131","Northampton","Race and Ethnicity","Male","0","0","0","0","0","0","2025-26"
"2025-10-07","51119","Middlesex","Age_Group","50-64","202","197","601","593","0.079","0.237","2024-25"
"2026-04-13","51131","Northampton","Sex","Male","426","352","1012","986","0","0","2025-26"
"2024-09-10","51119","Middlesex","Age_Group","50-64","304","293","830","804","11.7%","32.2%","2023-24"
"2025-10-07","51131","Northampton","Sex","Male","617","594","1251","1218","0","0","2024-25"
"2026-04-13","51119","Middlesex","Age_Group","5-11","0","0","0","0","0","0","2025-26"
"2024-09-10","51131","Northampton","Sex","Male","945","902","1,997","1,865","16.1%","33.2%","2023-24"
"2026-04-13","51131","Northampton","Race and Ethnicity","Native American","0","0","0","0","0","0","2025-26"
"2024-09-10","51119","Middlesex","Age_Group","5-11","6","6","182","182","0.9%","26.4%","2023-24"
"2025-10-07","51131","Northampton","Race and Ethnicity","Native American","15","14","27","26","0.452","0.839","2024-25"
"2025-10-07","51119","Middlesex","Age_Group","5-11","8","8","127","127","0.012","0.184","2024-25"
"2024-09-10","51131","Northampton","Race and Ethnicity","Native American","16","13","32","31","41.9%","100.0%","2023-24"
"2026-04-13","51119","Middlesex","Age_Group","65+","0","0","0","0","0","0","2025-26"
"2024-09-10","51119","Middlesex","Age_Group","65+","1,182","1,091","2,135","2,045","30.3%","56.8%","2023-24"
"2024-09-10","51131","Northampton","Sex","Not Reported","0","0","1","1","","","2023-24"
"2026-04-13","51131","Northampton","Race and Ethnicity","Not Reported","0","0","0","0","0","0","2025-26"
"2025-10-07","51119","Middlesex","Age_Group","65+","845","790","1580","1565","0.219","0.434","2024-25"
"2026-04-13","51131","Northampton","Sex","Not Reported","0","0","0","0","0","0","2025-26"
"2026-04-13","51119","Middlesex","Race and Ethnicity","Asian or Pacific Islander","0","0","0","0","0","0","2025-26"
"2024-09-10","51131","Northampton","Race and Ethnicity","Not Reported","20","20","65","61","","","2023-24"
"2025-10-07","51119","Middlesex","Race and Ethnicity","Asian or Pacific Islander","10","10","27","25","0.189","0.472","2024-25"
"2025-10-07","51131","Northampton","Race and Ethnicity","Not Reported","9","9","35","35","0.001","0.003","2024-25"
"2024-09-10","51119","Middlesex","Race and Ethnicity","Asian or Pacific Islander","10","8","29","26","15.1%","49.1%","2023-24"
"2026-04-13","51131","Northampton","Race and Ethnicity","Other Race","0","0","0","0","0","0","2025-26"
"2026-04-13","51119","Middlesex","Race and Ethnicity","Black","0","0","0","0","0","0","2025-26"
"2025-10-07","51131","Northampton","Race and Ethnicity","Other Race","3","3","8","8","0.014","0.037","2024-25"
"2025-10-07","51119","Middlesex","Race and Ethnicity","Black","183","171","417","408","0.103","0.245","2024-25"
"2024-09-10","51131","Northampton","Race and Ethnicity","Other Race","3","3","7","7","1.4%","3.3%","2023-24"
"2024-09-10","51119","Middlesex","Race and Ethnicity","Black","269","252","605","577","15.1%","34.6%","2023-24"
"2026-04-13","51131","Northampton","Age_Group","Unknown","0","0","0","0","0","0","2025-26"
"2026-04-13","51119","Middlesex","Age_Group","Female","0","0","0","0","0","0","2025-26"
"2026-04-13","51131","Northampton","Race and Ethnicity","Unknown","0","0","0","0","0","0","2025-26"
"2026-04-13","51119","Middlesex","Race and Ethnicity","Female","0","0","0","0","0","0","2025-26"
"2025-10-07","51131","Northampton","Sex","UNKNOWN","0","0","1","1","0","0","2024-25"
"2026-04-13","51119","Middlesex","Sex","Female","342","334","1517","1480","0","0","2025-26"
"2026-04-13","51131","Northampton","Sex","UNKNOWN","0","0","2","2","0","0","2025-26"
"2025-10-07","51119","Middlesex","Sex","Female","619","588","1753","1711","0","0","2024-25"
"2026-04-13","51131","Northampton","Race and Ethnicity","White","0","0","0","0","0","0","2025-26"
"2024-09-10","51119","Middlesex","Sex","Female","915","859","2,269","2,181","15.7%","39.9%","2023-24"
"2024-09-10","51131","Northampton","Race and Ethnicity","White","1,329","1,258","2,810","2,646","18.6%","39.2%","2023-24"
"2026-04-13","51119","Middlesex","Race and Ethnicity","Latino","0","0","0","0","0","0","2025-26"
"2025-10-07","51131","Northampton","Race and Ethnicity","White","985","937","2003","1958","0.139","0.29","2024-25"
"2025-10-07","51119","Middlesex","Race and Ethnicity","Latino","25","24","107","102","0.08","0.339","2024-25"
"2026-04-13","51133","Northumberland","Age_Group","0-4","0","0","0","0","0","0","2025-26"
"2024-09-10","51119","Middlesex","Race and Ethnicity","Latino","29","28","88","83","9.3%","27.6%","2023-24"
"2025-10-07","51133","Northumberland","Age_Group","0-4","4","2","167","126","0.005","0.304","2024-25"
"2024-09-10","51133","Northumberland","Age_Group","0-4","5","4","159","131","1.0%","31.6%","2023-24"
"2026-04-13","51119","Middlesex","Age_Group","Male","0","0","0","0","0","0","2025-26"
"2026-04-13","51133","Northumberland","Age_Group","12-17","0","0","0","0","0","0","2025-26"
"2026-04-13","51119","Middlesex","Race and Ethnicity","Male","0","0","0","0","0","0","2025-26"
"2024-09-10","51133","Northumberland","Age_Group","12-17","11","11","97","95","1.8%","15.8%","2023-24"
"2026-04-13","51119","Middlesex","Sex","Male","301","295","1115","1089","0","0","2025-26"
"2025-10-07","51133","Northumberland","Age_Group","12-17","4","4","62","62","0.007","0.103","2024-25"
"2025-10-07","51119","Middlesex","Sex","Male","509","479","1272","1246","0","0","2024-25"
"2026-04-13","51133","Northumberland","Age_Group","18-30","0","0","0","0","0","0","2025-26"
"2024-09-10","51119","Middlesex","Sex","Male","705","659","1,709","1,636","12.2%","30.4%","2023-24"
"2025-10-07","51133","Northumberland","Age_Group","18-30","20","19","147","147","0.015","0.115","2024-25"
"2026-04-13","51119","Middlesex","Race and Ethnicity","Native American","0","0","0","0","0","0","2025-26"
"2024-09-10","51133","Northumberland","Age_Group","18-30","27","27","152","149","2.1%","11.7%","2023-24"
"2025-10-07","51119","Middlesex","Race and Ethnicity","Native American","3","3","11","11","0.075","0.275","2024-25"
"2026-04-13","51133","Northumberland","Age_Group","31-49","0","0","0","0","0","0","2025-26"
"2024-09-10","51119","Middlesex","Race and Ethnicity","Native American","6","6","7","7","15.0%","17.5%","2023-24"
"2025-10-07","51133","Northumberland","Age_Group","31-49","45","44","287","282","0.024","0.153","2024-25"
"2026-04-13","51119","Middlesex","Race and Ethnicity","Not Reported","0","0","0","0","0","0","2025-26"
"2024-09-10","51133","Northumberland","Age_Group","31-49","61","59","339","335","3.2%","18.2%","2023-24"
"2025-10-07","51119","Middlesex","Race and Ethnicity","Not Reported","10","9","63","60","0.001","0.006","2024-25"
"2026-04-13","51133","Northumberland","Age_Group","50-64","0","0","0","0","0","0","2025-26"
"2024-09-10","51119","Middlesex","Race and Ethnicity","Not Reported","26","25","104","102","","","2023-24"
"2025-10-07","51133","Northumberland","Age_Group","50-64","239","233","661","658","0.08","0.225","2024-25"
"2024-09-10","51133","Northumberland","Age_Group","50-64","349","325","870","850","11.1%","29.1%","2023-24"
"2026-04-13","51119","Middlesex","Race and Ethnicity","Other Race","0","0","0","0","0","0","2025-26"
"2026-04-13","51133","Northumberland","Age_Group","5-11","0","0","0","0","0","0","2025-26"
"2024-09-10","51119","Middlesex","Race and Ethnicity","Other Race","16","16","49","47","5.5%","16.0%","2023-24"
"2025-10-07","51133","Northumberland","Age_Group","5-11","7","7","94","92","0.011","0.142","2024-25"
"2025-10-07","51119","Middlesex","Race and Ethnicity","Other Race","8","8","21","18","0.027","0.061","2024-25"
"2024-09-10","51133","Northumberland","Age_Group","5-11","8","8","106","104","1.2%","16.0%","2023-24"
"2026-04-13","51119","Middlesex","Age_Group","Unknown","0","0","0","0","0","0","2025-26"
"2026-04-13","51133","Northumberland","Age_Group","65+","0","0","0","0","0","0","2025-26"
"2026-04-13","51119","Middlesex","Race and Ethnicity","Unknown","0","0","0","0","0","0","2025-26"
"2024-09-10","51133","Northumberland","Age_Group","65+","1,506","1,324","2,930","2,754","29.0%","60.4%","2023-24"
"2026-04-13","51119","Middlesex","Sex","Unknown","0","0","0","0","0","0","2025-26"
"2025-10-07","51133","Northumberland","Age_Group","65+","1363","1217","2382","2350","0.267","0.516","2024-25"
"2026-04-13","51119","Middlesex","Race and Ethnicity","White","0","0","0","0","0","0","2025-26"
"2026-04-13","51133","Northumberland","Race and Ethnicity","Asian or Pacific Islander","0","0","0","0","0","0","2025-26"
"2024-09-10","51119","Middlesex","Race and Ethnicity","White","1,264","1,183","3,096","2,975","13.9%","35.0%","2023-24"
"2025-10-07","51133","Northumberland","Race and Ethnicity","Asian or Pacific Islander","17","16","30","29","0.211","0.382","2024-25"
"2025-10-07","51119","Middlesex","Race and Ethnicity","White","889","842","2379","2333","0.099","0.275","2024-25"
"2024-09-10","51133","Northumberland","Race and Ethnicity","Asian or Pacific Islander","21","18","34","32","23.7%","42.1%","2023-24"
"2026-04-13","51121","Montgomery","Age_Group","0-4","0","0","0","0","0","0","2025-26"
"2026-04-13","51133","Northumberland","Race and Ethnicity","Black","0","0","0","0","0","0","2025-26"
"2024-09-10","51121","Montgomery","Age_Group","0-4","159","143","1,590","1,300","3.9%","35.3%","2023-24"
"2025-10-07","51133","Northumberland","Race and Ethnicity","Black","243","222","633","612","0.078","0.214","2024-25"
"2025-10-07","51121","Montgomery","Age_Group","0-4","62","51","1422","1159","0.014","0.315","2024-25"
"2026-04-13","51121","Montgomery","Age_Group","12-17","0","0","0","0","0","0","2025-26"
"2024-09-10","51133","Northumberland","Race and Ethnicity","Black","315","291","818","777","10.2%","27.2%","2023-24"
"2025-10-07","51121","Montgomery","Age_Group","12-17","391","381","1127","1124","0.04","0.117","2024-25"
"2026-04-13","51133","Northumberland","Age_Group","Female","0","0","0","0","0","0","2025-26"
"2026-04-13","51133","Northumberland","Race and Ethnicity","Female","0","0","0","0","0","0","2025-26"
"2024-09-10","51121","Montgomery","Age_Group","12-17","444","423","1,271","1,237","4.4%","12.8%","2023-24"
"2024-09-10","51133","Northumberland","Sex","Female","1,038","930","2,507","2,394","15.1%","38.8%","2023-24"
"2026-04-13","51121","Montgomery","Age_Group","18-30","0","0","0","0","0","0","2025-26"
"2026-04-13","51133","Northumberland","Sex","Female","493","483","1575","1562","0","0","2025-26"
"2024-09-10","51121","Montgomery","Age_Group","18-30","1,386","1,331","3,598","3,457","4.3%","11.1%","2023-24"
"2025-10-07","51133","Northumberland","Sex","Female","893","816","2053","2013","0","0","2024-25"
"2025-10-07","51121","Montgomery","Age_Group","18-30","1336","1303","2973","2952","0.042","0.095","2024-25"
"2026-04-13","51133","Northumberland","Race and Ethnicity","Latino","0","0","0","0","0","0","2025-26"
"2026-04-13","51121","Montgomery","Age_Group","31-49","0","0","0","0","0","0","2025-26"
"2024-09-10","51133","Northumberland","Race and Ethnicity","Latino","34","30","177","169","6.1%","34.2%","2023-24"
"2024-09-10","51121","Montgomery","Age_Group","31-49","2,492","2,323","5,528","5,230","11.7%","26.3%","2023-24"
"2025-10-07","51133","Northumberland","Race and Ethnicity","Latino","37","35","194","186","0.071","0.377","2024-25"
"2025-10-07","51121","Montgomery","Age_Group","31-49","2482","2423","4838","4805","0.122","0.242","2024-25"
"2026-04-13","51133","Northumberland","Age_Group","Male","0","0","0","0","0","0","2025-26"
"2026-04-13","51121","Montgomery","Age_Group","50-64","0","0","0","0","0","0","2025-26"
"2026-04-13","51133","Northumberland","Race and Ethnicity","Male","0","0","0","0","0","0","2025-26"
"2024-09-10","51121","Montgomery","Age_Group","50-64","2,866","2,623","5,528","5,167","18.1%","35.7%","2023-24"
"2026-04-13","51133","Northumberland","Sex","Male","485","462","1404","1383","0","0","2025-26"
"2025-10-07","51121","Montgomery","Age_Group","50-64","2595","2507","4754","4706","0.173","0.325","2024-25"
"2025-10-07","51133","Northumberland","Sex","Male","789","710","1747","1704","0","0","2024-25"
"2026-04-13","51121","Montgomery","Age_Group","5-11","0","0","0","0","0","0","2025-26"
"2024-09-10","51133","Northumberland","Sex","Male","929","828","2,145","2,023","13.6%","33.2%","2023-24"
"2025-10-07","51121","Montgomery","Age_Group","5-11","303","303","1443","1437","0.052","0.245","2024-25"
"2026-04-13","51133","Northumberland","Race and Ethnicity","Native American","0","0","0","0","0","0","2025-26"
"2024-09-10","51121","Montgomery","Age_Group","5-11","336","329","1,665","1,628","5.6%","27.7%","2023-24"
"2025-10-07","51133","Northumberland","Race and Ethnicity","Native American","11","10","31","31","0.476","1.476","2024-25"
"2026-04-13","51121","Montgomery","Age_Group","65+","0","0","0","0","0","0","2025-26"
"2024-09-10","51133","Northumberland","Race and Ethnicity","Native American","7","7","26","24","33.3%","114.3%","2023-24"
"2024-09-10","51133","Northumberland","Sex","Not Reported","0","0","1","1","","","2023-24"
"2025-10-07","51121","Montgomery","Age_Group","65+","5920","5111","7905","7776","0.362","0.551","2024-25"
"2026-04-13","51133","Northumberland","Race and Ethnicity","Not Reported","0","0","0","0","0","0","2025-26"
"2024-09-10","51121","Montgomery","Age_Group","65+","6,357","5,168","8,818","8,143","36.6%","57.7%","2023-24"
"2026-04-13","51133","Northumberland","Sex","Not Reported","0","0","0","0","0","0","2025-26"
"2026-04-13","51121","Montgomery","Race and Ethnicity","Asian or Pacific Islander","0","0","0","0","0","0","2025-26"
"2024-09-10","51133","Northumberland","Race and Ethnicity","Not Reported","23","21","86","83","","","2023-24"
"2025-10-07","51121","Montgomery","Race and Ethnicity","Asian or Pacific Islander","735","697","1450","1420","0.109","0.221","2024-25"
"2025-10-07","51133","Northumberland","Race and Ethnicity","Not Reported","9","9","32","32","0.001","0.003","2024-25"
"2024-09-10","51121","Montgomery","Race and Ethnicity","Asian or Pacific Islander","764","681","1,640","1,512","10.6%","23.5%","2023-24"
"2026-04-13","51133","Northumberland","Race and Ethnicity","Other Race","0","0","0","0","0","0","2025-26"
"2026-04-13","51121","Montgomery","Race and Ethnicity","Black","0","0","0","0","0","0","2025-26"
"2024-09-10","51133","Northumberland","Race and Ethnicity","Other Race","10","10","53","50","4.4%","21.8%","2023-24"
"2024-09-10","51121","Montgomery","Race and Ethnicity","Black","421","386","996","923","9.6%","22.9%","2023-24"
"2025-10-07","51133","Northumberland","Race and Ethnicity","Other Race","6","6","28","27","0.026","0.118","2024-25"
"2025-10-07","51121","Montgomery","Race and Ethnicity","Black","469","439","892","871","0.109","0.216","2024-25"
"2026-04-13","51133","Northumberland","Age_Group","Unknown","0","0","0","0","0","0","2025-26"
"2026-04-13","51121","Montgomery","Age_Group","Female","0","0","0","0","0","0","2025-26"
"2026-04-13","51133","Northumberland","Race and Ethnicity","Unknown","0","0","0","0","0","0","2025-26"
"2026-04-13","51121","Montgomery","Race and Ethnicity","Female","0","0","0","0","0","0","2025-26"
"2026-04-13","51133","Northumberland","Sex","Unknown","0","0","1","1","0","0","2025-26"
"2026-04-13","51121","Montgomery","Sex","Female","4935","4207","12131","11946","0","0","2025-26"
"2026-04-13","51133","Northumberland","Race and Ethnicity","White","0","0","0","0","0","0","2025-26"
"2024-09-10","51121","Montgomery","Sex","Female","7,775","6,831","15,513","14,533","14.4%","30.7%","2023-24"
"2024-09-10","51133","Northumberland","Race and Ethnicity","White","1,557","1,381","3,459","3,283","16.1%","38.2%","2023-24"
"2026-04-13","51143","Pittsylvania","Age_Group","65+","0","0","0","0","0","0","2025-26"
"2024-09-10","51143","Pittsylvania","Age_Group","65+","2,729","2,584","7,446","7,157","17.3%","47.9%","2023-24"
"2025-10-07","51143","Pittsylvania","Age_Group","65+","2534","2458","6692","6636","0.165","0.445","2024-25"
"2026-04-13","51143","Pittsylvania","Race and Ethnicity","Asian or Pacific Islander","0","0","0","0","0","0","2025-26"
"2024-09-10","51143","Pittsylvania","Race and Ethnicity","Asian or Pacific Islander","28","26","106","104","8.5%","33.9%","2023-24"
"2025-10-07","51143","Pittsylvania","Race and Ethnicity","Asian or Pacific Islander","32","31","105","105","0.101","0.342","2024-25"
"2026-04-13","51143","Pittsylvania","Race and Ethnicity","Black","0","0","0","0","0","0","2025-26"
"2024-09-10","51143","Pittsylvania","Race and Ethnicity","Black","1,129","1,063","3,245","3,103","8.4%","24.6%","2023-24"
"2025-10-07","51143","Pittsylvania","Race and Ethnicity","Black","1067","1035","2783","2742","0.082","0.218","2024-25"
"2026-04-13","51143","Pittsylvania","Age_Group","Female","0","0","0","0","0","0","2025-26"
"2026-04-13","51143","Pittsylvania","Race and Ethnicity","Female","0","0","0","0","0","0","2025-26"
"2025-10-07","51143","Pittsylvania","Sex","Female","1972","1927","7605","7501","0","0","2024-25"
"2024-09-10","51143","Pittsylvania","Sex","Female","2,288","2,175","8,753","8,434","7.3%","28.2%","2023-24"
"2026-04-13","51143","Pittsylvania","Sex","Female","929","910","6461","6412","0","0","2025-26"
"2026-04-13","51143","Pittsylvania","Race and Ethnicity","Latino","0","0","0","0","0","0","2025-26"
"2024-09-10","51143","Pittsylvania","Race and Ethnicity","Latino","103","97","401","382","5.3%","20.7%","2023-24"
"2025-10-07","51143","Pittsylvania","Race and Ethnicity","Latino","75","75","394","384","0.041","0.208","2024-25"
"2026-04-13","51143","Pittsylvania","Age_Group","Male","0","0","0","0","0","0","2025-26"
"2026-04-13","51143","Pittsylvania","Race and Ethnicity","Male","0","0","0","0","0","0","2025-26"
"2024-09-10","51143","Pittsylvania","Sex","Male","1,700","1,607","6,598","6,351","5.4%","21.2%","2023-24"
"2025-10-07","51143","Pittsylvania","Sex","Male","1688","1639","5787","5698","0","0","2024-25"
"2026-04-13","51143","Pittsylvania","Sex","Male","822","802","4693","4627","0","0","2025-26"
"2026-04-13","51143","Pittsylvania","Race and Ethnicity","Native American","0","0","0","0","0","0","2025-26"
"2024-09-10","51143","Pittsylvania","Race and Ethnicity","Native American","41","38","133","124","23.8%","77.5%","2023-24"
"2025-10-07","51143","Pittsylvania","Race and Ethnicity","Native American","42","40","123","123","0.25","0.769","2024-25"
"2024-09-10","51143","Pittsylvania","Sex","Not Reported","0","0","3","3","","","2023-24"
"2026-04-13","51143","Pittsylvania","Race and Ethnicity","Not Reported","0","0","0","0","0","0","2025-26"
"2026-04-13","51143","Pittsylvania","Sex","Not Reported","0","0","0","0","0","0","2025-26"
"2024-09-10","51143","Pittsylvania","Race and Ethnicity","Not Reported","22","22","871","833","","","2023-24"
"2025-10-07","51143","Pittsylvania","Race and Ethnicity","Not Reported","74","73","598","569","0.001","0.009","2024-25"
"2026-04-13","51143","Pittsylvania","Race and Ethnicity","Other Race","0","0","0","0","0","0","2025-26"
"2025-10-07","51143","Pittsylvania","Race and Ethnicity","Other Race","23","21","46","46","0.027","0.058","2024-25"
"2024-09-10","51143","Pittsylvania","Race and Ethnicity","Other Race","5","5","42","41","0.6%","5.2%","2023-24"
"2026-04-13","51143","Pittsylvania","Age_Group","Unknown","0","0","0","0","0","0","2025-26"
"2026-04-13","51143","Pittsylvania","Race and Ethnicity","Unknown","0","0","0","0","0","0","2025-26"
"2025-10-07","51143","Pittsylvania","Sex","UNKNOWN","1","1","5","5","0","0","2024-25"
"2026-04-13","51143","Pittsylvania","Sex","UNKNOWN","1","1","7","7","0","0","2025-26"
"2026-04-13","51143","Pittsylvania","Race and Ethnicity","White","0","0","0","0","0","0","2025-26"
"2024-09-10","51143","Pittsylvania","Race and Ethnicity","White","2,660","2,531","10,556","10,201","5.7%","23.1%","2023-24"
"2025-10-07","51143","Pittsylvania","Race and Ethnicity","White","2348","2292","9348","9235","0.052","0.209","2024-25"
"2026-04-13","51145","Powhatan","Age_Group","0-4","0","0","0","0","0","0","2025-26"
"2025-10-07","51145","Powhatan","Age_Group","0-4","11","10","546","433","0.007","0.32","2024-25"
"2024-09-10","51145","Powhatan","Age_Group","0-4","58","46","601","480","3.4%","35.4%","2023-24"
"2026-04-13","51145","Powhatan","Age_Group","12-17","0","0","0","0","0","0","2025-26"
"2025-10-07","51145","Powhatan","Age_Group","12-17","51","51","359","359","0.026","0.184","2024-25"
"2024-09-10","51145","Powhatan","Age_Group","12-17","63","63","415","408","3.2%","20.9%","2023-24"
"2026-04-13","51149","Prince George","Race and Ethnicity","Other Race","0","0","0","0","0","0","2025-26"
"2024-09-10","51149","Prince George","Race and Ethnicity","Other Race","19","18","128","121","1.4%","9.2%","2023-24"
"2026-04-13","51145","Powhatan","Age_Group","18-30","0","0","0","0","0","0","2025-26"
"2025-10-07","51145","Powhatan","Age_Group","18-30","119","115","527","523","0.027","0.124","2024-25"
"2025-10-07","51149","Prince George","Race and Ethnicity","Other Race","25","25","288","266","0.019","0.203","2024-25"
"2024-09-10","51145","Powhatan","Age_Group","18-30","120","116","559","546","2.7%","12.9%","2023-24"
"2026-04-13","51149","Prince George","Age_Group","Unknown","0","0","0","0","0","0","2025-26"
"2026-04-13","51145","Powhatan","Age_Group","31-49","0","0","0","0","0","0","2025-26"
"2026-04-13","51149","Prince George","Race and Ethnicity","Unknown","0","0","0","0","0","0","2025-26"
"2025-10-07","51145","Powhatan","Age_Group","31-49","241","240","1008","1001","0.031","0.13","2024-25"
"2025-10-07","51149","Prince George","Sex","UNKNOWN","0","0","10","10","0","0","2024-25"
"2024-09-10","51145","Powhatan","Age_Group","31-49","281","274","1,083","1,051","3.6%","13.7%","2023-24"
"2026-04-13","51149","Prince George","Sex","UNKNOWN","0","0","7","7","0","0","2025-26"
"2026-04-13","51145","Powhatan","Age_Group","50-64","0","0","0","0","0","0","2025-26"
"2026-04-13","51149","Prince George","Race and Ethnicity","White","0","0","0","0","0","0","2025-26"
"2025-10-07","51145","Powhatan","Age_Group","50-64","616","604","1698","1687","0.079","0.221","2024-25"
"2024-09-10","51149","Prince George","Race and Ethnicity","White","1,427","1,342","4,876","4,581","5.9%","20.1%","2023-24"
"2024-09-10","51145","Powhatan","Age_Group","50-64","816","750","1,976","1,878","9.8%","24.5%","2023-24"
"2025-10-07","51149","Prince George","Race and Ethnicity","White","1298","1251","4502","4378","0.055","0.192","2024-25"
"2026-04-13","51145","Powhatan","Age_Group","5-11","0","0","0","0","0","0","2025-26"
"2026-04-13","51153","Prince William","Age_Group","0-4","0","0","0","0","0","0","2025-26"
"2024-09-10","51145","Powhatan","Age_Group","5-11","38","37","534","525","1.7%","23.4%","2023-24"
"2024-09-10","51153","Prince William","Age_Group","0-4","1,397","1,098","15,278","12,180","3.4%","37.4%","2023-24"
"2025-10-07","51145","Powhatan","Age_Group","5-11","53","53","455","455","0.024","0.203","2024-25"
"2025-10-07","51153","Prince William","Age_Group","0-4","439","349","14207","11533","0.011","0.354","2024-25"
"2026-04-13","51145","Powhatan","Age_Group","65+","0","0","0","0","0","0","2025-26"
"2026-04-13","51153","Prince William","Age_Group","12-17","0","0","0","0","0","0","2025-26"
"2024-09-10","51145","Powhatan","Age_Group","65+","1,941","1,723","3,659","3,442","27.2%","54.4%","2023-24"
"2024-09-10","51153","Prince William","Age_Group","12-17","2,683","2,614","12,862","12,402","6.0%","28.7%","2023-24"
"2025-10-07","51145","Powhatan","Age_Group","65+","1791","1661","3380","3332","0.263","0.527","2024-25"
"2025-10-07","51153","Prince William","Age_Group","12-17","2700","2677","12007","11934","0.062","0.276","2024-25"
"2026-04-13","51145","Powhatan","Race and Ethnicity","Asian or Pacific Islander","0","0","0","0","0","0","2025-26"
"2026-04-13","51153","Prince William","Age_Group","18-30","0","0","0","0","0","0","2025-26"
"2025-10-07","51145","Powhatan","Race and Ethnicity","Asian or Pacific Islander","43","42","99","97","0.185","0.427","2024-25"
"2024-09-10","51153","Prince William","Age_Group","18-30","4,972","4,828","15,748","15,028","5.8%","18.0%","2023-24"
"2024-09-10","51145","Powhatan","Race and Ethnicity","Asian or Pacific Islander","48","47","100","94","20.7%","41.4%","2023-24"
"2025-10-07","51153","Prince William","Age_Group","18-30","4897","4827","15001","14874","0.058","0.178","2024-25"
"2026-04-13","51145","Powhatan","Race and Ethnicity","Black","0","0","0","0","0","0","2025-26"
"2026-04-13","51153","Prince William","Age_Group","31-49","0","0","0","0","0","0","2025-26"
"2025-10-07","51145","Powhatan","Race and Ethnicity","Black","321","307","624","606","0.117","0.23","2024-25"
"2025-10-07","51153","Prince William","Age_Group","31-49","10495","10331","28395","28198","0.078","0.213","2024-25"
"2024-09-10","51145","Powhatan","Race and Ethnicity","Black","363","330","697","658","12.5%","25.0%","2023-24"
"2024-09-10","51153","Prince William","Age_Group","31-49","11,463","11,000","30,851","29,354","8.3%","22.2%","2023-24"
"2026-04-13","51145","Powhatan","Age_Group","Female","0","0","0","0","0","0","2025-26"
"2026-04-13","51153","Prince William","Age_Group","50-64","0","0","0","0","0","0","2025-26"
"2026-04-13","51145","Powhatan","Race and Ethnicity","Female","0","0","0","0","0","0","2025-26"
"2025-10-07","51153","Prince William","Age_Group","50-64","15188","14800","29962","29709","0.164","0.329","2024-25"
"2024-09-10","51145","Powhatan","Sex","Female","1,832","1,663","4,927","4,661","11.0%","31.0%","2023-24"
"2024-09-10","51153","Prince William","Age_Group","50-64","16,995","16,128","33,083","30,912","17.9%","34.3%","2023-24"
"2025-10-07","51145","Powhatan","Sex","Female","1550","1476","4365","4285","0","0","2024-25"
"2026-04-13","51153","Prince William","Age_Group","5-11","0","0","0","0","0","0","2025-26"
"2026-04-13","51145","Powhatan","Sex","Female","950","930","3907","3848","0","0","2025-26"
"2024-09-10","51153","Prince William","Age_Group","5-11","2,313","2,285","15,893","15,341","4.6%","30.6%","2023-24"
"2026-04-13","51145","Powhatan","Race and Ethnicity","Latino","0","0","0","0","0","0","2025-26"
"2025-10-07","51153","Prince William","Age_Group","5-11","2127","2112","14933","14733","0.042","0.294","2024-25"
"2025-10-07","51145","Powhatan","Race and Ethnicity","Latino","65","61","242","238","0.074","0.29","2024-25"
"2026-04-13","51153","Prince William","Age_Group","65+","0","0","0","0","0","0","2025-26"
"2024-09-10","51145","Powhatan","Race and Ethnicity","Latino","75","71","233","215","8.6%","26.2%","2023-24"
"2024-09-10","51153","Prince William","Age_Group","65+","26,699","21,992","37,724","33,825","40.0%","61.5%","2023-24"
"2026-04-13","51145","Powhatan","Age_Group","Male","0","0","0","0","0","0","2025-26"
"2025-10-07","51153","Prince William","Age_Group","65+","26336","22268","34175","33692","0.405","0.612","2024-25"
"2026-04-13","51145","Powhatan","Race and Ethnicity","Male","0","0","0","0","0","0","2025-26"
"2026-04-13","51153","Prince William","Race and Ethnicity","Asian or Pacific Islander","0","0","0","0","0","0","2025-26"
"2024-09-10","51145","Powhatan","Sex","Male","1,485","1,346","3,897","3,666","8.2%","22.4%","2023-24"
"2025-10-07","51153","Prince William","Race and Ethnicity","Asian or Pacific Islander","8517","8102","24663","24017","0.158","0.468","2024-25"
"2024-09-10","51153","Prince William","Race and Ethnicity","Asian or Pacific Islander","9,392","8,733","24,853","22,917","17.0%","44.7%","2023-24"
"2025-10-07","51145","Powhatan","Sex","Male","1332","1258","3608","3505","0","0","2024-25"
"2026-04-13","51153","Prince William","Race and Ethnicity","Black","0","0","0","0","0","0","2025-26"
"2024-09-10","51153","Prince William","Race and Ethnicity","Black","13,512","12,375","29,342","27,089","12.5%","27.4%","2023-24"
"2025-10-07","51153","Prince William","Race and Ethnicity","Black","13170","12225","26754","26132","0.124","0.264","2024-25"
"2026-04-13","51153","Prince William","Age_Group","Female","0","0","0","0","0","0","2025-26"
"2026-04-13","51153","Prince William","Race and Ethnicity","Female","0","0","0","0","0","0","2025-26"
"2026-04-13","51153","Prince William","Sex","Female","23214","19651","70835","69489","0","0","2025-26"
"2025-10-07","51153","Prince William","Sex","Female","34570","31948","83604","81496","0","0","2024-25"
"2024-09-10","51153","Prince William","Sex","Female","36,820","33,280","90,872","84,035","13.8%","34.8%","2023-24"
"2026-04-13","51153","Prince William","Race and Ethnicity","Latino","0","0","0","0","0","0","2025-26"
"2024-09-10","51153","Prince William","Race and Ethnicity","Latino","6,628","6,299","28,791","26,802","5.0%","21.4%","2023-24"
"2025-10-07","51153","Prince William","Race and Ethnicity","Latino","6053","5819","27079","26188","0.046","0.209","2024-25"
"2026-04-13","51153","Prince William","Age_Group","Male","0","0","0","0","0","0","2025-26"
"2026-04-13","51153","Prince William","Race and Ethnicity","Male","0","0","0","0","0","0","2025-26"
"2026-04-13","51153","Prince William","Sex","Male","18499","15603","55159","53885","0","0","2025-26"
"2025-10-07","51153","Prince William","Sex","Male","27604","25409","64968","63069","0","0","2024-25"
"2024-09-10","51153","Prince William","Sex","Male","29,696","26,659","70,447","64,889","10.9%","26.5%","2023-24"
"2026-04-13","51153","Prince William","Race and Ethnicity","Native American","0","0","0","0","0","0","2025-26"
"2024-09-10","51153","Prince William","Race and Ethnicity","Native American","824","706","1,592","1,436","82.6%","168.0%","2023-24"
"2025-10-07","51153","Prince William","Race and Ethnicity","Native American","917","840","1965","1929","0.982","2.256","2024-25"
"2026-04-13","51153","Prince William","Race and Ethnicity","Not Reported","0","0","0","0","0","0","2025-26"
"2026-04-13","51153","Prince William","Sex","Not Reported","0","0","0","0","0","0","2025-26"
"2024-09-10","51153","Prince William","Sex","Not Reported","6","6","120","118","","","2023-24"
"2025-10-07","51153","Prince William","Race and Ethnicity","Not Reported","666","636","6787","6227","0.001","0.013","2024-25"
"2024-09-10","51153","Prince William","Race and Ethnicity","Not Reported","799","739","8,846","7,996","","","2023-24"
"2026-04-13","51153","Prince William","Race and Ethnicity","Other Race","0","0","0","0","0","0","2025-26"
"2024-09-10","51153","Prince William","Race and Ethnicity","Other Race","892","820","4,085","3,736","4.1%","18.9%","2023-24"
"2025-10-07","51153","Prince William","Race and Ethnicity","Other Race","943","905","4310","4093","0.046","0.207","2024-25"
"2026-04-13","51153","Prince William","Age_Group","Unknown","0","0","0","0","0","0","2025-26"
"2026-04-13","51153","Prince William","Race and Ethnicity","Unknown","0","0","0","0","0","0","2025-26"
"2026-04-13","51153","Prince William","Sex","UNKNOWN","4","4","89","87","0","0","2025-26"
"2025-10-07","51153","Prince William","Sex","UNKNOWN","8","7","108","108","0","0","2024-25"
"2026-04-13","51153","Prince William","Race and Ethnicity","White","0","0","0","0","0","0","2025-26"
"2025-10-07","51153","Prince William","Race and Ethnicity","White","31916","28837","57122","56087","0.151","0.294","2024-25"
"2024-09-10","51153","Prince William","Race and Ethnicity","White","34,475","30,273","63,930","59,066","15.9%","31.0%","2023-24"
"2026-04-13","51155","Pulaski","Age_Group","0-4","0","0","0","0","0","0","2025-26"
"2025-10-07","51155","Pulaski","Age_Group","0-4","1","1","497","410","0.001","0.274","2024-25"
"2024-09-10","51155","Pulaski","Age_Group","0-4","5","4","621","502","0.3%","33.6%","2023-24"
"2026-04-13","51155","Pulaski","Age_Group","12-17","0","0","0","0","0","0","2025-26"
"2025-10-07","51155","Pulaski","Age_Group","12-17","20","20","338","337","0.01","0.169","2024-25"
"2024-09-10","51155","Pulaski","Age_Group","12-17","23","23","450","432","1.2%","21.7%","2023-24"
"2026-04-13","51155","Pulaski","Age_Group","18-30","0","0","0","0","0","0","2025-26"
"2024-09-10","51155","Pulaski","Age_Group","18-30","104","99","640","601","2.0%","12.0%","2023-24"
"2025-10-07","51155","Pulaski","Age_Group","18-30","95","94","550","547","0.019","0.109","2024-25"
"2026-04-13","51155","Pulaski","Age_Group","31-49","0","0","0","0","0","0","2025-26"
"2024-09-10","51155","Pulaski","Age_Group","31-49","274","263","1,236","1,187","3.6%","16.3%","2023-24"
"2025-10-07","51155","Pulaski","Age_Group","31-49","326","321","1104","1094","0.044","0.15","2024-25"
"2026-04-13","51155","Pulaski","Age_Group","50-64","0","0","0","0","0","0","2025-26"
"2025-10-07","51155","Pulaski","Age_Group","50-64","635","622","1901","1878","0.082","0.248","2024-25"
"2024-09-10","51155","Pulaski","Age_Group","50-64","712","670","2,257","2,145","8.9%","28.4%","2023-24"
"2026-04-13","51155","Pulaski","Age_Group","5-11","0","0","0","0","0","0","2025-26"
"2025-10-07","51155","Pulaski","Age_Group","5-11","18","17","485","479","0.007","0.203","2024-25"
"2024-09-10","51155","Pulaski","Age_Group","5-11","3","3","558","533","0.1%","22.6%","2023-24"
"2026-04-13","51155","Pulaski","Age_Group","65+","0","0","0","0","0","0","2025-26"
"2024-09-10","51155","Pulaski","Age_Group","65+","2,142","1,900","4,569","4,231","23.9%","53.3%","2023-24"
"2025-10-07","51155","Pulaski","Age_Group","65+","2063","1879","3806","3763","0.237","0.474","2024-25"
"2026-04-13","51155","Pulaski","Race and Ethnicity","Asian or Pacific Islander","0","0","0","0","0","0","2025-26"
"2024-09-10","51155","Pulaski","Race and Ethnicity","Asian or Pacific Islander","27","23","75","67","10.4%","30.3%","2023-24"
"2025-10-07","51155","Pulaski","Race and Ethnicity","Asian or Pacific Islander","29","27","75","75","0.122","0.339","2024-25"
"2026-04-13","51155","Pulaski","Race and Ethnicity","Black","0","0","0","0","0","0","2025-26"
"2024-09-10","51155","Pulaski","Race and Ethnicity","Black","164","154","436","408","9.2%","24.4%","2023-24"
"2025-10-07","51155","Pulaski","Race and Ethnicity","Black","166","158","385","378","0.095","0.226","2024-25"
"2026-04-13","51155","Pulaski","Age_Group","Female","0","0","0","0","0","0","2025-26"
"2026-04-13","51155","Pulaski","Race and Ethnicity","Female","0","0","0","0","0","0","2025-26"
"2024-09-10","51155","Pulaski","Sex","Female","1,815","1,663","5,890","5,505","10.0%","33.2%","2023-24"
"2025-10-07","51155","Pulaski","Sex","Female","1694","1593","4906","4824","0","0","2024-25"
"2026-04-13","51155","Pulaski","Sex","Female","895","849","4196","4127","0","0","2025-26"
"2026-04-13","51155","Pulaski","Race and Ethnicity","Latino","0","0","0","0","0","0","2025-26"
"2024-09-10","51155","Pulaski","Race and Ethnicity","Latino","42","37","165","157","5.6%","23.6%","2023-24"
"2025-10-07","51155","Pulaski","Race and Ethnicity","Latino","56","53","161","155","0.08","0.233","2024-25"
"2026-04-13","51155","Pulaski","Age_Group","Male","0","0","0","0","0","0","2025-26"
"2026-04-13","51155","Pulaski","Race and Ethnicity","Male","0","0","0","0","0","0","2025-26"
"2024-09-10","51155","Pulaski","Sex","Male","1,448","1,299","4,424","4,109","7.6%","24.1%","2023-24"
"2025-10-07","51155","Pulaski","Sex","Male","1464","1361","3775","3684","0","0","2024-25"
"2026-04-13","51155","Pulaski","Sex","Male","714","698","3206","3131","0","0","2025-26"
"2026-04-13","51155","Pulaski","Race and Ethnicity","Native American","0","0","0","0","0","0","2025-26"
"2024-09-10","51155","Pulaski","Race and Ethnicity","Native American","27","26","59","55","41.3%","87.3%","2023-24"
"2025-10-07","51155","Pulaski","Race and Ethnicity","Native American","51","49","90","89","0.778","1.413","2024-25"
"2024-09-10","51155","Pulaski","Sex","Not Reported","0","0","17","17","","","2023-24"
"2026-04-13","51155","Pulaski","Race and Ethnicity","Not Reported","0","0","0","0","0","0","2025-26"
"2026-04-13","51155","Pulaski","Sex","Not Reported","0","0","0","0","0","0","2025-26"
"2025-10-07","51155","Pulaski","Race and Ethnicity","Not Reported","129","123","1132","1073","0.004","0.032","2024-25"
"2024-09-10","51155","Pulaski","Race and Ethnicity","Not Reported","263","242","1,838","1,714","","","2023-24"
"2026-04-13","51155","Pulaski","Race and Ethnicity","Other Race","0","0","0","0","0","0","2025-26"
"2025-10-07","51155","Pulaski","Race and Ethnicity","Other Race","54","52","144","142","0.083","0.225","2024-25"
"2024-09-10","51155","Pulaski","Race and Ethnicity","Other Race","65","60","191","183","9.5%","29.0%","2023-24"
"2026-04-13","51155","Pulaski","Age_Group","Unknown","0","0","0","0","0","0","2025-26"
"2026-04-13","51155","Pulaski","Race and Ethnicity","Unknown","0","0","0","0","0","0","2025-26"
"2026-04-13","51155","Pulaski","Sex","UNKNOWN","0","0","2","2","0","0","2025-26"
"2026-04-13","51155","Pulaski","Race and Ethnicity","White","0","0","0","0","0","0","2025-26"
"2024-09-10","51155","Pulaski","Race and Ethnicity","White","2,675","2,420","7,567","7,047","8.0%","23.2%","2023-24"
"2025-10-07","51155","Pulaski","Race and Ethnicity","White","2673","2492","6694","6596","0.082","0.217","2024-25"
"2026-04-13","51157","Rappahannock","Age_Group","0-4","0","0","0","0","0","0","2025-26"
"2024-09-10","51157","Rappahannock","Age_Group","0-4","10","6","70","56","2.2%","20.7%","2023-24"
"2025-10-07","51157","Rappahannock","Age_Group","0-4","2","1","74","60","0.004","0.222","2024-25"
"2026-04-13","51157","Rappahannock","Age_Group","12-17","0","0","0","0","0","0","2025-26"
"2024-09-10","51157","Rappahannock","Age_Group","12-17","15","14","51","49","3.2%","11.3%","2023-24"
"2025-10-07","51157","Rappahannock","Age_Group","12-17","7","7","39","39","0.016","0.09","2024-25"
"2026-04-13","51157","Rappahannock","Age_Group","18-30","0","0","0","0","0","0","2025-26"
"2025-10-07","51157","Rappahannock","Age_Group","18-30","15","15","67","66","0.017","0.074","2024-25"
"2024-09-10","51157","Rappahannock","Age_Group","18-30","36","36","93","88","4.1%","9.9%","2023-24"
"2026-04-13","51157","Rappahannock","Age_Group","31-49","0","0","0","0","0","0","2025-26"
"2025-10-07","51157","Rappahannock","Age_Group","31-49","62","62","145","144","0.044","0.101","2024-25"
"2024-09-10","51157","Rappahannock","Age_Group","31-49","68","66","178","169","4.6%","11.9%","2023-24"
"2026-04-13","51157","Rappahannock","Age_Group","50-64","0","0","0","0","0","0","2025-26"
"2025-10-07","51157","Rappahannock","Age_Group","50-64","177","170","345","345","0.097","0.196","2024-25"
"2024-09-10","51157","Rappahannock","Age_Group","50-64","254","238","445","429","13.5%","24.4%","2023-24"
"2026-04-13","51157","Rappahannock","Age_Group","5-11","0","0","0","0","0","0","2025-26"
"2025-10-07","51157","Rappahannock","Age_Group","5-11","6","6","66","66","0.012","0.131","2024-25"
"2024-09-10","51157","Rappahannock","Age_Group","5-11","9","9","45","44","1.8%","8.7%","2023-24"
"2026-04-13","51157","Rappahannock","Age_Group","65+","0","0","0","0","0","0","2025-26"
"2025-10-07","51157","Rappahannock","Age_Group","65+","687","591","882","872","0.273","0.402","2024-25"
"2024-09-10","51157","Rappahannock","Age_Group","65+","857","691","1,213","1,103","31.9%","50.9%","2023-24"
"2026-04-13","51157","Rappahannock","Race and Ethnicity","Asian or Pacific Islander","0","0","0","0","0","0","2025-26"
"2025-10-07","51157","Rappahannock","Race and Ethnicity","Asian or Pacific Islander","15","13","27","27","0.163","0.338","2024-25"
"2024-09-10","51157","Rappahannock","Race and Ethnicity","Asian or Pacific Islander","21","18","29","26","22.5%","32.5%","2023-24"
"2026-04-13","51157","Rappahannock","Race and Ethnicity","Black","0","0","0","0","0","0","2025-26"
"2025-10-07","51157","Rappahannock","Race and Ethnicity","Black","30","30","58","58","0.106","0.204","2024-25"
"2024-09-10","51157","Rappahannock","Race and Ethnicity","Black","36","34","72","68","12.0%","23.9%","2023-24"
"2026-04-13","51157","Rappahannock","Age_Group","Female","0","0","0","0","0","0","2025-26"
"2026-04-13","51157","Rappahannock","Race and Ethnicity","Female","0","0","0","0","0","0","2025-26"
"2026-04-13","51157","Rappahannock","Sex","Female","325","314","777","754","0","0","2025-26"
"2025-10-07","51157","Rappahannock","Sex","Female","509","460","876","863","0","0","2024-25"
"2024-09-10","51157","Rappahannock","Sex","Female","655","559","1,114","1,044","15.0%","28.0%","2023-24"
"2026-04-13","51157","Rappahannock","Race and Ethnicity","Latino","0","0","0","0","0","0","2025-26"
"2025-10-07","51157","Rappahannock","Race and Ethnicity","Latino","26","25","51","51","0.073","0.148","2024-25"
"2024-09-10","51157","Rappahannock","Race and Ethnicity","Latino","35","28","61","54","8.1%","15.7%","2023-24"
"2026-04-13","51157","Rappahannock","Age_Group","Male","0","0","0","0","0","0","2025-26"
"2026-04-13","51157","Rappahannock","Race and Ethnicity","Male","0","0","0","0","0","0","2025-26"
"2026-04-13","51157","Rappahannock","Sex","Male","297","288","678","668","0","0","2025-26"
"2025-10-07","51157","Rappahannock","Sex","Male","447","392","742","729","0","0","2024-25"
"2024-09-10","51157","Rappahannock","Sex","Male","594","501","981","894","13.5%","24.0%","2023-24"
"2026-04-13","51157","Rappahannock","Race and Ethnicity","Native American","0","0","0","0","0","0","2025-26"
"2024-09-10","51157","Rappahannock","Race and Ethnicity","Native American","11","9","18","17","75.0%","141.7%","2023-24"
"2025-10-07","51157","Rappahannock","Race and Ethnicity","Native American","8","6","14","14","0.5","1.167","2024-25"
"2026-04-13","51157","Rappahannock","Race and Ethnicity","Not Reported","0","0","0","0","0","0","2025-26"
"2025-10-07","51157","Rappahannock","Race and Ethnicity","Not Reported","2","2","35","32","0","0.004","2024-25"
"2024-09-10","51157","Rappahannock","Race and Ethnicity","Not Reported","5","5","102","93","","","2023-24"
"2026-04-13","51157","Rappahannock","Race and Ethnicity","Other Race","0","0","0","0","0","0","2025-26"
"2025-10-07","51157","Rappahannock","Race and Ethnicity","Other Race","3","3","13","12","0.018","0.071","2024-25"
"2024-09-10","51157","Rappahannock","Race and Ethnicity","Other Race","7","5","16","15","3.0%","8.9%","2023-24"
"2026-04-13","51157","Rappahannock","Age_Group","Unknown","0","0","0","0","0","0","2025-26"
"2026-04-13","51157","Rappahannock","Race and Ethnicity","Unknown","0","0","0","0","0","0","2025-26"
"2026-04-13","51157","Rappahannock","Sex","Unknown","0","0","0","0","0","0","2025-26"
"2026-04-13","51157","Rappahannock","Race and Ethnicity","White","0","0","0","0","0","0","2025-26"
"2024-09-10","51157","Rappahannock","Race and Ethnicity","White","1,134","961","1,797","1,665","14.7%","25.4%","2023-24"
"2025-10-07","51157","Rappahannock","Race and Ethnicity","White","872","773","1420","1398","0.118","0.213","2024-25"
"2026-04-13","51159","Richmond County","Age_Group","0-4","0","0","0","0","0","0","2025-26"
"2025-10-07","51159","Richmond County","Age_Group","0-4","0","0","111","88","0","0.212","2024-25"
"2024-09-10","51159","Richmond County","Age_Group","0-4","4","3","158","119","0.7%","28.7%","2023-24"
"2026-04-13","51159","Richmond County","Age_Group","12-17","0","0","0","0","0","0","2025-26"
"2025-10-07","51159","Richmond County","Age_Group","12-17","3","3","77","77","0.006","0.148","2024-25"
"2024-09-10","51159","Richmond County","Age_Group","12-17","4","4","85","85","0.8%","16.3%","2023-24"
"2026-04-13","51159","Richmond County","Age_Group","18-30","0","0","0","0","0","0","2025-26"
"2025-10-07","51159","Richmond County","Age_Group","18-30","10","10","131","129","0.007","0.091","2024-25"
"2024-09-10","51159","Richmond County","Age_Group","18-30","16","16","169","163","1.1%","11.5%","2023-24"
"2026-04-13","51159","Richmond County","Age_Group","31-49","0","0","0","0","0","0","2025-26"
"2025-10-07","51159","Richmond County","Age_Group","31-49","36","35","325","320","0.015","0.136","2024-25"
"2024-09-10","51159","Richmond County","Age_Group","31-49","85","82","466","463","3.5%","19.6%","2023-24"
"2026-04-13","51159","Richmond County","Age_Group","50-64","0","0","0","0","0","0","2025-26"
"2025-10-07","51159","Richmond County","Age_Group","50-64","120","117","445","440","0.069","0.26","2024-25"
"2024-09-10","51159","Richmond County","Age_Group","50-64","180","173","566","548","10.2%","32.4%","2023-24"
"2026-04-13","51159","Richmond County","Age_Group","5-11","0","0","0","0","0","0","2025-26"
"2025-10-07","51159","Richmond County","Age_Group","5-11","2","2","82","82","0.003","0.133","2024-25"
"2024-09-10","51159","Richmond County","Age_Group","5-11","2","2","87","86","0.3%","14.0%","2023-24"
"2026-04-13","51159","Richmond County","Age_Group","65+","0","0","0","0","0","0","2025-26"
"2025-10-07","51159","Richmond County","Age_Group","65+","449","404","945","937","0.21","0.487","2024-25"
"2024-09-10","51159","Richmond County","Age_Group","65+","571","519","1,177","1,125","27.0%","58.5%","2023-24"
"2026-04-13","51159","Richmond County","Race and Ethnicity","Asian or Pacific Islander","0","0","0","0","0","0","2025-26"
"2024-09-10","51159","Richmond County","Race and Ethnicity","Asian or Pacific Islander","3","2","10","10","4.5%","22.7%","2023-24"
"2025-10-07","51159","Richmond County","Race and Ethnicity","Asian or Pacific Islander","3","3","9","9","0.068","0.205","2024-25"
"2026-04-13","51159","Richmond County","Race and Ethnicity","Black","0","0","0","0","0","0","2025-26"
"2025-10-07","51159","Richmond County","Race and Ethnicity","Black","164","146","466","456","0.056","0.174","2024-25"
"2024-09-10","51159","Richmond County","Race and Ethnicity","Black","224","201","610","580","7.7%","22.2%","2023-24"
"2026-04-13","51159","Richmond County","Age_Group","Female","0","0","0","0","0","0","2025-26"
"2026-04-13","51159","Richmond County","Race and Ethnicity","Female","0","0","0","0","0","0","2025-26"
"2026-04-13","51159","Richmond County","Sex","Female","176","171","955","936","0","0","2025-26"
"2025-10-07","51159","Richmond County","Sex","Female","349","322","1059","1039","0","0","2024-25"
"2024-09-10","51159","Richmond County","Sex","Female","466","423","1,345","1,288","10.9%","33.2%","2023-24"
"2026-04-13","51159","Richmond County","Race and Ethnicity","Latino","0","0","0","0","0","0","2025-26"
"2025-10-07","51165","Rockingham","Race and Ethnicity","Black","205","192","511","495","0.089","0.23","2024-25"
"2026-04-13","51165","Rockingham","Age_Group","Female","0","0","0","0","0","0","2025-26"
"2026-04-13","51165","Rockingham","Race and Ethnicity","Female","0","0","0","0","0","0","2025-26"
"2026-04-13","51165","Rockingham","Sex","Female","3156","3047","11380","11153","0","0","2025-26"
"2024-09-10","51165","Rockingham","Sex","Female","5,429","4,829","14,960","13,707","11.2%","31.8%","2023-24"
"2025-10-07","51165","Rockingham","Sex","Female","5203","4692","13061","12788","0","0","2024-25"
"2026-04-13","51165","Rockingham","Race and Ethnicity","Latino","0","0","0","0","0","0","2025-26"
"2024-09-10","51165","Rockingham","Race and Ethnicity","Latino","383","361","1,818","1,680","5.0%","23.3%","2023-24"
"2025-10-07","51165","Rockingham","Race and Ethnicity","Latino","386","359","1657","1588","0.05","0.22","2024-25"
"2026-04-13","51165","Rockingham","Age_Group","Male","0","0","0","0","0","0","2025-26"
"2026-04-13","51165","Rockingham","Race and Ethnicity","Male","0","0","0","0","0","0","2025-26"
"2026-04-13","51165","Rockingham","Sex","Male","2396","2319","8231","8030","0","0","2025-26"
"2024-09-10","51165","Rockingham","Sex","Male","4,105","3,607","11,110","10,080","8.5%","23.9%","2023-24"
"2025-10-07","51165","Rockingham","Sex","Male","4145","3713","9640","9404","0","0","2024-25"
"2026-04-13","51165","Rockingham","Race and Ethnicity","Native American","0","0","0","0","0","0","2025-26"
"2024-09-10","51165","Rockingham","Race and Ethnicity","Native American","61","51","152","134","36.4%","95.7%","2023-24"
"2025-10-07","51165","Rockingham","Race and Ethnicity","Native American","67","56","144","141","0.4","1.007","2024-25"
"2026-04-13","51165","Rockingham","Race and Ethnicity","Not Reported","0","0","0","0","0","0","2025-26"
"2026-04-13","51165","Rockingham","Sex","Not Reported","0","0","0","0","0","0","2025-26"
"2024-09-10","51165","Rockingham","Race and Ethnicity","Not Reported","124","118","1,473","1,362","","","2023-24"
"2024-09-10","51165","Rockingham","Sex","Not Reported","15","15","128","127","","","2023-24"
"2025-10-07","51165","Rockingham","Race and Ethnicity","Not Reported","79","75","843","815","0.001","0.01","2024-25"
"2026-04-13","51165","Rockingham","Race and Ethnicity","Other Race","0","0","0","0","0","0","2025-26"
"2025-10-07","51165","Rockingham","Race and Ethnicity","Other Race","100","92","279","272","0.071","0.211","2024-25"
"2024-09-10","51165","Rockingham","Race and Ethnicity","Other Race","103","85","318","297","6.6%","23.0%","2023-24"
"2026-04-13","51165","Rockingham","Age_Group","Unknown","0","0","0","0","0","0","2025-26"
"2026-04-13","51165","Rockingham","Race and Ethnicity","Unknown","0","0","0","0","0","0","2025-26"
"2026-04-13","51165","Rockingham","Sex","UNKNOWN","1","1","72","72","0","0","2025-26"
"2025-10-07","51165","Rockingham","Sex","UNKNOWN","5","5","103","102","0","0","2024-25"
"2026-04-13","51165","Rockingham","Race and Ethnicity","White","0","0","0","0","0","0","2025-26"
"2024-09-10","51165","Rockingham","Race and Ethnicity","White","8,555","7,536","21,497","19,585","10.2%","26.6%","2023-24"
"2025-10-07","51165","Rockingham","Race and Ethnicity","White","8380","7512","18979","18600","0.102","0.253","2024-25"
"2026-04-13","51167","Russell","Age_Group","0-4","0","0","0","0","0","0","2025-26"
"2024-09-10","51167","Russell","Age_Group","0-4","0","0","271","206","0.0%","17.5%","2023-24"
"2025-10-07","51167","Russell","Age_Group","0-4","2","2","216","171","0.002","0.146","2024-25"
"2026-04-13","51167","Russell","Age_Group","12-17","0","0","0","0","0","0","2025-26"
"2024-09-10","51167","Russell","Age_Group","12-17","12","12","147","146","0.7%","9.0%","2023-24"
"2025-10-07","51167","Russell","Age_Group","12-17","16","13","119","118","0.008","0.073","2024-25"
"2026-04-13","51167","Russell","Age_Group","18-30","0","0","0","0","0","0","2025-26"
"2025-10-07","51167","Russell","Age_Group","18-30","28","25","240","237","0.007","0.068","2024-25"
"2024-09-10","51167","Russell","Age_Group","18-30","50","47","356","345","1.4%","10.0%","2023-24"
"2026-04-13","51167","Russell","Age_Group","31-49","0","0","0","0","0","0","2025-26"
"2024-09-10","51167","Russell","Age_Group","31-49","126","117","724","686","2.1%","12.4%","2023-24"
"2025-10-07","51167","Russell","Age_Group","31-49","98","92","536","528","0.017","0.095","2024-25"
"2026-04-13","51167","Russell","Age_Group","50-64","0","0","0","0","0","0","2025-26"
"2025-10-07","51167","Russell","Age_Group","50-64","149","144","974","966","0.026","0.172","2024-25"
"2025-10-07","51159","Richmond County","Race and Ethnicity","Latino","21","20","157","150","0.03","0.224","2024-25"
"2024-09-10","51167","Russell","Age_Group","50-64","268","262","1,580","1,497","4.7%","26.7%","2023-24"
"2024-09-10","51159","Richmond County","Race and Ethnicity","Latino","35","34","149","137","5.1%","20.5%","2023-24"
"2026-04-13","51167","Russell","Age_Group","5-11","0","0","0","0","0","0","2025-26"
"2025-10-07","51167","Russell","Age_Group","5-11","2","2","185","185","0.001","0.097","2024-25"
"2024-09-10","51167","Russell","Age_Group","5-11","5","5","221","216","0.3%","11.4%","2023-24"
"2026-04-13","51167","Russell","Age_Group","65+","0","0","0","0","0","0","2025-26"
"2025-10-07","51167","Russell","Age_Group","65+","554","526","2202","2164","0.087","0.358","2024-25"
"2024-09-10","51167","Russell","Age_Group","65+","816","786","3,206","3,026","13.0%","50.1%","2023-24"
"2026-04-13","51167","Russell","Race and Ethnicity","Asian or Pacific Islander","0","0","0","0","0","0","2025-26"
"2025-10-07","51167","Russell","Race and Ethnicity","Asian or Pacific Islander","3","3","20","20","0.075","0.5","2024-25"
"2024-09-10","51167","Russell","Race and Ethnicity","Asian or Pacific Islander","7","7","22","20","17.5%","50.0%","2023-24"
"2026-04-13","51167","Russell","Race and Ethnicity","Black","0","0","0","0","0","0","2025-26"
"2025-10-07","51167","Russell","Race and Ethnicity","Black","16","14","36","34","0.061","0.147","2024-25"
"2024-09-10","51167","Russell","Race and Ethnicity","Black","29","26","71","62","11.3%","26.8%","2023-24"
"2026-04-13","51167","Russell","Age_Group","Female","0","0","0","0","0","0","2025-26"
"2026-04-13","51167","Russell","Race and Ethnicity","Female","0","0","0","0","0","0","2025-26"
"2026-04-13","51167","Russell","Sex","Female","240","237","2022","1998","0","0","2025-26"
"2025-10-07","51167","Russell","Sex","Female","424","402","2498","2441","0","0","2024-25"
"2024-09-10","51167","Russell","Sex","Female","667","645","3,606","3,404","5.0%","26.4%","2023-24"
"2026-04-13","51167","Russell","Race and Ethnicity","Latino","0","0","0","0","0","0","2025-26"
"2025-10-07","51167","Russell","Race and Ethnicity","Latino","12","12","51","49","0.037","0.153","2024-25"
"2024-09-10","51167","Russell","Race and Ethnicity","Latino","13","12","62","59","3.8%","18.4%","2023-24"
"2026-04-13","51167","Russell","Age_Group","Male","0","0","0","0","0","0","2025-26"
"2026-04-13","51167","Russell","Race and Ethnicity","Male","0","0","0","0","0","0","2025-26"
"2026-04-13","51167","Russell","Sex","Male","206","202","1561","1537","0","0","2025-26"
"2025-10-07","51167","Russell","Sex","Male","425","402","1974","1928","0","0","2024-25"
"2024-09-10","51167","Russell","Sex","Male","610","584","2,899","2,718","4.7%","21.8%","2023-24"
"2026-04-13","51167","Russell","Race and Ethnicity","Native American","0","0","0","0","0","0","2025-26"
"2024-09-10","51167","Russell","Race and Ethnicity","Native American","5","4","21","17","8.9%","37.8%","2023-24"
"2025-10-07","51167","Russell","Race and Ethnicity","Native American","6","5","19","18","0.111","0.4","2024-25"
"2026-04-13","51167","Russell","Race and Ethnicity","Not Reported","0","0","0","0","0","0","2025-26"
"2024-09-10","51167","Russell","Race and Ethnicity","Not Reported","39","39","248","244","","","2023-24"
"2025-10-07","51167","Russell","Race and Ethnicity","Not Reported","5","5","77","73","0","0.003","2024-25"
"2026-04-13","51167","Russell","Race and Ethnicity","Other Race","0","0","0","0","0","0","2025-26"
"2024-09-10","51167","Russell","Race and Ethnicity","Other Race","4","4","120","96","1.9%","44.4%","2023-24"
"2025-10-07","51167","Russell","Race and Ethnicity","Other Race","6","5","83","77","0.023","0.356","2024-25"
"2026-04-13","51167","Russell","Age_Group","Unknown","0","0","0","0","0","0","2025-26"
"2026-04-13","51167","Russell","Race and Ethnicity","Unknown","0","0","0","0","0","0","2025-26"
"2026-04-13","51167","Russell","Sex","Unknown","0","0","0","0","0","0","2025-26"
"2026-04-13","51167","Russell","Race and Ethnicity","White","0","0","0","0","0","0","2025-26"
"2024-09-10","51167","Russell","Race and Ethnicity","White","1,180","1,137","5,961","5,624","4.6%","23.0%","2023-24"
"2025-10-07","51167","Russell","Race and Ethnicity","White","801","760","4186","4098","0.031","0.167","2024-25"
"2026-04-13","51169","Scott","Age_Group","0-4","0","0","0","0","0","0","2025-26"
"2025-10-07","51169","Scott","Age_Group","0-4","0","0","66","54","0","0.063","2024-25"
"2024-09-10","51169","Scott","Age_Group","0-4","0","0","69","51","0.0%","5.9%","2023-24"
"2026-04-13","51169","Scott","Age_Group","12-17","0","0","0","0","0","0","2025-26"
"2025-10-07","51169","Scott","Age_Group","12-17","1","1","80","80","0.001","0.058","2024-25"
"2024-09-10","51169","Scott","Age_Group","12-17","3","3","86","84","0.2%","6.1%","2023-24"
"2026-04-13","51169","Scott","Age_Group","18-30","0","0","0","0","0","0","2025-26"
"2025-10-07","51169","Scott","Age_Group","18-30","12","12","154","153","0.004","0.053","2024-25"
"2024-09-10","51169","Scott","Age_Group","18-30","18","16","173","167","0.6%","5.8%","2023-24"
"2026-04-13","51169","Scott","Age_Group","31-49","0","0","0","0","0","0","2025-26"
"2026-04-13","51161","Roanoke County","Age_Group","Female","0","0","0","0","0","0","2025-26"
"2026-04-13","51169","Scott","Age_Group","Male","0","0","0","0","0","0","2025-26"
"2026-04-13","51161","Roanoke County","Age_Group","Unknown","0","0","0","0","0","0","2025-26"
"2026-04-13","51169","Scott","Race and Ethnicity","Male","0","0","0","0","0","0","2025-26"
"2026-04-13","51161","Roanoke County","Race and Ethnicity","Unknown","0","0","0","0","0","0","2025-26"
"2026-04-13","51169","Scott","Sex","Male","150","145","1241","1223","0","0","2025-26"
"2025-10-07","51161","Roanoke County","Sex","UNKNOWN","0","0","13","13","0","0","2024-25"
"2025-10-07","51169","Scott","Sex","Male","296","283","1559","1529","0","0","2024-25"
"2026-04-13","51161","Roanoke County","Sex","UNKNOWN","2","2","31","31","0","0","2025-26"
"2026-04-13","51161","Roanoke County","Race and Ethnicity","White","0","0","0","0","0","0","2025-26"
"2024-09-10","51169","Scott","Sex","Male","396","376","1,902","1,822","3.5%","16.8%","2023-24"
"2025-10-07","51161","Roanoke County","Race and Ethnicity","White","11362","10561","24993","24695","0.13","0.305","2024-25"
"2026-04-13","51169","Scott","Race and Ethnicity","Native American","0","0","0","0","0","0","2025-26"
"2024-09-10","51161","Roanoke County","Race and Ethnicity","White","12,394","11,063","27,244","25,598","13.7%","31.6%","2023-24"
"2025-10-07","51169","Scott","Race and Ethnicity","Native American","29","28","134","131","0.778","3.639","2024-25"
"2026-04-13","51163","Rockbridge","Age_Group","0-4","0","0","0","0","0","0","2025-26"
"2024-09-10","51169","Scott","Race and Ethnicity","Native American","60","55","184","174","152.8%","483.3%","2023-24"
"2025-10-07","51163","Rockbridge","Age_Group","0-4","1","1","358","289","0.001","0.361","2024-25"
"2024-09-10","51169","Scott","Sex","Not Reported","0","0","2","2","","","2023-24"
"2026-04-13","51169","Scott","Race and Ethnicity","Not Reported","0","0","0","0","0","0","2025-26"
"2024-09-10","51163","Rockbridge","Age_Group","0-4","49","36","416","327","4.5%","40.9%","2023-24"
"2026-04-13","51163","Rockbridge","Age_Group","12-17","0","0","0","0","0","0","2025-26"
"2026-04-13","51169","Scott","Sex","Not Reported","0","0","0","0","0","0","2025-26"
"2025-10-07","51169","Scott","Race and Ethnicity","Not Reported","13","11","51","45","0.001","0.002","2024-25"
"2025-10-07","51163","Rockbridge","Age_Group","12-17","52","51","269","264","0.034","0.177","2024-25"
"2024-09-10","51169","Scott","Race and Ethnicity","Not Reported","22","18","89","81","","","2023-24"
"2024-09-10","51163","Rockbridge","Age_Group","12-17","62","62","290","286","4.2%","19.2%","2023-24"
"2026-04-13","51169","Scott","Race and Ethnicity","Other Race","0","0","0","0","0","0","2025-26"
"2026-04-13","51163","Rockbridge","Age_Group","18-30","0","0","0","0","0","0","2025-26"
"2025-10-07","51169","Scott","Race and Ethnicity","Other Race","10","8","9","9","0.035","0.039","2024-25"
"2024-09-10","51163","Rockbridge","Age_Group","18-30","112","111","450","434","3.7%","14.6%","2023-24"
"2024-09-10","51169","Scott","Race and Ethnicity","Other Race","11","7","9","9","3.0%","3.9%","2023-24"
"2025-10-07","51163","Rockbridge","Age_Group","18-30","94","89","395","393","0.03","0.132","2024-25"
"2026-04-13","51169","Scott","Age_Group","Unknown","0","0","0","0","0","0","2025-26"
"2026-04-13","51163","Rockbridge","Age_Group","31-49","0","0","0","0","0","0","2025-26"
"2026-04-13","51169","Scott","Race and Ethnicity","Unknown","0","0","0","0","0","0","2025-26"
"2025-10-07","51163","Rockbridge","Age_Group","31-49","280","271","863","860","0.06","0.191","2024-25"
"2026-04-13","51169","Scott","Sex","Unknown","0","0","0","0","0","0","2025-26"
"2024-09-10","51163","Rockbridge","Age_Group","31-49","297","291","965","922","6.5%","20.5%","2023-24"
"2026-04-13","51169","Scott","Race and Ethnicity","White","0","0","0","0","0","0","2025-26"
"2026-04-13","51163","Rockbridge","Age_Group","50-64","0","0","0","0","0","0","2025-26"
"2025-10-07","51169","Scott","Race and Ethnicity","White","507","476","3083","3040","0.023","0.148","2024-25"
"2025-10-07","51163","Rockbridge","Age_Group","50-64","622","599","1558","1539","0.12","0.309","2024-25"
"2024-09-10","51169","Scott","Race and Ethnicity","White","748","712","3,849","3,712","3.5%","18.0%","2023-24"
"2024-09-10","51163","Rockbridge","Age_Group","50-64","744","709","1,833","1,718","14.3%","34.5%","2023-24"
"2026-04-13","51171","Shenandoah","Age_Group","0-4","0","0","0","0","0","0","2025-26"
"2026-04-13","51163","Rockbridge","Age_Group","5-11","0","0","0","0","0","0","2025-26"
"2024-09-10","51171","Shenandoah","Age_Group","0-4","11","10","786","642","0.4%","25.0%","2023-24"
"2025-10-07","51163","Rockbridge","Age_Group","5-11","50","48","314","313","0.03","0.199","2024-25"
"2025-10-07","51171","Shenandoah","Age_Group","0-4","18","14","732","602","0.005","0.235","2024-25"
"2024-09-10","51163","Rockbridge","Age_Group","5-11","58","58","359","356","3.7%","22.6%","2023-24"
"2026-04-13","51171","Shenandoah","Age_Group","12-17","0","0","0","0","0","0","2025-26"
"2026-04-13","51163","Rockbridge","Age_Group","65+","0","0","0","0","0","0","2025-26"
"2024-09-10","51163","Rockbridge","Age_Group","65+","2,274","1,978","4,069","3,766","31.8%","60.5%","2023-24"
"2025-10-07","51163","Rockbridge","Age_Group","65+","2277","1933","3610","3575","0.31","0.574","2024-25"
"2026-04-13","51163","Rockbridge","Race and Ethnicity","Asian or Pacific Islander","0","0","0","0","0","0","2025-26"
"2024-09-10","51163","Rockbridge","Race and Ethnicity","Asian or Pacific Islander","58","54","101","95","30.3%","53.4%","2023-24"
"2025-10-07","51163","Rockbridge","Race and Ethnicity","Asian or Pacific Islander","62","54","105","102","0.303","0.573","2024-25"
"2026-04-13","51163","Rockbridge","Race and Ethnicity","Black","0","0","0","0","0","0","2025-26"
"2024-09-10","51163","Rockbridge","Race and Ethnicity","Black","104","95","238","211","12.4%","27.5%","2023-24"
"2025-10-07","51163","Rockbridge","Race and Ethnicity","Black","86","78","224","219","0.102","0.286","2024-25"
"2026-04-13","51163","Rockbridge","Age_Group","Female","0","0","0","0","0","0","2025-26"
"2026-04-13","51163","Rockbridge","Race and Ethnicity","Female","0","0","0","0","0","0","2025-26"
"2025-10-07","51163","Rockbridge","Sex","Female","1878","1663","4175","4108","0","0","2024-25"
"2024-09-10","51163","Rockbridge","Sex","Female","2,006","1,813","4,714","4,395","15.9%","38.7%","2023-24"
"2026-04-13","51163","Rockbridge","Sex","Female","985","952","3814","3699","0","0","2025-26"
"2026-04-13","51163","Rockbridge","Race and Ethnicity","Latino","0","0","0","0","0","0","2025-26"
"2025-10-07","51163","Rockbridge","Race and Ethnicity","Latino","37","35","113","112","0.074","0.237","2024-25"
"2024-09-10","51163","Rockbridge","Race and Ethnicity","Latino","57","51","162","147","10.8%","31.1%","2023-24"
"2026-04-13","51163","Rockbridge","Age_Group","Male","0","0","0","0","0","0","2025-26"
"2026-04-13","51163","Rockbridge","Race and Ethnicity","Male","0","0","0","0","0","0","2025-26"
"2024-09-10","51163","Rockbridge","Sex","Male","1,590","1,432","3,665","3,411","12.8%","30.5%","2023-24"
"2025-10-07","51163","Rockbridge","Sex","Male","1498","1329","3192","3125","0","0","2024-25"
"2026-04-13","51163","Rockbridge","Sex","Male","718","695","2792","2710","0","0","2025-26"
"2026-04-13","51163","Rockbridge","Race and Ethnicity","Native American","0","0","0","0","0","0","2025-26"
"2025-10-07","51163","Rockbridge","Race and Ethnicity","Native American","30","24","73","71","0.186","0.55","2024-25"
"2024-09-10","51163","Rockbridge","Race and Ethnicity","Native American","32","30","71","63","23.3%","48.8%","2023-24"
"2024-09-10","51163","Rockbridge","Sex","Not Reported","0","0","3","3","","","2023-24"
"2026-04-13","51163","Rockbridge","Race and Ethnicity","Not Reported","0","0","0","0","0","0","2025-26"
"2026-04-13","51163","Rockbridge","Sex","Not Reported","0","0","0","0","0","0","2025-26"
"2025-10-07","51163","Rockbridge","Race and Ethnicity","Not Reported","35","33","256","250","0.001","0.011","2024-25"
"2024-09-10","51163","Rockbridge","Race and Ethnicity","Not Reported","55","53","447","437","","","2023-24"
"2026-04-13","51163","Rockbridge","Race and Ethnicity","Other Race","0","0","0","0","0","0","2025-26"
"2025-10-07","51163","Rockbridge","Race and Ethnicity","Other Race","56","45","88","86","0.121","0.231","2024-25"
"2024-09-10","51163","Rockbridge","Race and Ethnicity","Other Race","71","57","73","72","15.3%","19.4%","2023-24"
"2026-04-13","51163","Rockbridge","Age_Group","Unknown","0","0","0","0","0","0","2025-26"
"2026-04-13","51163","Rockbridge","Race and Ethnicity","Unknown","0","0","0","0","0","0","2025-26"
"2026-04-13","51163","Rockbridge","Sex","UNKNOWN","0","0","1","1","0","0","2025-26"
"2026-04-13","51163","Rockbridge","Race and Ethnicity","White","0","0","0","0","0","0","2025-26"
"2024-09-10","51163","Rockbridge","Race and Ethnicity","White","3,219","2,905","7,290","6,784","14.1%","32.9%","2023-24"
"2025-10-07","51163","Rockbridge","Race and Ethnicity","White","3070","2723","6508","6393","0.132","0.31","2024-25"
"2026-04-13","51165","Rockingham","Age_Group","0-4","0","0","0","0","0","0","2025-26"
"2025-10-07","51165","Rockingham","Age_Group","0-4","50","39","1440","1172","0.008","0.251","2024-25"
"2024-09-10","51165","Rockingham","Age_Group","0-4","67","55","1,535","1,212","1.2%","26.0%","2023-24"
"2026-04-13","51165","Rockingham","Age_Group","12-17","0","0","0","0","0","0","2025-26"
"2024-09-10","51165","Rockingham","Age_Group","12-17","205","199","984","960","3.0%","14.4%","2023-24"
"2025-10-07","51165","Rockingham","Age_Group","12-17","206","206","963","959","0.031","0.144","2024-25"
"2026-04-13","51165","Rockingham","Age_Group","18-30","0","0","0","0","0","0","2025-26"
"2024-09-10","51165","Rockingham","Age_Group","18-30","403","395","1,815","1,748","2.9%","12.7%","2023-24"
"2025-10-07","51165","Rockingham","Age_Group","18-30","429","416","1706","1682","0.03","0.123","2024-25"
"2026-04-13","51165","Rockingham","Age_Group","31-49","0","0","0","0","0","0","2025-26"
"2025-10-07","51171","Shenandoah","Age_Group","12-17","35","35","346","346","0.011","0.111","2024-25"
"2024-09-10","51171","Shenandoah","Age_Group","12-17","41","41","373","366","1.3%","11.7%","2023-24"
"2026-04-13","51171","Shenandoah","Age_Group","18-30","0","0","0","0","0","0","2025-26"
"2024-09-10","51171","Shenandoah","Age_Group","18-30","134","132","598","577","2.1%","9.1%","2023-24"
"2025-10-07","51171","Shenandoah","Age_Group","18-30","150","148","671","667","0.023","0.105","2024-25"
"2026-04-13","51171","Shenandoah","Age_Group","31-49","0","0","0","0","0","0","2025-26"
"2025-10-07","51171","Shenandoah","Age_Group","31-49","371","359","1337","1328","0.037","0.137","2024-25"
"2024-09-10","51171","Shenandoah","Age_Group","31-49","383","362","1,400","1,355","3.7%","14.0%","2023-24"
"2026-04-13","51171","Shenandoah","Age_Group","50-64","0","0","0","0","0","0","2025-26"
"2025-10-07","51171","Shenandoah","Age_Group","50-64","777","765","2079","2067","0.08","0.217","2024-25"
"2024-09-10","51171","Shenandoah","Age_Group","50-64","865","827","2,441","2,344","8.7%","24.6%","2023-24"
"2026-04-13","51171","Shenandoah","Age_Group","5-11","0","0","0","0","0","0","2025-26"
"2025-10-07","51171","Shenandoah","Age_Group","5-11","23","17","459","459","0.005","0.127","2024-25"
"2024-09-10","51171","Shenandoah","Age_Group","5-11","34","33","516","514","0.9%","14.2%","2023-24"
"2026-04-13","51171","Shenandoah","Age_Group","65+","0","0","0","0","0","0","2025-26"
"2025-10-07","51171","Shenandoah","Age_Group","65+","2803","2581","5127","5079","0.256","0.505","2024-25"
"2024-09-10","51171","Shenandoah","Age_Group","65+","3,146","2,777","6,025","5,649","27.6%","56.1%","2023-24"
"2026-04-13","51171","Shenandoah","Race and Ethnicity","Asian or Pacific Islander","0","0","0","0","0","0","2025-26"
"2024-09-10","51171","Shenandoah","Race and Ethnicity","Asian or Pacific Islander","52","49","134","122","9.0%","22.4%","2023-24"
"2025-10-07","51171","Shenandoah","Race and Ethnicity","Asian or Pacific Islander","53","53","126","126","0.097","0.231","2024-25"
"2026-04-13","51171","Shenandoah","Race and Ethnicity","Black","0","0","0","0","0","0","2025-26"
"2024-09-10","51171","Shenandoah","Race and Ethnicity","Black","106","100","270","255","8.3%","21.2%","2023-24"
"2025-10-07","51171","Shenandoah","Race and Ethnicity","Black","115","106","289","278","0.088","0.231","2024-25"
"2026-04-13","51171","Shenandoah","Age_Group","Female","0","0","0","0","0","0","2025-26"
"2026-04-13","51171","Shenandoah","Race and Ethnicity","Female","0","0","0","0","0","0","2025-26"
"2026-04-13","51171","Shenandoah","Sex","Female","1399","1370","5513","5436","0","0","2025-26"
"2024-09-10","51171","Shenandoah","Sex","Female","2,564","2,343","6,849","6,488","10.3%","28.6%","2023-24"
"2025-10-07","51171","Shenandoah","Sex","Female","2308","2176","6155","6045","0","0","2024-25"
"2026-04-13","51171","Shenandoah","Race and Ethnicity","Latino","0","0","0","0","0","0","2025-26"
"2025-10-07","51171","Shenandoah","Race and Ethnicity","Latino","125","116","636","611","0.03","0.158","2024-25"
"2024-09-10","51171","Shenandoah","Race and Ethnicity","Latino","129","120","652","617","3.1%","16.0%","2023-24"
"2026-04-13","51171","Shenandoah","Age_Group","Male","0","0","0","0","0","0","2025-26"
"2026-04-13","51171","Shenandoah","Race and Ethnicity","Male","0","0","0","0","0","0","2025-26"
"2026-04-13","51171","Shenandoah","Sex","Male","1128","1091","4096","4014","0","0","2025-26"
"2025-10-07","51171","Shenandoah","Sex","Male","1869","1743","4594","4501","0","0","2024-25"
"2024-09-10","51171","Shenandoah","Sex","Male","2,050","1,839","5,286","4,955","8.3%","22.3%","2023-24"
"2026-04-13","51171","Shenandoah","Race and Ethnicity","Native American","0","0","0","0","0","0","2025-26"
"2025-10-07","51171","Shenandoah","Race and Ethnicity","Native American","39","38","75","75","0.325","0.641","2024-25"
"2024-09-10","51171","Shenandoah","Race and Ethnicity","Native American","46","41","81","76","35.0%","65.0%","2023-24"
"2024-09-10","51171","Shenandoah","Sex","Not Reported","0","0","4","4","","","2023-24"
"2026-04-13","51171","Shenandoah","Race and Ethnicity","Not Reported","0","0","0","0","0","0","2025-26"
"2026-04-13","51171","Shenandoah","Sex","Not Reported","0","0","0","0","0","0","2025-26"
"2025-10-07","51171","Shenandoah","Race and Ethnicity","Not Reported","42","38","335","326","0.001","0.007","2024-25"
"2024-09-10","51171","Shenandoah","Race and Ethnicity","Not Reported","44","42","569","531","","","2023-24"
"2026-04-13","51171","Shenandoah","Race and Ethnicity","Other Race","0","0","0","0","0","0","2025-26"
"2025-10-07","51171","Shenandoah","Race and Ethnicity","Other Race","32","26","94","91","0.03","0.105","2024-25"
"2024-09-10","51171","Shenandoah","Race and Ethnicity","Other Race","40","28","113","110","3.2%","12.7%","2023-24"
"2026-04-13","51171","Shenandoah","Age_Group","Unknown","0","0","0","0","0","0","2025-26"
"2026-04-13","51171","Shenandoah","Race and Ethnicity","Unknown","0","0","0","0","0","0","2025-26"
"2025-10-07","51171","Shenandoah","Sex","UNKNOWN","0","0","2","2","0","0","2024-25"
"2026-04-13","51171","Shenandoah","Sex","UNKNOWN","0","0","4","4","0","0","2025-26"
"2026-04-13","51171","Shenandoah","Race and Ethnicity","White","0","0","0","0","0","0","2025-26"
"2024-09-10","51165","Rockingham","Age_Group","31-49","1,072","1,027","3,953","3,741","5.4%","19.7%","2023-24"
"2025-10-07","51171","Shenandoah","Race and Ethnicity","White","3771","3542","9196","9041","0.092","0.236","2024-25"
"2025-10-07","51165","Rockingham","Age_Group","31-49","1014","988","3508","3479","0.052","0.183","2024-25"
"2024-09-10","51171","Shenandoah","Race and Ethnicity","White","4,197","3,802","10,320","9,736","9.9%","25.4%","2023-24"
"2026-04-13","51165","Rockingham","Age_Group","50-64","0","0","0","0","0","0","2025-26"
"2026-04-13","51173","Smyth","Age_Group","0-4","0","0","0","0","0","0","2025-26"
"2024-09-10","51165","Rockingham","Age_Group","50-64","1,884","1,771","5,313","4,935","10.7%","29.9%","2023-24"
"2025-10-07","51173","Smyth","Age_Group","0-4","24","20","465","359","0.015","0.267","2024-25"
"2025-10-07","51165","Rockingham","Age_Group","50-64","1731","1666","4452","4404","0.101","0.267","2024-25"
"2024-09-10","51173","Smyth","Age_Group","0-4","25","18","530","417","1.3%","31.0%","2023-24"
"2026-04-13","51165","Rockingham","Age_Group","5-11","0","0","0","0","0","0","2025-26"
"2026-04-13","51173","Smyth","Age_Group","12-17","0","0","0","0","0","0","2025-26"
"2024-09-10","51165","Rockingham","Age_Group","5-11","148","148","1,190","1,150","2.0%","15.8%","2023-24"
"2025-10-07","51173","Smyth","Age_Group","12-17","24","24","316","315","0.012","0.158","2024-25"
"2025-10-07","51165","Rockingham","Age_Group","5-11","155","155","1213","1202","0.021","0.165","2024-25"
"2024-09-10","51173","Smyth","Age_Group","12-17","48","48","423","421","2.4%","21.1%","2023-24"
"2026-04-13","51165","Rockingham","Age_Group","65+","0","0","0","0","0","0","2025-26"
"2026-04-13","51173","Smyth","Age_Group","18-30","0","0","0","0","0","0","2025-26"
"2024-09-10","51165","Rockingham","Age_Group","65+","5,770","4,856","11,408","10,168","27.7%","58.1%","2023-24"
"2025-10-07","51173","Smyth","Age_Group","18-30","51","49","437","434","0.011","0.101","2024-25"
"2025-10-07","51165","Rockingham","Age_Group","65+","5768","4940","9522","9396","0.282","0.537","2024-25"
"2024-09-10","51173","Smyth","Age_Group","18-30","66","65","541","529","1.5%","12.3%","2023-24"
"2026-04-13","51165","Rockingham","Race and Ethnicity","Asian or Pacific Islander","0","0","0","0","0","0","2025-26"
"2026-04-13","51173","Smyth","Age_Group","31-49","0","0","0","0","0","0","2025-26"
"2024-09-10","51173","Smyth","Age_Group","31-49","121","116","989","963","1.8%","14.9%","2023-24"
"2024-09-10","51165","Rockingham","Race and Ethnicity","Asian or Pacific Islander","135","127","404","366","12.4%","35.6%","2023-24"
"2025-10-07","51173","Smyth","Age_Group","31-49","90","87","753","746","0.013","0.116","2024-25"
"2025-10-07","51165","Rockingham","Race and Ethnicity","Asian or Pacific Islander","136","124","391","383","0.121","0.373","2024-25"
"2026-04-13","51173","Smyth","Age_Group","50-64","0","0","0","0","0","0","2025-26"
"2026-04-13","51165","Rockingham","Race and Ethnicity","Black","0","0","0","0","0","0","2025-26"
"2025-10-07","51173","Smyth","Age_Group","50-64","252","246","1330","1313","0.039","0.206","2024-25"
"2024-09-10","51165","Rockingham","Race and Ethnicity","Black","188","173","536","490","8.1%","22.8%","2023-24"
"2024-09-10","51173","Smyth","Age_Group","50-64","424","411","1,866","1,795","6.5%","28.2%","2023-24"
"2026-04-13","51173","Smyth","Age_Group","5-11","0","0","0","0","0","0","2025-26"
"2025-10-07","51173","Smyth","Age_Group","5-11","12","12","508","504","0.006","0.235","2024-25"
"2024-09-10","51173","Smyth","Age_Group","5-11","16","16","561","553","0.7%","25.8%","2023-24"
"2026-04-13","51173","Smyth","Age_Group","65+","0","0","0","0","0","0","2025-26"
"2024-09-10","51173","Smyth","Age_Group","65+","1,112","1,025","3,116","2,990","15.1%","44.1%","2023-24"
"2025-10-07","51173","Smyth","Age_Group","65+","769","737","2454","2430","0.109","0.359","2024-25"
"2026-04-13","51173","Smyth","Race and Ethnicity","Asian or Pacific Islander","0","0","0","0","0","0","2025-26"
"2024-09-10","51173","Smyth","Race and Ethnicity","Asian or Pacific Islander","16","16","43","41","9.2%","23.6%","2023-24"
"2025-10-07","51173","Smyth","Race and Ethnicity","Asian or Pacific Islander","6","6","36","34","0.034","0.195","2024-25"
"2026-04-13","51173","Smyth","Race and Ethnicity","Black","0","0","0","0","0","0","2025-26"
"2025-10-07","51173","Smyth","Race and Ethnicity","Black","29","28","105","101","0.047","0.17","2024-25"
"2024-09-10","51173","Smyth","Race and Ethnicity","Black","34","31","117","113","5.2%","19.0%","2023-24"
"2026-04-13","51173","Smyth","Age_Group","Female","0","0","0","0","0","0","2025-26"
"2026-04-13","51173","Smyth","Race and Ethnicity","Female","0","0","0","0","0","0","2025-26"
"2024-09-10","51173","Smyth","Sex","Female","1,024","965","4,527","4,330","6.5%","29.2%","2023-24"
"2026-04-13","51173","Smyth","Sex","Female","378","369","2986","2940","0","0","2025-26"
"2025-10-07","51173","Smyth","Sex","Female","680","658","3529","3447","0","0","2024-25"
"2026-04-13","51173","Smyth","Race and Ethnicity","Latino","0","0","0","0","0","0","2025-26"
"2025-10-07","51173","Smyth","Race and Ethnicity","Latino","17","14","103","97","0.021","0.144","2024-25"
"2024-09-10","51173","Smyth","Race and Ethnicity","Latino","28","28","112","107","4.2%","15.9%","2023-24"
"2026-04-13","51173","Smyth","Age_Group","Male","0","0","0","0","0","0","2025-26"
"2026-04-13","51173","Smyth","Race and Ethnicity","Male","0","0","0","0","0","0","2025-26"
"2026-04-13","51173","Smyth","Sex","Male","287","282","2183","2140","0","0","2025-26"
"2025-10-07","51173","Smyth","Sex","Male","541","516","2727","2647","0","0","2024-25"
"2024-09-10","51173","Smyth","Sex","Male","788","734","3,495","3,334","5.0%","22.9%","2023-24"
"2026-04-13","51173","Smyth","Race and Ethnicity","Native American","0","0","0","0","0","0","2025-26"
"2025-10-07","51173","Smyth","Race and Ethnicity","Native American","3","3","23","23","0.094","0.719","2024-25"
"2024-09-10","51173","Smyth","Race and Ethnicity","Native American","4","4","25","24","12.5%","75.0%","2023-24"
"2024-09-10","51173","Smyth","Sex","Not Reported","0","0","4","4","","","2023-24"
"2026-04-13","51173","Smyth","Race and Ethnicity","Not Reported","0","0","0","0","0","0","2025-26"
"2026-04-13","51173","Smyth","Sex","Not Reported","0","0","0","0","0","0","2025-26"
"2025-10-07","51173","Smyth","Race and Ethnicity","Not Reported","13","11","210","190","0","0.006","2024-25"
"2024-09-10","51173","Smyth","Race and Ethnicity","Not Reported","31","30","438","426","","","2023-24"
"2026-04-13","51173","Smyth","Race and Ethnicity","Other Race","0","0","0","0","0","0","2025-26"
"2024-09-10","51173","Smyth","Race and Ethnicity","Other Race","1","1","206","169","0.3%","46.4%","2023-24"
"2025-10-07","51173","Smyth","Race and Ethnicity","Other Race","3","3","129","110","0.008","0.302","2024-25"
"2026-04-13","51173","Smyth","Age_Group","Unknown","0","0","0","0","0","0","2025-26"
"2026-04-13","51173","Smyth","Race and Ethnicity","Unknown","0","0","0","0","0","0","2025-26"
"2026-04-13","51173","Smyth","Sex","Unknown","0","0","1","1","0","0","2025-26"
"2025-10-07","51173","Smyth","Sex","UNKNOWN","1","1","7","7","0","0","2024-25"
"2026-04-13","51173","Smyth","Race and Ethnicity","White","0","0","0","0","0","0","2025-26"
"2024-09-10","51173","Smyth","Race and Ethnicity","White","1,698","1,589","7,085","6,788","5.8%","24.6%","2023-24"
"2025-10-07","51173","Smyth","Race and Ethnicity","White","1151","1110","5657","5546","0.04","0.201","2024-25"
"2026-04-13","51175","Southampton","Age_Group","0-4","0","0","0","0","0","0","2025-26"
"2025-10-07","51175","Southampton","Age_Group","0-4","5","4","233","195","0.005","0.262","2024-25"
"2024-09-10","51175","Southampton","Age_Group","0-4","7","4","274","219","0.5%","29.4%","2023-24"
"2026-04-13","51175","Southampton","Age_Group","12-17","0","0","0","0","0","0","2025-26"
"2025-10-07","51175","Southampton","Age_Group","12-17","15","13","148","147","0.011","0.127","2024-25"
"2024-09-10","51175","Southampton","Age_Group","12-17","9","9","175","171","0.8%","14.7%","2023-24"
"2026-04-13","51175","Southampton","Age_Group","18-30","0","0","0","0","0","0","2025-26"
"2025-10-07","51175","Southampton","Age_Group","18-30","30","30","229","223","0.012","0.092","2024-25"
"2024-09-10","51175","Southampton","Age_Group","18-30","34","34","244","239","1.4%","9.8%","2023-24"
"2026-04-13","51175","Southampton","Age_Group","31-49","0","0","0","0","0","0","2025-26"
"2024-09-10","51175","Southampton","Age_Group","31-49","122","120","642","629","3.1%","16.0%","2023-24"
"2025-10-07","51175","Southampton","Age_Group","31-49","78","77","526","519","0.02","0.132","2024-25"
"2026-04-13","51175","Southampton","Age_Group","50-64","0","0","0","0","0","0","2025-26"
"2025-10-07","51175","Southampton","Age_Group","50-64","246","243","976","958","0.056","0.221","2024-25"
"2024-09-10","51175","Southampton","Age_Group","50-64","556","549","1,434","1,366","12.7%","31.5%","2023-24"
"2026-04-13","51175","Southampton","Age_Group","5-11","0","0","0","0","0","0","2025-26"
"2025-10-07","51175","Southampton","Age_Group","5-11","1","1","226","225","0.001","0.169","2024-25"
"2024-09-10","51175","Southampton","Age_Group","5-11","4","4","263","257","0.3%","19.4%","2023-24"
"2026-04-13","51175","Southampton","Age_Group","65+","0","0","0","0","0","0","2025-26"
"2024-09-10","51175","Southampton","Age_Group","65+","1,060","1,013","2,094","1,938","25.5%","48.8%","2023-24"
"2025-10-07","51175","Southampton","Age_Group","65+","821","778","1740","1690","0.196","0.426","2024-25"
"2026-04-13","51175","Southampton","Race and Ethnicity","Asian or Pacific Islander","0","0","0","0","0","0","2025-26"
"2024-09-10","51175","Southampton","Race and Ethnicity","Asian or Pacific Islander","7","6","20","18","5.9%","17.8%","2023-24"
"2025-10-07","51175","Southampton","Race and Ethnicity","Asian or Pacific Islander","7","7","27","25","0.069","0.248","2024-25"
"2026-04-13","51175","Southampton","Race and Ethnicity","Black","0","0","0","0","0","0","2025-26"
"2025-10-07","51175","Southampton","Race and Ethnicity","Black","474","452","1218","1181","0.076","0.199","2024-25"
"2024-09-10","51175","Southampton","Race and Ethnicity","Black","580","557","1,453","1,357","9.4%","22.9%","2023-24"
"2026-04-13","51175","Southampton","Age_Group","Female","0","0","0","0","0","0","2025-26"
"2026-04-13","51175","Southampton","Race and Ethnicity","Female","0","0","0","0","0","0","2025-26"
"2026-04-13","51175","Southampton","Sex","Female","388","369","1978","1922","0","0","2025-26"
"2025-10-07","51175","Southampton","Sex","Female","648","628","2210","2139","0","0","2024-25"
"2024-09-10","51175","Southampton","Sex","Female","796","768","2,607","2,436","9.0%","28.4%","2023-24"
"2026-04-13","51175","Southampton","Race and Ethnicity","Latino","0","0","0","0","0","0","2025-26"
"2025-10-07","51175","Southampton","Race and Ethnicity","Latino","40","40","140","137","0.095","0.324","2024-25"
"2024-09-10","51175","Southampton","Race and Ethnicity","Latino","41","40","111","102","9.5%","24.1%","2023-24"
"2026-04-13","51175","Southampton","Age_Group","Male","0","0","0","0","0","0","2025-26"
"2026-04-13","51175","Southampton","Race and Ethnicity","Male","0","0","0","0","0","0","2025-26"
"2026-04-13","51175","Southampton","Sex","Male","292","284","1340","1290","0","0","2025-26"
"2025-10-07","51175","Southampton","Sex","Male","548","518","1862","1812","0","0","2024-25"
"2024-09-10","51175","Southampton","Sex","Male","995","964","2,512","2,377","10.3%","25.5%","2023-24"
"2026-04-13","51175","Southampton","Race and Ethnicity","Native American","0","0","0","0","0","0","2025-26"
"2025-10-07","51175","Southampton","Race and Ethnicity","Native American","14","13","39","38","0.173","0.507","2024-25"
"2024-09-10","51175","Southampton","Race and Ethnicity","Native American","16","14","35","31","18.7%","41.3%","2023-24"
"2026-04-13","51175","Southampton","Race and Ethnicity","Not Reported","0","0","0","0","0","0","2025-26"
"2026-04-13","51175","Southampton","Sex","Not Reported","0","0","0","0","0","0","2025-26"
"2024-09-10","51175","Southampton","Sex","Not Reported","1","1","7","6","","","2023-24"
"2026-04-13","51183","Sussex","Age_Group","31-49","0","0","0","0","0","0","2025-26"
"2024-09-10","51175","Southampton","Race and Ethnicity","Not Reported","285","285","731","704","","","2023-24"
"2025-10-07","51183","Sussex","Age_Group","31-49","41","41","432","428","0.015","0.158","2024-25"
"2025-10-07","51175","Southampton","Race and Ethnicity","Not Reported","7","7","226","223","0","0.012","2024-25"
"2024-09-10","51183","Sussex","Age_Group","31-49","96","93","311","301","3.4%","11.1%","2023-24"
"2026-04-13","51175","Southampton","Race and Ethnicity","Other Race","0","0","0","0","0","0","2025-26"
"2026-04-13","51183","Sussex","Age_Group","50-64","0","0","0","0","0","0","2025-26"
"2024-09-10","51175","Southampton","Race and Ethnicity","Other Race","11","10","41","39","3.1%","12.1%","2023-24"
"2025-10-07","51183","Sussex","Age_Group","50-64","112","108","517","511","0.051","0.242","2024-25"
"2025-10-07","51175","Southampton","Race and Ethnicity","Other Race","3","3","16","15","0.009","0.047","2024-25"
"2024-09-10","51183","Sussex","Age_Group","50-64","163","154","618","581","7.3%","27.5%","2023-24"
"2026-04-13","51175","Southampton","Age_Group","Unknown","0","0","0","0","0","0","2025-26"
"2026-04-13","51183","Sussex","Age_Group","5-11","0","0","0","0","0","0","2025-26"
"2026-04-13","51175","Southampton","Race and Ethnicity","Unknown","0","0","0","0","0","0","2025-26"
"2024-09-10","51183","Sussex","Age_Group","5-11","1","1","67","66","0.2%","10.3%","2023-24"
"2026-04-13","51175","Southampton","Sex","UNKNOWN","0","0","5","5","0","0","2025-26"
"2025-10-07","51183","Sussex","Age_Group","5-11","7","7","56","56","0.011","0.088","2024-25"
"2025-10-07","51175","Southampton","Sex","UNKNOWN","0","0","6","6","0","0","2024-25"
"2026-04-13","51183","Sussex","Age_Group","65+","0","0","0","0","0","0","2025-26"
"2026-04-13","51175","Southampton","Race and Ethnicity","White","0","0","0","0","0","0","2025-26"
"2025-10-07","51183","Sussex","Age_Group","65+","382","363","919","894","0.181","0.446","2024-25"
"2025-10-07","51175","Southampton","Race and Ethnicity","White","651","624","2412","2338","0.057","0.212","2024-25"
"2024-09-10","51183","Sussex","Age_Group","65+","429","402","1,148","1,098","20.0%","54.7%","2023-24"
"2024-09-10","51175","Southampton","Race and Ethnicity","White","852","821","2,735","2,568","7.4%","23.3%","2023-24"
"2026-04-13","51183","Sussex","Race and Ethnicity","Asian or Pacific Islander","0","0","0","0","0","0","2025-26"
"2026-04-13","51177","Spotsylvania","Age_Group","0-4","0","0","0","0","0","0","2025-26"
"2025-10-07","51183","Sussex","Race and Ethnicity","Asian or Pacific Islander","2","2","13","13","0.049","0.317","2024-25"
"2025-10-07","51177","Spotsylvania","Age_Group","0-4","52","43","2814","2246","0.005","0.267","2024-25"
"2024-09-10","51183","Sussex","Race and Ethnicity","Asian or Pacific Islander","4","4","10","10","9.8%","24.4%","2023-24"
"2024-09-10","51177","Spotsylvania","Age_Group","0-4","93","76","3,001","2,418","0.9%","28.8%","2023-24"
"2026-04-13","51183","Sussex","Race and Ethnicity","Black","0","0","0","0","0","0","2025-26"
"2026-04-13","51177","Spotsylvania","Age_Group","12-17","0","0","0","0","0","0","2025-26"
"2025-10-07","51183","Sussex","Race and Ethnicity","Black","338","323","970","942","0.057","0.167","2024-25"
"2025-10-07","51177","Spotsylvania","Age_Group","12-17","405","403","1970","1955","0.033","0.159","2024-25"
"2024-09-10","51183","Sussex","Race and Ethnicity","Black","402","379","1,151","1,093","6.7%","19.4%","2023-24"
"2024-09-10","51177","Spotsylvania","Age_Group","12-17","445","421","2,131","2,055","3.4%","16.7%","2023-24"
"2026-04-13","51183","Sussex","Age_Group","Female","0","0","0","0","0","0","2025-26"
"2026-04-13","51177","Spotsylvania","Age_Group","18-30","0","0","0","0","0","0","2025-26"
"2026-04-13","51183","Sussex","Race and Ethnicity","Female","0","0","0","0","0","0","2025-26"
"2024-09-10","51177","Spotsylvania","Age_Group","18-30","1,078","1,035","3,131","2,994","4.3%","12.3%","2023-24"
"2026-04-13","51183","Sussex","Sex","Female","188","185","912","898","0","0","2025-26"
"2025-10-07","51177","Spotsylvania","Age_Group","18-30","987","974","3065","3030","0.04","0.125","2024-25"
"2025-10-07","51183","Sussex","Sex","Female","303","291","1025","1000","0","0","2024-25"
"2026-04-13","51177","Spotsylvania","Age_Group","31-49","0","0","0","0","0","0","2025-26"
"2024-09-10","51183","Sussex","Sex","Female","363","345","1,304","1,243","7.9%","28.5%","2023-24"
"2025-10-07","51177","Spotsylvania","Age_Group","31-49","1999","1973","5432","5392","0.054","0.149","2024-25"
"2026-04-13","51183","Sussex","Race and Ethnicity","Latino","0","0","0","0","0","0","2025-26"
"2024-09-10","51177","Spotsylvania","Age_Group","31-49","2,102","1,982","5,701","5,445","5.5%","15.0%","2023-24"
"2024-09-10","51183","Sussex","Race and Ethnicity","Latino","12","10","56","52","2.5%","13.0%","2023-24"
"2026-04-13","51177","Spotsylvania","Age_Group","50-64","0","0","0","0","0","0","2025-26"
"2025-10-07","51183","Sussex","Race and Ethnicity","Latino","17","16","59","56","0.04","0.14","2024-25"
"2025-10-07","51177","Spotsylvania","Age_Group","50-64","3666","3591","7458","7386","0.124","0.255","2024-25"
"2026-04-13","51183","Sussex","Age_Group","Male","0","0","0","0","0","0","2025-26"
"2024-09-10","51177","Spotsylvania","Age_Group","50-64","4,066","3,798","8,299","7,761","13.1%","26.8%","2023-24"
"2026-04-13","51183","Sussex","Race and Ethnicity","Male","0","0","0","0","0","0","2025-26"
"2026-04-13","51177","Spotsylvania","Age_Group","5-11","0","0","0","0","0","0","2025-26"
"2026-04-13","51183","Sussex","Sex","Male","150","148","649","636","0","0","2025-26"
"2025-10-07","51183","Sussex","Sex","Male","256","245","1183","1153","0","0","2024-25"
"2025-10-07","51177","Spotsylvania","Age_Group","5-11","265","264","2263","2250","0.019","0.161","2024-25"
"2024-09-10","51183","Sussex","Sex","Male","362","339","1,106","1,048","5.4%","16.8%","2023-24"
"2024-09-10","51177","Spotsylvania","Age_Group","5-11","269","262","2,512","2,435","1.9%","17.4%","2023-24"
"2026-04-13","51183","Sussex","Race and Ethnicity","Native American","0","0","0","0","0","0","2025-26"
"2026-04-13","51177","Spotsylvania","Age_Group","65+","0","0","0","0","0","0","2025-26"
"2025-10-07","51183","Sussex","Race and Ethnicity","Native American","5","5","8","8","0.238","0.381","2024-25"
"2025-10-07","51177","Spotsylvania","Age_Group","65+","7916","7214","12248","12143","0.321","0.54","2024-25"
"2024-09-10","51183","Sussex","Race and Ethnicity","Native American","6","6","20","17","28.6%","81.0%","2023-24"
"2024-09-10","51177","Spotsylvania","Age_Group","65+","8,181","6,994","13,668","12,324","31.1%","54.8%","2023-24"
"2024-09-10","51183","Sussex","Sex","Not Reported","0","0","1","1","","","2023-24"
"2026-04-13","51177","Spotsylvania","Race and Ethnicity","Asian or Pacific Islander","0","0","0","0","0","0","2025-26"
"2026-04-13","51183","Sussex","Race and Ethnicity","Not Reported","0","0","0","0","0","0","2025-26"
"2025-10-07","51177","Spotsylvania","Race and Ethnicity","Asian or Pacific Islander","663","636","1789","1735","0.141","0.385","2024-25"
"2026-04-13","51183","Sussex","Sex","Not Reported","0","0","0","0","0","0","2025-26"
"2025-10-07","51183","Sussex","Race and Ethnicity","Not Reported","4","4","257","254","0","0.024","2024-25"
"2024-09-10","51177","Spotsylvania","Race and Ethnicity","Asian or Pacific Islander","683","624","1,705","1,573","13.9%","34.9%","2023-24"
"2024-09-10","51183","Sussex","Race and Ethnicity","Not Reported","65","60","138","130","","","2023-24"
"2026-04-13","51183","Sussex","Race and Ethnicity","Other Race","0","0","0","0","0","0","2025-26"
"2025-10-07","51183","Sussex","Race and Ethnicity","Other Race","0","0","21","19","0","0.144","2024-25"
"2024-09-10","51183","Sussex","Race and Ethnicity","Other Race","1","1","10","10","0.8%","7.6%","2023-24"
"2026-04-13","51183","Sussex","Age_Group","Unknown","0","0","0","0","0","0","2025-26"
"2026-04-13","51183","Sussex","Race and Ethnicity","Unknown","0","0","0","0","0","0","2025-26"
"2026-04-13","51183","Sussex","Sex","Unknown","0","0","0","0","0","0","2025-26"
"2025-10-07","51183","Sussex","Sex","UNKNOWN","0","0","1","1","0","0","2024-25"
"2026-04-13","51183","Sussex","Race and Ethnicity","White","0","0","0","0","0","0","2025-26"
"2025-10-07","51183","Sussex","Race and Ethnicity","White","193","186","881","862","0.043","0.198","2024-25"
"2024-09-10","51183","Sussex","Race and Ethnicity","White","235","224","1,026","980","5.1%","22.5%","2023-24"
"2026-04-13","51185","Tazewell","Age_Group","0-4","0","0","0","0","0","0","2025-26"
"2024-09-10","51185","Tazewell","Age_Group","0-4","2","2","226","169","0.1%","9.1%","2023-24"
"2025-10-07","51185","Tazewell","Age_Group","0-4","5","5","209","178","0.003","0.096","2024-25"
"2026-04-13","51185","Tazewell","Age_Group","12-17","0","0","0","0","0","0","2025-26"
"2024-09-10","51185","Tazewell","Age_Group","12-17","17","17","180","178","0.6%","6.5%","2023-24"
"2025-10-07","51185","Tazewell","Age_Group","12-17","18","18","160","160","0.007","0.059","2024-25"
"2026-04-13","51185","Tazewell","Age_Group","18-30","0","0","0","0","0","0","2025-26"
"2025-10-07","51185","Tazewell","Age_Group","18-30","45","43","365","362","0.007","0.062","2024-25"
"2024-09-10","51185","Tazewell","Age_Group","18-30","77","73","457","442","1.2%","7.6%","2023-24"
"2026-04-13","51185","Tazewell","Age_Group","31-49","0","0","0","0","0","0","2025-26"
"2025-10-07","51185","Tazewell","Age_Group","31-49","106","105","869","865","0.012","0.097","2024-25"
"2024-09-10","51185","Tazewell","Age_Group","31-49","164","154","1,141","1,109","1.7%","12.4%","2023-24"
"2026-04-13","51185","Tazewell","Age_Group","50-64","0","0","0","0","0","0","2025-26"
"2025-10-07","51185","Tazewell","Age_Group","50-64","247","245","1334","1317","0.031","0.165","2024-25"
"2024-09-10","51185","Tazewell","Age_Group","50-64","437","411","1,859","1,792","5.2%","22.5%","2023-24"
"2026-04-13","51185","Tazewell","Age_Group","5-11","0","0","0","0","0","0","2025-26"
"2025-10-07","51185","Tazewell","Age_Group","5-11","10","10","306","299","0.003","0.1","2024-25"
"2024-09-10","51185","Tazewell","Age_Group","5-11","7","7","242","239","0.2%","8.0%","2023-24"
"2026-04-13","51185","Tazewell","Age_Group","65+","0","0","0","0","0","0","2025-26"
"2024-09-10","51185","Tazewell","Age_Group","65+","1,285","1,205","3,912","3,730","12.8%","39.5%","2023-24"
"2025-10-07","51185","Tazewell","Age_Group","65+","930","889","2978","2933","0.094","0.311","2024-25"
"2026-04-13","51185","Tazewell","Race and Ethnicity","Asian or Pacific Islander","0","0","0","0","0","0","2025-26"
"2025-10-07","51185","Tazewell","Race and Ethnicity","Asian or Pacific Islander","27","26","59","57","0.081","0.177","2024-25"
"2024-09-10","51185","Tazewell","Race and Ethnicity","Asian or Pacific Islander","31","30","56","50","9.3%","15.5%","2023-24"
"2026-04-13","51185","Tazewell","Race and Ethnicity","Black","0","0","0","0","0","0","2025-26"
"2024-09-10","51185","Tazewell","Race and Ethnicity","Black","48","44","153","144","3.3%","10.7%","2023-24"
"2025-10-07","51185","Tazewell","Race and Ethnicity","Black","51","49","165","157","0.036","0.117","2024-25"
"2026-04-13","51185","Tazewell","Age_Group","Female","0","0","0","0","0","0","2025-26"
"2026-04-13","51185","Tazewell","Race and Ethnicity","Female","0","0","0","0","0","0","2025-26"
"2024-09-10","51185","Tazewell","Sex","Female","1,058","992","4,328","4,138","5.0%","20.9%","2023-24"
"2026-04-13","51185","Tazewell","Sex","Female","408","397","2837","2809","0","0","2025-26"
"2025-10-07","51185","Tazewell","Sex","Female","699","679","3337","3289","0","0","2024-25"
"2026-04-13","51185","Tazewell","Race and Ethnicity","Latino","0","0","0","0","0","0","2025-26"
"2025-10-07","51185","Tazewell","Race and Ethnicity","Latino","15","15","58","58","0.03","0.116","2024-25"
"2024-09-10","51185","Tazewell","Race and Ethnicity","Latino","20","20","72","70","4.0%","14.0%","2023-24"
"2026-04-13","51185","Tazewell","Age_Group","Male","0","0","0","0","0","0","2025-26"
"2026-04-13","51185","Tazewell","Race and Ethnicity","Male","0","0","0","0","0","0","2025-26"
"2026-04-13","51185","Tazewell","Sex","Male","321","316","2069","2053","0","0","2025-26"
"2025-10-07","51185","Tazewell","Sex","Male","662","636","2884","2825","0","0","2024-25"
"2024-09-10","51185","Tazewell","Sex","Male","931","877","3,687","3,519","4.4%","17.6%","2023-24"
"2026-04-13","51530","Buena Vista City","Sex","Female","175","169","959","938","0","0","2025-26"
"2025-10-07","51530","Buena Vista City","Sex","Female","315","297","1081","1060","0","0","2024-25"
"2024-09-10","51530","Buena Vista City","Sex","Female","384","348","1,222","1,158","10.1%","33.6%","2023-24"
"2026-04-13","51530","Buena Vista City","Race and Ethnicity","Latino","0","0","0","0","0","0","2025-26"
"2024-09-10","51530","Buena Vista City","Race and Ethnicity","Latino","12","10","32","30","4.9%","14.6%","2023-24"
"2025-10-07","51530","Buena Vista City","Race and Ethnicity","Latino","6","4","26","24","0.019","0.117","2024-25"
"2026-04-13","51197","Wythe","Race and Ethnicity","White","0","0","0","0","0","0","2025-26"
"2026-04-13","51530","Buena Vista City","Age_Group","Male","0","0","0","0","0","0","2025-26"
"2024-09-10","51197","Wythe","Race and Ethnicity","White","1,924","1,796","6,038","5,774","6.8%","22.0%","2023-24"
"2026-04-13","51530","Buena Vista City","Race and Ethnicity","Male","0","0","0","0","0","0","2025-26"
"2025-10-07","51197","Wythe","Race and Ethnicity","White","1775","1712","5446","5347","0.065","0.204","2024-25"
"2026-04-13","51530","Buena Vista City","Sex","Male","139","133","667","651","0","0","2025-26"
"2026-04-13","51199","York","Age_Group","0-4","0","0","0","0","0","0","2025-26"
"2025-10-07","51530","Buena Vista City","Sex","Male","261","237","757","728","0","0","2024-25"
"2024-09-10","51199","York","Age_Group","0-4","169","124","1,462","1,178","3.4%","32.7%","2023-24"
"2024-09-10","51530","Buena Vista City","Sex","Male","272","241","875","814","7.9%","26.5%","2023-24"
"2025-10-07","51199","York","Age_Group","0-4","90","77","1627","1357","0.021","0.376","2024-25"
"2026-04-13","51530","Buena Vista City","Race and Ethnicity","Native American","0","0","0","0","0","0","2025-26"
"2026-04-13","51199","York","Age_Group","12-17","0","0","0","0","0","0","2025-26"
"2024-09-10","51530","Buena Vista City","Race and Ethnicity","Native American","10","8","33","31","25.0%","96.9%","2023-24"
"2025-10-07","51199","York","Age_Group","12-17","349","346","1582","1577","0.06","0.274","2024-25"
"2025-10-07","51530","Buena Vista City","Race and Ethnicity","Native American","5","5","28","28","0.156","0.875","2024-25"
"2024-09-10","51199","York","Age_Group","12-17","401","387","1,521","1,475","6.7%","25.6%","2023-24"
"2026-04-13","51530","Buena Vista City","Race and Ethnicity","Not Reported","0","0","0","0","0","0","2025-26"
"2026-04-13","51199","York","Age_Group","18-30","0","0","0","0","0","0","2025-26"
"2024-09-10","51530","Buena Vista City","Race and Ethnicity","Not Reported","5","4","141","137","","","2023-24"
"2025-10-07","51199","York","Age_Group","18-30","603","592","2105","2075","0.053","0.186","2024-25"
"2025-10-07","51530","Buena Vista City","Race and Ethnicity","Not Reported","5","5","103","101","0.001","0.016","2024-25"
"2026-04-13","51530","Buena Vista City","Race and Ethnicity","Other Race","0","0","0","0","0","0","2025-26"
"2024-09-10","51199","York","Age_Group","18-30","629","608","2,061","1,987","5.4%","17.8%","2023-24"
"2024-09-10","51530","Buena Vista City","Race and Ethnicity","Other Race","5","4","21","20","2.2%","11.0%","2023-24"
"2026-04-13","51199","York","Age_Group","31-49","0","0","0","0","0","0","2025-26"
"2025-10-07","51530","Buena Vista City","Race and Ethnicity","Other Race","7","6","21","21","0.033","0.115","2024-25"
"2024-09-10","51199","York","Age_Group","31-49","1,351","1,298","4,380","4,216","7.3%","23.6%","2023-24"
"2026-04-13","51530","Buena Vista City","Age_Group","Unknown","0","0","0","0","0","0","2025-26"
"2025-10-07","51199","York","Age_Group","31-49","1242","1218","4368","4327","0.068","0.242","2024-25"
"2026-04-13","51530","Buena Vista City","Race and Ethnicity","Unknown","0","0","0","0","0","0","2025-26"
"2026-04-13","51199","York","Age_Group","50-64","0","0","0","0","0","0","2025-26"
"2026-04-13","51530","Buena Vista City","Sex","Unknown","0","0","0","0","0","0","2025-26"
"2024-09-10","51199","York","Age_Group","50-64","2,463","2,343","5,363","5,086","17.5%","37.9%","2023-24"
"2026-04-13","51530","Buena Vista City","Race and Ethnicity","White","0","0","0","0","0","0","2025-26"
"2025-10-07","51199","York","Age_Group","50-64","2105","2047","4954","4866","0.153","0.363","2024-25"
"2025-10-07","51530","Buena Vista City","Race and Ethnicity","White","519","482","1569","1525","0.084","0.267","2024-25"
"2026-04-13","51199","York","Age_Group","5-11","0","0","0","0","0","0","2025-26"
"2024-09-10","51530","Buena Vista City","Race and Ethnicity","White","588","530","1,761","1,651","9.3%","28.9%","2023-24"
"2025-10-07","51199","York","Age_Group","5-11","222","221","2025","2016","0.033","0.3","2024-25"
"2026-04-13","51540","Charlottesville","Age_Group","0-4","0","0","0","0","0","0","2025-26"
"2024-09-10","51199","York","Age_Group","5-11","278","274","1,876","1,842","4.1%","27.4%","2023-24"
"2025-10-07","51540","Charlottesville","Age_Group","0-4","374","312","1472","1167","0.129","0.482","2024-25"
"2026-04-13","51199","York","Age_Group","65+","0","0","0","0","0","0","2025-26"
"2024-09-10","51199","York","Age_Group","65+","5,710","5,042","9,195","8,436","39.3%","65.8%","2023-24"
"2025-10-07","51199","York","Age_Group","65+","5443","4860","8591","8380","0.379","0.653","2024-25"
"2026-04-13","51199","York","Race and Ethnicity","Asian or Pacific Islander","0","0","0","0","0","0","2025-26"
"2025-10-07","51199","York","Race and Ethnicity","Asian or Pacific Islander","652","626","1976","1928","0.135","0.415","2024-25"
"2024-09-10","51199","York","Race and Ethnicity","Asian or Pacific Islander","729","675","1,876","1,779","14.5%","38.3%","2023-24"
"2026-04-13","51199","York","Race and Ethnicity","Black","0","0","0","0","0","0","2025-26"
"2024-09-10","51199","York","Race and Ethnicity","Black","1,477","1,369","3,157","2,954","13.8%","29.9%","2023-24"
"2025-10-07","51199","York","Race and Ethnicity","Black","1483","1389","3269","3159","0.14","0.319","2024-25"
"2026-04-13","51199","York","Age_Group","Female","0","0","0","0","0","0","2025-26"
"2026-04-13","51199","York","Race and Ethnicity","Female","0","0","0","0","0","0","2025-26"
"2026-04-13","51199","York","Sex","Female","3342","3259","12491","12206","0","0","2025-26"
"2025-10-07","51199","York","Sex","Female","5663","5274","14314","13926","0","0","2024-25"
"2024-09-10","51199","York","Sex","Female","6,164","5,657","14,588","13,668","15.8%","38.2%","2023-24"
"2026-04-13","51199","York","Race and Ethnicity","Latino","0","0","0","0","0","0","2025-26"
"2025-10-07","51199","York","Race and Ethnicity","Latino","303","287","1150","1107","0.053","0.204","2024-25"
"2024-09-10","51199","York","Race and Ethnicity","Latino","332","308","1,033","968","5.7%","17.8%","2023-24"
"2026-04-13","51199","York","Age_Group","Male","0","0","0","0","0","0","2025-26"
"2026-04-13","51199","York","Race and Ethnicity","Male","0","0","0","0","0","0","2025-26"
"2026-04-13","51199","York","Sex","Male","2595","2527","9517","9323","0","0","2025-26"
"2024-09-10","51199","York","Sex","Male","4,834","4,416","11,226","10,511","12.4%","29.5%","2023-24"
"2025-10-07","51199","York","Sex","Male","4389","4085","10899","10633","0","0","2024-25"
"2026-04-13","51199","York","Race and Ethnicity","Native American","0","0","0","0","0","0","2025-26"
"2024-09-10","51199","York","Race and Ethnicity","Native American","138","121","279","256","51.7%","109.4%","2023-24"
"2025-10-07","51199","York","Race and Ethnicity","Native American","138","126","258","250","0.538","1.068","2024-25"
"2026-04-13","51199","York","Race and Ethnicity","Not Reported","0","0","0","0","0","0","2025-26"
"2026-04-13","51199","York","Sex","Not Reported","0","0","0","0","0","0","2025-26"
"2025-10-07","51199","York","Race and Ethnicity","Not Reported","105","104","1129","1106","0.001","0.016","2024-25"
"2024-09-10","51199","York","Race and Ethnicity","Not Reported","176","164","1,714","1,611","","","2023-24"
"2024-09-10","51199","York","Sex","Not Reported","3","3","44","41","","","2023-24"
"2026-04-13","51199","York","Race and Ethnicity","Other Race","0","0","0","0","0","0","2025-26"
"2024-09-10","51199","York","Race and Ethnicity","Other Race","102","97","510","476","3.6%","17.7%","2023-24"
"2025-10-07","51199","York","Race and Ethnicity","Other Race","130","125","764","746","0.046","0.277","2024-25"
"2026-04-13","51199","York","Age_Group","Unknown","0","0","0","0","0","0","2025-26"
"2026-04-13","51199","York","Race and Ethnicity","Unknown","0","0","0","0","0","0","2025-26"
"2026-04-13","51199","York","Sex","UNKNOWN","1","1","35","35","0","0","2025-26"
"2025-10-07","51199","York","Sex","UNKNOWN","2","2","39","39","0","0","2024-25"
"2026-04-13","51199","York","Race and Ethnicity","White","0","0","0","0","0","0","2025-26"
"2025-10-07","51199","York","Race and Ethnicity","White","7243","6704","16706","16302","0.138","0.337","2024-25"
"2024-09-10","51199","York","Race and Ethnicity","White","8,047","7,342","17,289","16,176","15.2%","33.4%","2023-24"
"2026-04-13","51510","Alexandria","Age_Group","0-4","0","0","0","0","0","0","2025-26"
"2024-09-10","51510","Alexandria","Age_Group","0-4","2,294","1,763","7,339","5,709","17.3%","56.2%","2023-24"
"2025-10-07","51510","Alexandria","Age_Group","0-4","798","653","6882","5467","0.064","0.538","2024-25"
"2026-04-13","51510","Alexandria","Age_Group","12-17","0","0","0","0","0","0","2025-26"
"2024-09-10","51510","Alexandria","Age_Group","12-17","1,318","1,270","3,520","3,390","17.4%","46.5%","2023-24"
"2025-10-07","51510","Alexandria","Age_Group","12-17","1262","1253","3159","3146","0.172","0.431","2024-25"
"2026-04-13","51510","Alexandria","Age_Group","18-30","0","0","0","0","0","0","2025-26"
"2024-09-10","51510","Alexandria","Age_Group","18-30","2,794","2,707","6,220","5,962","9.9%","21.9%","2023-24"
"2025-10-07","51510","Alexandria","Age_Group","18-30","2658","2616","5921","5855","0.096","0.215","2024-25"
"2024-09-10","51540","Charlottesville","Age_Group","0-4","826","640","1,593","1,281","26.4%","52.9%","2023-24"
"2026-04-13","51540","Charlottesville","Age_Group","12-17","0","0","0","0","0","0","2025-26"
"2024-09-10","51540","Charlottesville","Age_Group","12-17","512","499","1,030","994","19.5%","38.8%","2023-24"
"2025-10-07","51540","Charlottesville","Age_Group","12-17","532","524","973","966","0.205","0.377","2024-25"
"2026-04-13","51540","Charlottesville","Age_Group","18-30","0","0","0","0","0","0","2025-26"
"2024-09-10","51540","Charlottesville","Age_Group","18-30","1,446","1,381","3,270","3,177","10.3%","23.7%","2023-24"
"2025-10-07","51540","Charlottesville","Age_Group","18-30","1348","1340","2847","2831","0.1","0.211","2024-25"
"2026-04-13","51540","Charlottesville","Age_Group","31-49","0","0","0","0","0","0","2025-26"
"2024-09-10","51540","Charlottesville","Age_Group","31-49","2,912","2,720","4,323","4,125","24.4%","37.0%","2023-24"
"2025-10-07","51540","Charlottesville","Age_Group","31-49","2632","2572","3942","3906","0.23","0.35","2024-25"
"2026-04-13","51540","Charlottesville","Age_Group","50-64","0","0","0","0","0","0","2025-26"
"2024-09-10","51540","Charlottesville","Age_Group","50-64","2,322","2,079","3,046","2,868","31.1%","43.0%","2023-24"
"2025-10-07","51540","Charlottesville","Age_Group","50-64","2034","1936","2652","2626","0.29","0.393","2024-25"
"2026-04-13","51540","Charlottesville","Age_Group","5-11","0","0","0","0","0","0","2025-26"
"2024-09-10","51540","Charlottesville","Age_Group","5-11","694","688","1,501","1,457","25.0%","53.0%","2023-24"
"2025-10-07","51540","Charlottesville","Age_Group","5-11","714","712","1342","1333","0.259","0.485","2024-25"
"2026-04-13","51540","Charlottesville","Age_Group","65+","0","0","0","0","0","0","2025-26"
"2025-10-07","51540","Charlottesville","Age_Group","65+","3865","3064","3847","3795","0.486","0.602","2024-25"
"2024-09-10","51540","Charlottesville","Age_Group","65+","4,391","3,189","4,548","4,089","50.6%","64.9%","2023-24"
"2026-04-13","51540","Charlottesville","Race and Ethnicity","Asian or Pacific Islander","0","0","0","0","0","0","2025-26"
"2025-10-07","51540","Charlottesville","Race and Ethnicity","Asian or Pacific Islander","718","686","1293","1263","0.208","0.382","2024-25"
"2024-09-10","51540","Charlottesville","Race and Ethnicity","Asian or Pacific Islander","799","716","1,415","1,336","21.7%","40.4%","2023-24"
"2026-04-13","51540","Charlottesville","Race and Ethnicity","Black","0","0","0","0","0","0","2025-26"
"2024-09-10","51540","Charlottesville","Race and Ethnicity","Black","1,300","1,177","2,584","2,430","15.6%","32.2%","2023-24"
"2025-10-07","51540","Charlottesville","Race and Ethnicity","Black","1315","1219","2328","2254","0.162","0.299","2024-25"
"2026-04-13","51540","Charlottesville","Age_Group","Female","0","0","0","0","0","0","2025-26"
"2026-04-13","51540","Charlottesville","Race and Ethnicity","Female","0","0","0","0","0","0","2025-26"
"2026-04-13","51540","Charlottesville","Sex","Female","4074","3885","7965","7750","0","0","2025-26"
"2025-10-07","51540","Charlottesville","Sex","Female","6460","5887","9619","9392","0","0","2024-25"
"2024-09-10","51540","Charlottesville","Sex","Female","7,400","6,327","10,865","10,155","27.1%","43.4%","2023-24"
"2026-04-13","51540","Charlottesville","Race and Ethnicity","Latino","0","0","0","0","0","0","2025-26"
"2025-10-07","51540","Charlottesville","Race and Ethnicity","Latino","368","359","929","878","0.13","0.317","2024-25"
"2024-09-10","51540","Charlottesville","Race and Ethnicity","Latino","476","431","962","900","15.6%","32.5%","2023-24"
"2026-04-13","51540","Charlottesville","Age_Group","Male","0","0","0","0","0","0","2025-26"
"2026-04-13","51540","Charlottesville","Race and Ethnicity","Male","0","0","0","0","0","0","2025-26"
"2026-04-13","51540","Charlottesville","Sex","Male","3071","2901","6093","5894","0","0","2025-26"
"2024-09-10","51540","Charlottesville","Sex","Male","5,697","4,863","8,337","7,727","22.2%","35.3%","2023-24"
"2025-10-07","51540","Charlottesville","Sex","Male","5033","4567","7432","7208","0","0","2024-25"
"2026-04-13","51540","Charlottesville","Race and Ethnicity","Native American","0","0","0","0","0","0","2025-26"
"2024-09-10","51540","Charlottesville","Race and Ethnicity","Native American","104","82","117","106","151.9%","196.3%","2023-24"
"2025-10-07","51540","Charlottesville","Race and Ethnicity","Native American","122","106","175","166","1.963","3.074","2024-25"
"2026-04-13","51540","Charlottesville","Race and Ethnicity","Not Reported","0","0","0","0","0","0","2025-26"
"2026-04-13","51540","Charlottesville","Sex","Not Reported","0","0","0","0","0","0","2025-26"
"2024-09-10","51540","Charlottesville","Race and Ethnicity","Not Reported","155","138","590","541","","","2023-24"
"2025-10-07","51540","Charlottesville","Race and Ethnicity","Not Reported","183","164","645","623","0.004","0.014","2024-25"
"2024-09-10","51540","Charlottesville","Sex","Not Reported","6","6","109","109","","","2023-24"
"2026-04-13","51540","Charlottesville","Race and Ethnicity","Other Race","0","0","0","0","0","0","2025-26"
"2025-10-07","51540","Charlottesville","Race and Ethnicity","Other Race","238","236","533","487","0.163","0.336","2024-25"
"2024-09-10","51540","Charlottesville","Race and Ethnicity","Other Race","291","257","534","499","17.7%","34.4%","2023-24"
"2026-04-13","51540","Charlottesville","Age_Group","Unknown","0","0","0","0","0","0","2025-26"
"2026-04-13","51540","Charlottesville","Race and Ethnicity","Unknown","0","0","0","0","0","0","2025-26"
"2026-04-13","51540","Charlottesville","Sex","UNKNOWN","4","4","35","35","0","0","2025-26"
"2026-04-13","51510","Alexandria","Age_Group","31-49","0","0","0","0","0","0","2025-26"
"2025-10-07","51540","Charlottesville","Sex","UNKNOWN","6","6","24","24","0","0","2024-25"
"2024-09-10","51510","Alexandria","Age_Group","31-49","10,483","9,925","16,410","15,576","18.8%","29.5%","2023-24"
"2026-04-13","51540","Charlottesville","Race and Ethnicity","White","0","0","0","0","0","0","2025-26"
"2025-10-07","51510","Alexandria","Age_Group","31-49","9629","9454","15347","15188","0.179","0.288","2024-25"
"2025-10-07","51540","Charlottesville","Race and Ethnicity","White","8555","7690","11172","10953","0.255","0.363","2024-25"
"2026-04-13","51510","Alexandria","Age_Group","50-64","0","0","0","0","0","0","2025-26"
"2024-09-10","51540","Charlottesville","Race and Ethnicity","White","9,978","8,395","13,109","12,179","27.8%","40.4%","2023-24"
"2026-04-13","51550","Chesapeake","Age_Group","0-4","0","0","0","0","0","0","2025-26"
"2025-10-07","51510","Alexandria","Age_Group","50-64","7661","7356","10449","10283","0.267","0.374","2024-25"
"2024-09-10","51550","Chesapeake","Age_Group","0-4","389","306","6,795","5,410","2.0%","36.1%","2023-24"
"2024-09-10","51510","Alexandria","Age_Group","50-64","8,755","8,036","11,572","10,692","29.2%","38.9%","2023-24"
"2025-10-07","51550","Chesapeake","Age_Group","0-4","442","347","6499","5296","0.023","0.353","2024-25"
"2026-04-13","51510","Alexandria","Age_Group","5-11","0","0","0","0","0","0","2025-26"
"2026-04-13","51550","Chesapeake","Age_Group","12-17","0","0","0","0","0","0","2025-26"
"2024-09-10","51510","Alexandria","Age_Group","5-11","1,810","1,784","5,704","5,443","17.6%","53.8%","2023-24"
"2025-10-07","51550","Chesapeake","Age_Group","12-17","805","798","4758","4742","0.039","0.233","2024-25"
"2025-10-07","51510","Alexandria","Age_Group","5-11","1912","1891","5190","5077","0.187","0.502","2024-25"
"2024-09-10","51550","Chesapeake","Age_Group","12-17","851","820","5,123","4,985","4.0%","24.5%","2023-24"
"2026-04-13","51510","Alexandria","Age_Group","65+","0","0","0","0","0","0","2025-26"
"2026-04-13","51550","Chesapeake","Age_Group","18-30","0","0","0","0","0","0","2025-26"
"2025-10-07","51510","Alexandria","Age_Group","65+","13471","10423","12682","12341","0.507","0.601","2024-25"
"2024-09-10","51550","Chesapeake","Age_Group","18-30","1,448","1,397","6,143","5,891","3.4%","14.2%","2023-24"
"2024-09-10","51510","Alexandria","Age_Group","65+","14,326","10,603","14,068","12,516","51.6%","60.9%","2023-24"
"2025-10-07","51550","Chesapeake","Age_Group","18-30","1186","1164","5749","5698","0.028","0.137","2024-25"
"2026-04-13","51510","Alexandria","Race and Ethnicity","Asian or Pacific Islander","0","0","0","0","0","0","2025-26"
"2026-04-13","51550","Chesapeake","Age_Group","31-49","0","0","0","0","0","0","2025-26"
"2024-09-10","51510","Alexandria","Race and Ethnicity","Asian or Pacific Islander","3,176","2,887","5,522","5,058","29.5%","51.7%","2023-24"
"2024-09-10","51550","Chesapeake","Age_Group","31-49","3,811","3,634","13,823","13,149","5.4%","19.4%","2023-24"
"2025-10-07","51510","Alexandria","Race and Ethnicity","Asian or Pacific Islander","3028","2836","5638","5439","0.29","0.556","2024-25"
"2025-10-07","51550","Chesapeake","Age_Group","31-49","3056","3004","12896","12785","0.044","0.189","2024-25"
"2026-04-13","51510","Alexandria","Race and Ethnicity","Black","0","0","0","0","0","0","2025-26"
"2026-04-13","51550","Chesapeake","Age_Group","50-64","0","0","0","0","0","0","2025-26"
"2024-09-10","51510","Alexandria","Race and Ethnicity","Black","4,950","4,442","9,145","8,451","12.8%","24.4%","2023-24"
"2025-10-07","51550","Chesapeake","Age_Group","50-64","5614","5476","14921","14662","0.116","0.311","2024-25"
"2025-10-07","51510","Alexandria","Race and Ethnicity","Black","4333","3973","7871","7645","0.115","0.221","2024-25"
"2024-09-10","51550","Chesapeake","Age_Group","50-64","7,016","6,606","16,618","15,497","14.0%","32.9%","2023-24"
"2026-04-13","51550","Chesapeake","Age_Group","5-11","0","0","0","0","0","0","2025-26"
"2026-04-13","51510","Alexandria","Age_Group","Female","0","0","0","0","0","0","2025-26"
"2026-04-13","51510","Alexandria","Race and Ethnicity","Female","0","0","0","0","0","0","2025-26"
"2024-09-10","51550","Chesapeake","Age_Group","5-11","678","654","6,582","6,400","2.7%","26.8%","2023-24"
"2025-10-07","51550","Chesapeake","Age_Group","5-11","684","682","6129","6101","0.029","0.256","2024-25"
"2026-04-13","51510","Alexandria","Sex","Female","15288","13432","27466","26810","0","0","2025-26"
"2026-04-13","51550","Chesapeake","Age_Group","65+","0","0","0","0","0","0","2025-26"
"2025-10-07","51510","Alexandria","Sex","Female","21237","19076","33726","32496","0","0","2024-25"
"2025-10-07","51550","Chesapeake","Age_Group","65+","12992","12017","23558","22904","0.326","0.622","2024-25"
"2024-09-10","51510","Alexandria","Sex","Female","23,595","20,450","36,663","33,700","25.6%","42.2%","2023-24"
"2024-09-10","51550","Chesapeake","Age_Group","65+","14,034","12,350","25,669","23,037","33.5%","62.5%","2023-24"
"2026-04-13","51510","Alexandria","Race and Ethnicity","Latino","0","0","0","0","0","0","2025-26"
"2026-04-13","51550","Chesapeake","Race and Ethnicity","Asian or Pacific Islander","0","0","0","0","0","0","2025-26"
"2025-10-07","51510","Alexandria","Race and Ethnicity","Latino","2563","2442","8537","8180","0.094","0.314","2024-25"
"2024-09-10","51550","Chesapeake","Race and Ethnicity","Asian or Pacific Islander","1,378","1,276","4,265","3,950","13.0%","40.3%","2023-24"
"2024-09-10","51510","Alexandria","Race and Ethnicity","Latino","3,451","3,167","9,309","8,625","12.1%","33.1%","2023-24"
"2025-10-07","51550","Chesapeake","Race and Ethnicity","Asian or Pacific Islander","1307","1257","4422","4273","0.128","0.436","2024-25"
"2026-04-13","51510","Alexandria","Age_Group","Male","0","0","0","0","0","0","2025-26"
"2026-04-13","51550","Chesapeake","Race and Ethnicity","Black","0","0","0","0","0","0","2025-26"
"2026-04-13","51510","Alexandria","Race and Ethnicity","Male","0","0","0","0","0","0","2025-26"
"2025-10-07","51550","Chesapeake","Race and Ethnicity","Black","7464","7123","20404","19748","0.095","0.264","2024-25"
"2026-04-13","51510","Alexandria","Sex","Male","11790","10188","20959","20332","0","0","2025-26"
"2024-09-10","51550","Chesapeake","Race and Ethnicity","Black","8,360","7,697","21,781","20,056","10.3%","26.8%","2023-24"
"2025-10-07","51510","Alexandria","Sex","Male","16151","14567","25888","24845","0","0","2024-25"
"2026-04-13","51550","Chesapeake","Age_Group","Female","0","0","0","0","0","0","2025-26"
"2024-09-10","51510","Alexandria","Sex","Male","18,185","15,638","28,156","25,574","20.7%","33.8%","2023-24"
"2026-04-13","51550","Chesapeake","Race and Ethnicity","Female","0","0","0","0","0","0","2025-26"
"2026-04-13","51510","Alexandria","Race and Ethnicity","Native American","0","0","0","0","0","0","2025-26"
"2025-10-07","51550","Chesapeake","Sex","Female","13937","13247","42140","40927","0","0","2024-25"
"2025-10-07","51510","Alexandria","Race and Ethnicity","Native American","1061","963","1578","1550","3.221","5.184","2024-25"
"2024-09-10","51550","Chesapeake","Sex","Female","15,757","14,454","45,653","42,029","11.2%","32.7%","2023-24"
"2026-04-13","51550","Chesapeake","Sex","Female","7658","7311","35382","34634","0","0","2025-26"
"2024-09-10","51510","Alexandria","Race and Ethnicity","Native American","898","730","1,142","991","244.1%","331.4%","2023-24"
"2026-04-13","51550","Chesapeake","Race and Ethnicity","Latino","0","0","0","0","0","0","2025-26"
"2024-09-10","51510","Alexandria","Sex","Not Reported","0","0","14","14","","","2023-24"
"2024-09-10","51550","Chesapeake","Race and Ethnicity","Latino","946","876","4,199","3,839","4.7%","20.4%","2023-24"
"2026-04-13","51510","Alexandria","Race and Ethnicity","Not Reported","0","0","0","0","0","0","2025-26"
"2025-10-07","51550","Chesapeake","Race and Ethnicity","Latino","990","937","4383","4170","0.05","0.222","2024-25"
"2026-04-13","51510","Alexandria","Sex","Not Reported","0","0","0","0","0","0","2025-26"
"2026-04-13","51550","Chesapeake","Age_Group","Male","0","0","0","0","0","0","2025-26"
"2024-09-10","51510","Alexandria","Race and Ethnicity","Not Reported","1,300","1,012","4,603","3,734","","","2023-24"
"2026-04-13","51550","Chesapeake","Race and Ethnicity","Male","0","0","0","0","0","0","2025-26"
"2025-10-07","51510","Alexandria","Race and Ethnicity","Not Reported","843","757","4348","3686","0.005","0.024","2024-25"
"2025-10-07","51550","Chesapeake","Sex","Male","10836","10235","32165","31056","0","0","2024-25"
"2026-04-13","51510","Alexandria","Race and Ethnicity","Other Race","0","0","0","0","0","0","2025-26"
"2024-09-10","51550","Chesapeake","Sex","Male","12,455","11,298","34,853","32,100","9.1%","25.9%","2023-24"
"2024-09-10","51510","Alexandria","Race and Ethnicity","Other Race","502","468","1,437","1,322","10.0%","28.3%","2023-24"
"2026-04-13","51550","Chesapeake","Sex","Male","5892","5599","26897","26194","0","0","2025-26"
"2025-10-07","51510","Alexandria","Race and Ethnicity","Other Race","778","739","1733","1664","0.158","0.356","2024-25"
"2026-04-13","51550","Chesapeake","Race and Ethnicity","Native American","0","0","0","0","0","0","2025-26"
"2025-10-07","51550","Chesapeake","Race and Ethnicity","Native American","296","284","673","651","0.346","0.794","2024-25"
"2024-09-10","51550","Chesapeake","Race and Ethnicity","Native American","316","286","665","606","34.9%","73.9%","2023-24"
"2026-04-13","51550","Chesapeake","Race and Ethnicity","Not Reported","0","0","0","0","0","0","2025-26"
"2026-04-13","51550","Chesapeake","Sex","Not Reported","0","0","0","0","0","0","2025-26"
"2024-09-10","51550","Chesapeake","Sex","Not Reported","15","15","247","240","","","2023-24"
"2025-10-07","51550","Chesapeake","Race and Ethnicity","Not Reported","225","218","2351","2262","0.001","0.009","2024-25"
"2024-09-10","51550","Chesapeake","Race and Ethnicity","Not Reported","586","570","4,065","3,870","","","2023-24"
"2026-04-13","51550","Chesapeake","Race and Ethnicity","Other Race","0","0","0","0","0","0","2025-26"
"2024-09-10","51550","Chesapeake","Race and Ethnicity","Other Race","172","168","899","840","1.9%","9.4%","2023-24"
"2025-10-07","51550","Chesapeake","Race and Ethnicity","Other Race","238","227","1231","1187","0.025","0.133","2024-25"
"2026-04-13","51550","Chesapeake","Age_Group","Unknown","0","0","0","0","0","0","2025-26"
"2026-04-13","51550","Chesapeake","Race and Ethnicity","Unknown","0","0","0","0","0","0","2025-26"
"2026-04-13","51550","Chesapeake","Sex","UNKNOWN","2","2","156","156","0","0","2025-26"
"2025-10-07","51550","Chesapeake","Sex","UNKNOWN","6","6","205","205","0","0","2024-25"
"2026-04-13","51550","Chesapeake","Race and Ethnicity","White","0","0","0","0","0","0","2025-26"
"2025-10-07","51550","Chesapeake","Race and Ethnicity","White","14259","13442","41046","39897","0.096","0.286","2024-25"
"2024-09-10","51550","Chesapeake","Race and Ethnicity","White","16,469","14,894","44,879","41,208","10.7%","29.6%","2023-24"
"2026-04-13","51570","Colonial Heights","Age_Group","0-4","0","0","0","0","0","0","2025-26"
"2025-10-07","51570","Colonial Heights","Age_Group","0-4","15","13","251","209","0.011","0.171","2024-25"
"2024-09-10","51570","Colonial Heights","Age_Group","0-4","16","12","292","228","1.0%","18.7%","2023-24"
"2026-04-13","51570","Colonial Heights","Age_Group","12-17","0","0","0","0","0","0","2025-26"
"2025-10-07","51570","Colonial Heights","Age_Group","12-17","11","11","163","161","0.008","0.113","2024-25"
"2024-09-10","51570","Colonial Heights","Age_Group","12-17","16","15","178","176","1.1%","12.4%","2023-24"
"2026-04-13","51570","Colonial Heights","Age_Group","18-30","0","0","0","0","0","0","2025-26"
"2025-10-07","51570","Colonial Heights","Age_Group","18-30","58","57","312","309","0.02","0.107","2024-25"
"2024-09-10","51570","Colonial Heights","Age_Group","18-30","78","74","321","308","2.6%","10.7%","2023-24"
"2026-04-13","51570","Colonial Heights","Age_Group","31-49","0","0","0","0","0","0","2025-26"
"2025-10-07","51570","Colonial Heights","Age_Group","31-49","143","140","587","583","0.034","0.14","2024-25"
"2024-09-10","51570","Colonial Heights","Age_Group","31-49","153","143","619","592","3.4%","14.2%","2023-24"
"2026-04-13","51570","Colonial Heights","Age_Group","50-64","0","0","0","0","0","0","2025-26"
"2025-10-07","51570","Colonial Heights","Age_Group","50-64","302","295","882","861","0.086","0.252","2024-25"
"2024-09-10","51570","Colonial Heights","Age_Group","50-64","355","328","1,025","956","9.6%","28.0%","2023-24"
"2026-04-13","51570","Colonial Heights","Age_Group","5-11","0","0","0","0","0","0","2025-26"
"2025-10-07","51570","Colonial Heights","Age_Group","5-11","15","14","234","233","0.008","0.137","2024-25"
"2024-09-10","51570","Colonial Heights","Age_Group","5-11","17","17","265","261","1.0%","15.3%","2023-24"
"2026-04-13","51570","Colonial Heights","Age_Group","65+","0","0","0","0","0","0","2025-26"
"2024-09-10","51570","Colonial Heights","Age_Group","65+","1,003","859","2,120","1,938","25.1%","56.7%","2023-24"
"2025-10-07","51570","Colonial Heights","Age_Group","65+","889","862","1861","1821","0.252","0.533","2024-25"
"2026-04-13","51570","Colonial Heights","Race and Ethnicity","Asian or Pacific Islander","0","0","0","0","0","0","2025-26"
"2024-09-10","51570","Colonial Heights","Race and Ethnicity","Asian or Pacific Islander","102","90","239","223","13.8%","34.3%","2023-24"
"2025-10-07","51570","Colonial Heights","Race and Ethnicity","Asian or Pacific Islander","83","79","223","216","0.121","0.332","2024-25"
"2026-04-13","51570","Colonial Heights","Race and Ethnicity","Black","0","0","0","0","0","0","2025-26"
"2025-10-07","51570","Colonial Heights","Race and Ethnicity","Black","187","179","554","537","0.052","0.157","2024-25"
"2024-09-10","51570","Colonial Heights","Race and Ethnicity","Black","241","196","622","579","5.7%","16.9%","2023-24"
"2026-04-13","51570","Colonial Heights","Age_Group","Female","0","0","0","0","0","0","2025-26"
"2026-04-13","51570","Colonial Heights","Race and Ethnicity","Female","0","0","0","0","0","0","2025-26"
"2024-09-10","51570","Colonial Heights","Sex","Female","1,003","892","2,903","2,687","9.2%","27.7%","2023-24"
"2026-04-13","51570","Colonial Heights","Sex","Female","516","512","2147","2102","0","0","2025-26"
"2025-10-07","51570","Colonial Heights","Sex","Female","811","791","2551","2485","0","0","2024-25"
"2026-04-13","51570","Colonial Heights","Race and Ethnicity","Latino","0","0","0","0","0","0","2025-26"
"2024-09-10","51570","Colonial Heights","Race and Ethnicity","Latino","43","40","269","247","2.7%","16.8%","2023-24"
"2025-10-07","51570","Colonial Heights","Race and Ethnicity","Latino","53","53","296","286","0.036","0.195","2024-25"
"2026-04-13","51570","Colonial Heights","Age_Group","Male","0","0","0","0","0","0","2025-26"
"2026-04-13","51570","Colonial Heights","Race and Ethnicity","Male","0","0","0","0","0","0","2025-26"
"2026-04-13","51570","Colonial Heights","Sex","Male","373","364","1466","1428","0","0","2025-26"
"2025-10-07","51570","Colonial Heights","Sex","Male","622","601","1736","1690","0","0","2024-25"
"2024-09-10","51570","Colonial Heights","Sex","Male","635","556","1,915","1,770","6.5%","20.7%","2023-24"
"2026-04-13","51570","Colonial Heights","Race and Ethnicity","Native American","0","0","0","0","0","0","2025-26"
"2025-10-07","51570","Colonial Heights","Race and Ethnicity","Native American","26","25","59","59","0.521","1.229","2024-25"
"2024-09-10","51570","Colonial Heights","Race and Ethnicity","Native American","30","26","38","37","54.2%","77.1%","2023-24"
"2024-09-10","51570","Colonial Heights","Sex","Not Reported","0","0","2","2","","","2023-24"
"2026-04-13","51570","Colonial Heights","Race and Ethnicity","Not Reported","0","0","0","0","0","0","2025-26"
"2026-04-13","51570","Colonial Heights","Sex","Not Reported","0","0","0","0","0","0","2025-26"
"2025-10-07","51570","Colonial Heights","Race and Ethnicity","Not Reported","17","17","179","170","0.001","0.009","2024-25"
"2024-09-10","51570","Colonial Heights","Race and Ethnicity","Not Reported","22","21","263","240","","","2023-24"
"2026-04-13","51570","Colonial Heights","Race and Ethnicity","Other Race","0","0","0","0","0","0","2025-26"
"2024-09-10","51570","Colonial Heights","Race and Ethnicity","Other Race","11","10","43","40","1.9%","7.5%","2023-24"
"2025-10-07","51570","Colonial Heights","Race and Ethnicity","Other Race","16","14","61","56","0.026","0.105","2024-25"
"2026-04-13","51570","Colonial Heights","Age_Group","Unknown","0","0","0","0","0","0","2025-26"
"2026-04-13","51570","Colonial Heights","Race and Ethnicity","Unknown","0","0","0","0","0","0","2025-26"
"2026-04-13","51570","Colonial Heights","Sex","Unknown","0","0","1","1","0","0","2025-26"
"2025-10-07","51570","Colonial Heights","Sex","UNKNOWN","0","0","3","2","0","0","2024-25"
"2026-04-13","51570","Colonial Heights","Race and Ethnicity","White","0","0","0","0","0","0","2025-26"
"2024-09-10","51570","Colonial Heights","Race and Ethnicity","White","1,189","1,065","3,346","3,093","8.8%","25.5%","2023-24"
"2025-10-07","51570","Colonial Heights","Race and Ethnicity","White","1051","1025","2918","2853","0.085","0.235","2024-25"
"2026-04-13","51580","Covington","Age_Group","0-4","0","0","0","0","0","0","2025-26"
"2024-09-10","51580","Covington","Age_Group","0-4","0","0","23","21","0.0%","5.3%","2023-24"
"2025-10-07","51580","Covington","Age_Group","0-4","1","1","32","22","0.003","0.056","2024-25"
"2026-04-13","51580","Covington","Age_Group","12-17","0","0","0","0","0","0","2025-26"
"2025-10-07","51580","Covington","Age_Group","12-17","4","4","21","21","0.01","0.051","2024-25"
"2024-09-10","51580","Covington","Age_Group","12-17","4","4","25","24","1.0%","5.8%","2023-24"
"2026-04-13","51580","Covington","Age_Group","18-30","0","0","0","0","0","0","2025-26"
"2024-09-10","51580","Covington","Age_Group","18-30","6","6","79","75","0.7%","8.4%","2023-24"
"2025-10-07","51580","Covington","Age_Group","18-30","8","8","76","76","0.009","0.086","2024-25"
"2026-04-13","51580","Covington","Age_Group","31-49","0","0","0","0","0","0","2025-26"
"2024-09-10","51580","Covington","Age_Group","31-49","25","24","172","162","2.1%","13.9%","2023-24"
"2025-10-07","51580","Covington","Age_Group","31-49","31","29","120","120","0.025","0.103","2024-25"
"2026-04-13","51580","Covington","Age_Group","50-64","0","0","0","0","0","0","2025-26"
"2024-09-10","51580","Covington","Age_Group","50-64","89","88","359","334","7.4%","28.2%","2023-24"
"2025-10-07","51580","Covington","Age_Group","50-64","94","93","272","271","0.078","0.229","2024-25"
"2026-04-13","51580","Covington","Age_Group","5-11","0","0","0","0","0","0","2025-26"
"2024-09-10","51580","Covington","Age_Group","5-11","1","1","22","22","0.2%","4.5%","2023-24"
"2025-10-07","51580","Covington","Age_Group","5-11","3","3","23","23","0.006","0.047","2024-25"
"2026-04-13","51580","Covington","Age_Group","65+","0","0","0","0","0","0","2025-26"
"2024-09-10","51580","Covington","Age_Group","65+","259","248","715","632","23.1%","58.8%","2023-24"
"2025-10-07","51580","Covington","Age_Group","65+","271","253","539","534","0.235","0.497","2024-25"
"2026-04-13","51580","Covington","Race and Ethnicity","Asian or Pacific Islander","0","0","0","0","0","0","2025-26"
"2025-10-07","51580","Covington","Race and Ethnicity","Asian or Pacific Islander","4","4","16","16","0.129","0.516","2024-25"
"2024-09-10","51580","Covington","Race and Ethnicity","Asian or Pacific Islander","4","4","12","10","12.9%","32.3%","2023-24"
"2026-04-13","51600","Fairfax City","Sex","Male","1831","1604","3882","3790","0","0","2025-26"
"2024-09-10","51600","Fairfax City","Sex","Male","2,802","2,568","4,856","4,470","21.1%","36.6%","2023-24"
"2025-10-07","51600","Fairfax City","Sex","Male","2623","2363","4455","4315","0","0","2024-25"
"2026-04-13","51600","Fairfax City","Race and Ethnicity","Native American","0","0","0","0","0","0","2025-26"
"2024-09-10","51600","Fairfax City","Race and Ethnicity","Native American","75","71","123","110","165.1%","255.8%","2023-24"
"2025-10-07","51600","Fairfax City","Race and Ethnicity","Native American","85","75","132","129","1.744","3","2024-25"
"2024-09-10","51600","Fairfax City","Sex","Not Reported","0","0","3","3","","","2023-24"
"2026-04-13","51600","Fairfax City","Race and Ethnicity","Not Reported","0","0","0","0","0","0","2025-26"
"2026-04-13","51600","Fairfax City","Sex","Not Reported","0","0","0","0","0","0","2025-26"
"2026-04-13","51580","Covington","Race and Ethnicity","Black","0","0","0","0","0","0","2025-26"
"2024-09-10","51600","Fairfax City","Race and Ethnicity","Not Reported","116","98","532","473","","","2023-24"
"2024-09-10","51580","Covington","Race and Ethnicity","Black","63","57","184","162","8.0%","22.8%","2023-24"
"2025-10-07","51600","Fairfax City","Race and Ethnicity","Not Reported","121","99","453","398","0.004","0.016","2024-25"
"2025-10-07","51580","Covington","Race and Ethnicity","Black","80","75","129","125","0.105","0.176","2024-25"
"2026-04-13","51600","Fairfax City","Race and Ethnicity","Other Race","0","0","0","0","0","0","2025-26"
"2026-04-13","51580","Covington","Age_Group","Female","0","0","0","0","0","0","2025-26"
"2025-10-07","51600","Fairfax City","Race and Ethnicity","Other Race","117","108","312","291","0.133","0.358","2024-25"
"2026-04-13","51580","Covington","Race and Ethnicity","Female","0","0","0","0","0","0","2025-26"
"2024-09-10","51600","Fairfax City","Race and Ethnicity","Other Race","79","76","308","280","9.3%","34.4%","2023-24"
"2026-04-13","51580","Covington","Sex","Female","127","122","555","550","0","0","2025-26"
"2026-04-13","51600","Fairfax City","Age_Group","Unknown","0","0","0","0","0","0","2025-26"
"2025-10-07","51580","Covington","Sex","Female","212","206","640","629","0","0","2024-25"
"2026-04-13","51600","Fairfax City","Race and Ethnicity","Unknown","0","0","0","0","0","0","2025-26"
"2024-09-10","51580","Covington","Sex","Female","214","208","808","738","7.2%","25.5%","2023-24"
"2025-10-07","51600","Fairfax City","Sex","UNKNOWN","0","0","3","3","0","0","2024-25"
"2026-04-13","51580","Covington","Race and Ethnicity","Latino","0","0","0","0","0","0","2025-26"
"2026-04-13","51600","Fairfax City","Sex","UNKNOWN","1","1","2","2","0","0","2025-26"
"2025-10-07","51580","Covington","Race and Ethnicity","Latino","4","4","19","17","0.026","0.112","2024-25"
"2026-04-13","51600","Fairfax City","Race and Ethnicity","White","0","0","0","0","0","0","2025-26"
"2024-09-10","51580","Covington","Race and Ethnicity","Latino","6","5","23","21","3.3%","13.8%","2023-24"
"2024-09-10","51600","Fairfax City","Race and Ethnicity","White","3,915","3,543","5,711","5,292","27.5%","41.0%","2023-24"
"2026-04-13","51580","Covington","Age_Group","Male","0","0","0","0","0","0","2025-26"
"2025-10-07","51600","Fairfax City","Race and Ethnicity","White","3653","3258","5133","5023","0.253","0.389","2024-25"
"2026-04-13","51580","Covington","Race and Ethnicity","Male","0","0","0","0","0","0","2025-26"
"2026-04-13","51610","Falls Church","Age_Group","0-4","0","0","0","0","0","0","2025-26"
"2024-09-10","51580","Covington","Sex","Male","170","163","586","531","6.0%","19.5%","2023-24"
"2025-10-07","51610","Falls Church","Age_Group","0-4","108","93","476","393","0.109","0.462","2024-25"
"2025-10-07","51580","Covington","Sex","Male","199","184","442","437","0","0","2024-25"
"2024-09-10","51610","Falls Church","Age_Group","0-4","259","213","495","406","25.1%","47.8%","2023-24"
"2026-04-13","51580","Covington","Sex","Male","92","91","355","346","0","0","2025-26"
"2026-04-13","51610","Falls Church","Age_Group","12-17","0","0","0","0","0","0","2025-26"
"2026-04-13","51580","Covington","Race and Ethnicity","Native American","0","0","0","0","0","0","2025-26"
"2025-10-07","51610","Falls Church","Age_Group","12-17","428","424","661","658","0.343","0.532","2024-25"
"2024-09-10","51580","Covington","Race and Ethnicity","Native American","4","4","13","12","36.4%","109.1%","2023-24"
"2024-09-10","51610","Falls Church","Age_Group","12-17","463","443","716","687","35.8%","55.6%","2023-24"
"2025-10-07","51580","Covington","Race and Ethnicity","Native American","6","5","11","11","0.455","1","2024-25"
"2026-04-13","51610","Falls Church","Age_Group","18-30","0","0","0","0","0","0","2025-26"
"2024-09-10","51580","Covington","Sex","Not Reported","0","0","1","1","","","2023-24"
"2025-10-07","51610","Falls Church","Age_Group","18-30","467","457","742","741","0.195","0.315","2024-25"
"2024-09-10","51610","Falls Church","Age_Group","18-30","483","461","755","715","19.6%","30.4%","2023-24"
"2026-04-13","51580","Covington","Race and Ethnicity","Not Reported","0","0","0","0","0","0","2025-26"
"2025-10-07","51700","Newport News","Race and Ethnicity","Native American","229","215","518","505","0.33","0.776","2024-25"
"2024-09-10","51700","Newport News","Race and Ethnicity","Native American","262","224","508","466","34.4%","71.6%","2023-24"
"2026-04-13","51700","Newport News","Race and Ethnicity","Not Reported","0","0","0","0","0","0","2025-26"
"2026-04-13","51700","Newport News","Sex","Not Reported","0","0","0","0","0","0","2025-26"
"2025-10-07","51700","Newport News","Race and Ethnicity","Not Reported","164","163","1981","1889","0.001","0.01","2024-25"
"2024-09-10","51700","Newport News","Sex","Not Reported","3","3","63","61","","","2023-24"
"2024-09-10","51700","Newport News","Race and Ethnicity","Not Reported","371","337","3,417","3,150","","","2023-24"
"2025-10-07","51700","Newport News","Sex","OTHER","0","0","1","1","0","0","2024-25"
"2026-04-13","51700","Newport News","Race and Ethnicity","Other Race","0","0","0","0","0","0","2025-26"
"2024-09-10","51700","Newport News","Race and Ethnicity","Other Race","170","163","837","797","2.2%","10.9%","2023-24"
"2025-10-07","51700","Newport News","Race and Ethnicity","Other Race","201","193","1140","1074","0.026","0.147","2024-25"
"2026-04-13","51700","Newport News","Age_Group","Unknown","0","0","0","0","0","0","2025-26"
"2026-04-13","51700","Newport News","Race and Ethnicity","Unknown","0","0","0","0","0","0","2025-26"
"2026-04-13","51700","Newport News","Sex","UNKNOWN","3","3","44","44","0","0","2025-26"
"2025-10-07","51700","Newport News","Sex","UNKNOWN","3","3","52","52","0","0","2024-25"
"2026-04-13","51700","Newport News","Race and Ethnicity","White","0","0","0","0","0","0","2025-26"
"2024-09-10","51700","Newport News","Race and Ethnicity","White","10,069","9,126","21,658","20,428","12.3%","27.4%","2023-24"
"2025-10-07","51700","Newport News","Race and Ethnicity","White","8883","8294","20708","20157","0.111","0.271","2024-25"
"2026-04-13","51710","Norfolk","Age_Group","0-4","0","0","0","0","0","0","2025-26"
"2024-09-10","51710","Norfolk","Age_Group","0-4","737","581","5,695","4,468","3.9%","30.1%","2023-24"
"2025-10-07","51710","Norfolk","Age_Group","0-4","902","738","5905","4781","0.05","0.322","2024-25"
"2026-04-13","51710","Norfolk","Age_Group","12-17","0","0","0","0","0","0","2025-26"
"2024-09-10","51710","Norfolk","Age_Group","12-17","629","612","2,831","2,766","3.8%","17.0%","2023-24"
"2025-10-07","51710","Norfolk","Age_Group","12-17","634","627","2498","2490","0.039","0.153","2024-25"
"2026-04-13","51710","Norfolk","Age_Group","18-30","0","0","0","0","0","0","2025-26"
"2024-09-10","51710","Norfolk","Age_Group","18-30","1,407","1,360","6,410","6,176","2.3%","10.2%","2023-24"
"2025-10-07","51710","Norfolk","Age_Group","18-30","1215","1196","5998","5943","0.02","0.098","2024-25"
"2026-04-13","51710","Norfolk","Age_Group","31-49","0","0","0","0","0","0","2025-26"
"2025-10-07","51710","Norfolk","Age_Group","31-49","2923","2861","9771","9665","0.051","0.171","2024-25"
"2024-09-10","51710","Norfolk","Age_Group","31-49","3,229","3,094","10,305","9,796","5.5%","17.4%","2023-24"
"2026-04-13","51710","Norfolk","Age_Group","50-64","0","0","0","0","0","0","2025-26"
"2025-10-07","51710","Norfolk","Age_Group","50-64","4419","4284","10396","10225","0.117","0.278","2024-25"
"2024-09-10","51710","Norfolk","Age_Group","50-64","5,432","5,066","12,214","11,277","13.8%","30.7%","2023-24"
"2026-04-13","51710","Norfolk","Age_Group","5-11","0","0","0","0","0","0","2025-26"
"2024-09-10","51710","Norfolk","Age_Group","5-11","586","578","4,111","4,023","3.2%","22.5%","2023-24"
"2025-10-07","51710","Norfolk","Age_Group","5-11","711","708","3791","3765","0.04","0.21","2024-25"
"2026-04-13","51710","Norfolk","Age_Group","65+","0","0","0","0","0","0","2025-26"
"2025-10-07","51710","Norfolk","Age_Group","65+","10829","9762","17132","16707","0.32","0.547","2024-25"
"2024-09-10","51710","Norfolk","Age_Group","65+","11,681","9,989","19,452","17,308","32.7%","56.7%","2023-24"
"2026-04-13","51710","Norfolk","Race and Ethnicity","Asian or Pacific Islander","0","0","0","0","0","0","2025-26"
"2024-09-10","51710","Norfolk","Race and Ethnicity","Asian or Pacific Islander","1,055","983","2,807","2,586","10.5%","27.5%","2023-24"
"2025-10-07","51710","Norfolk","Race and Ethnicity","Asian or Pacific Islander","982","934","2904","2811","0.099","0.299","2024-25"
"2026-04-13","51710","Norfolk","Race and Ethnicity","Black","0","0","0","0","0","0","2025-26"
"2025-10-07","51710","Norfolk","Race and Ethnicity","Black","6695","6332","20088","19423","0.067","0.207","2024-25"
"2024-09-10","51710","Norfolk","Race and Ethnicity","Black","7,093","6,535","22,239","20,330","7.0%","21.7%","2023-24"
"2026-04-13","51710","Norfolk","Age_Group","Female","0","0","0","0","0","0","2025-26"
"2026-04-13","51710","Norfolk","Race and Ethnicity","Female","0","0","0","0","0","0","2025-26"
"2025-10-07","51710","Norfolk","Sex","Female","12139","11321","31461","30473","0","0","2024-25"
"2024-09-10","51710","Norfolk","Sex","Female","13,550","12,191","34,551","31,648","10.6%","27.6%","2023-24"
"2026-04-13","51710","Norfolk","Sex","Female","6875","6641","26386","25671","0","0","2025-26"
"2026-04-13","51710","Norfolk","Race and Ethnicity","Latino","0","0","0","0","0","0","2025-26"
"2024-09-10","51710","Norfolk","Race and Ethnicity","Latino","872","817","3,936","3,592","3.8%","16.6%","2023-24"
"2025-10-07","51710","Norfolk","Race and Ethnicity","Latino","924","876","3995","3746","0.04","0.173","2024-25"
"2026-04-13","51710","Norfolk","Age_Group","Male","0","0","0","0","0","0","2025-26"
"2026-04-13","51710","Norfolk","Race and Ethnicity","Male","0","0","0","0","0","0","2025-26"
"2024-09-10","51710","Norfolk","Sex","Male","10,124","9,062","26,179","23,884","7.7%","20.2%","2023-24"
"2026-04-13","51710","Norfolk","Sex","Male","5170","4962","20175","19481","0","0","2025-26"
"2025-10-07","51710","Norfolk","Sex","Male","9466","8827","23702","22776","0","0","2024-25"
"2026-04-13","51710","Norfolk","Race and Ethnicity","Native American","0","0","0","0","0","0","2025-26"
"2025-10-07","51710","Norfolk","Race and Ethnicity","Native American","340","318","637","618","0.361","0.701","2024-25"
"2024-09-10","51710","Norfolk","Race and Ethnicity","Native American","410","354","733","652","40.1%","73.9%","2023-24"
"2026-04-13","51710","Norfolk","Race and Ethnicity","Not Reported","0","0","0","0","0","0","2025-26"
"2026-04-13","51710","Norfolk","Sex","Not Reported","0","0","0","0","0","0","2025-26"
"2025-10-07","51710","Norfolk","Race and Ethnicity","Not Reported","234","228","1967","1930","0.001","0.008","2024-25"
"2024-09-10","51710","Norfolk","Sex","Not Reported","27","27","288","282","","","2023-24"
"2024-09-10","51710","Norfolk","Race and Ethnicity","Not Reported","392","374","2,982","2,841","","","2023-24"
"2026-04-13","51710","Norfolk","Race and Ethnicity","Other Race","0","0","0","0","0","0","2025-26"
"2024-09-10","51710","Norfolk","Race and Ethnicity","Other Race","182","162","772","731","2.0%","8.8%","2023-24"
"2025-10-07","51710","Norfolk","Race and Ethnicity","Other Race","234","227","1180","1142","0.027","0.138","2024-25"
"2026-04-13","51710","Norfolk","Age_Group","Unknown","0","0","0","0","0","0","2025-26"
"2026-04-13","51710","Norfolk","Race and Ethnicity","Unknown","0","0","0","0","0","0","2025-26"
"2026-04-13","51710","Norfolk","Sex","UNKNOWN","14","14","232","231","0","0","2025-26"
"2025-10-07","51710","Norfolk","Sex","UNKNOWN","28","28","328","327","0","0","2024-25"
"2026-04-13","51710","Norfolk","Race and Ethnicity","White","0","0","0","0","0","0","2025-26"
"2025-10-07","51710","Norfolk","Race and Ethnicity","White","12224","11261","24720","23906","0.114","0.242","2024-25"
"2024-09-10","51710","Norfolk","Race and Ethnicity","White","13,697","12,055","27,549","25,082","12.2%","25.4%","2023-24"
"2026-04-13","51720","Norton","Age_Group","0-4","0","0","0","0","0","0","2025-26"
"2025-10-07","51720","Norton","Age_Group","0-4","0","0","48","39","0","0.173","2024-25"
"2024-09-10","51720","Norton","Age_Group","0-4","0","0","70","58","0.0%","25.8%","2023-24"
"2026-04-13","51720","Norton","Age_Group","12-17","0","0","0","0","0","0","2025-26"
"2025-10-07","51720","Norton","Age_Group","12-17","4","4","29","29","0.016","0.116","2024-25"
"2024-09-10","51720","Norton","Age_Group","12-17","5","5","28","28","2.0%","11.2%","2023-24"
"2026-04-13","51720","Norton","Age_Group","18-30","0","0","0","0","0","0","2025-26"
"2025-10-07","51720","Norton","Age_Group","18-30","5","5","55","55","0.008","0.09","2024-25"
"2024-09-10","51720","Norton","Age_Group","18-30","7","7","65","64","1.1%","10.4%","2023-24"
"2026-04-13","51720","Norton","Age_Group","31-49","0","0","0","0","0","0","2025-26"
"2025-10-07","51720","Norton","Age_Group","31-49","18","18","124","123","0.021","0.143","2024-25"
"2024-09-10","51720","Norton","Age_Group","31-49","30","27","149","143","3.1%","16.6%","2023-24"
"2026-04-13","51720","Norton","Age_Group","50-64","0","0","0","0","0","0","2025-26"
"2025-10-07","51720","Norton","Age_Group","50-64","25","23","172","167","0.037","0.267","2024-25"
"2024-09-10","51720","Norton","Age_Group","50-64","49","43","242","231","6.9%","37.0%","2023-24"
"2026-04-13","51720","Norton","Age_Group","5-11","0","0","0","0","0","0","2025-26"
"2025-10-07","51720","Norton","Age_Group","5-11","0","0","50","50","0","0.149","2024-25"
"2024-09-10","51720","Norton","Age_Group","5-11","1","1","48","48","0.3%","14.3%","2023-24"
"2026-04-13","51720","Norton","Age_Group","65+","0","0","0","0","0","0","2025-26"
"2025-10-07","51720","Norton","Age_Group","65+","110","103","384","377","0.163","0.597","2024-25"
"2024-09-10","51720","Norton","Age_Group","65+","158","146","522","488","23.1%","77.2%","2023-24"
"2026-04-13","51720","Norton","Race and Ethnicity","Asian or Pacific Islander","0","0","0","0","0","0","2025-26"
"2025-10-07","51720","Norton","Race and Ethnicity","Asian or Pacific Islander","0","0","10","9","0","0.2","2024-25"
"2026-04-13","51740","Portsmouth","Age_Group","0-4","0","0","0","0","0","0","2025-26"
"2024-09-10","51740","Portsmouth","Age_Group","0-4","131","101","2,337","1,823","1.5%","27.6%","2023-24"
"2025-10-07","51740","Portsmouth","Age_Group","0-4","167","134","2381","1899","0.02","0.288","2024-25"
"2026-04-13","51740","Portsmouth","Age_Group","12-17","0","0","0","0","0","0","2025-26"
"2025-10-07","51740","Portsmouth","Age_Group","12-17","155","154","1094","1092","0.022","0.159","2024-25"
"2024-09-10","51740","Portsmouth","Age_Group","12-17","173","170","1,240","1,205","2.5%","17.6%","2023-24"
"2026-04-13","51740","Portsmouth","Age_Group","18-30","0","0","0","0","0","0","2025-26"
"2025-10-07","51740","Portsmouth","Age_Group","18-30","295","291","1922","1906","0.015","0.101","2024-25"
"2024-09-10","51740","Portsmouth","Age_Group","18-30","356","344","1,953","1,855","1.8%","9.8%","2023-24"
"2026-04-13","51740","Portsmouth","Age_Group","31-49","0","0","0","0","0","0","2025-26"
"2025-10-07","51740","Portsmouth","Age_Group","31-49","767","747","3532","3495","0.031","0.144","2024-25"
"2024-09-10","51740","Portsmouth","Age_Group","31-49","918","885","3,801","3,617","3.7%","14.9%","2023-24"
"2026-04-13","51740","Portsmouth","Age_Group","50-64","0","0","0","0","0","0","2025-26"
"2024-09-10","51740","Portsmouth","Age_Group","50-64","1,939","1,826","5,230","4,857","10.8%","28.8%","2023-24"
"2025-10-07","51740","Portsmouth","Age_Group","50-64","1676","1613","4738","4645","0.096","0.275","2024-25"
"2026-04-13","51740","Portsmouth","Age_Group","5-11","0","0","0","0","0","0","2025-26"
"2024-09-10","51740","Portsmouth","Age_Group","5-11","174","173","1,747","1,694","2.0%","19.8%","2023-24"
"2025-10-07","51740","Portsmouth","Age_Group","5-11","175","174","1589","1574","0.02","0.184","2024-25"
"2026-04-13","51740","Portsmouth","Age_Group","65+","0","0","0","0","0","0","2025-26"
"2024-09-10","51740","Portsmouth","Age_Group","65+","4,774","4,252","9,109","8,253","28.5%","55.3%","2023-24"
"2025-10-07","51740","Portsmouth","Age_Group","65+","4475","4108","8125","7904","0.275","0.529","2024-25"
"2026-04-13","51740","Portsmouth","Race and Ethnicity","Asian or Pacific Islander","0","0","0","0","0","0","2025-26"
"2024-09-10","51740","Portsmouth","Race and Ethnicity","Asian or Pacific Islander","150","136","447","411","9.2%","27.7%","2023-24"
"2025-10-07","51740","Portsmouth","Race and Ethnicity","Asian or Pacific Islander","203","193","566","542","0.13","0.365","2024-25"
"2026-04-13","51740","Portsmouth","Race and Ethnicity","Black","0","0","0","0","0","0","2025-26"
"2024-09-10","51740","Portsmouth","Race and Ethnicity","Black","3,956","3,668","12,782","11,769","7.1%","22.7%","2023-24"
"2025-10-07","51740","Portsmouth","Race and Ethnicity","Black","3640","3416","11683","11291","0.066","0.218","2024-25"
"2026-04-13","51740","Portsmouth","Age_Group","Female","0","0","0","0","0","0","2025-26"
"2026-04-13","51740","Portsmouth","Race and Ethnicity","Female","0","0","0","0","0","0","2025-26"
"2026-04-13","51740","Portsmouth","Sex","Female","2274","2199","11544","11212","0","0","2025-26"
"2024-09-10","51740","Portsmouth","Sex","Female","4,981","4,582","14,890","13,637","9.1%","27.2%","2023-24"
"2025-10-07","51740","Portsmouth","Sex","Female","4463","4192","13548","13091","0","0","2024-25"
"2026-04-13","51740","Portsmouth","Race and Ethnicity","Latino","0","0","0","0","0","0","2025-26"
"2024-09-10","51740","Portsmouth","Race and Ethnicity","Latino","191","183","980","892","3.4%","16.7%","2023-24"
"2024-09-10","51720","Norton","Race and Ethnicity","Asian or Pacific Islander","4","4","11","10","8.9%","22.2%","2023-24"
"2025-10-07","51740","Portsmouth","Race and Ethnicity","Latino","250","241","1183","1103","0.045","0.206","2024-25"
"2026-04-13","51720","Norton","Race and Ethnicity","Black","0","0","0","0","0","0","2025-26"
"2026-04-13","51740","Portsmouth","Age_Group","Male","0","0","0","0","0","0","2025-26"
"2025-10-07","51720","Norton","Race and Ethnicity","Black","10","9","31","31","0.042","0.144","2024-25"
"2026-04-13","51740","Portsmouth","Race and Ethnicity","Male","0","0","0","0","0","0","2025-26"
"2024-09-10","51720","Norton","Race and Ethnicity","Black","21","19","56","54","8.8%","25.0%","2023-24"
"2026-04-13","51740","Portsmouth","Sex","Male","1693","1634","8367","8103","0","0","2025-26"
"2026-04-13","51720","Norton","Age_Group","Female","0","0","0","0","0","0","2025-26"
"2024-09-10","51740","Portsmouth","Sex","Male","3,478","3,163","10,462","9,602","6.8%","20.5%","2023-24"
"2026-04-13","51720","Norton","Race and Ethnicity","Female","0","0","0","0","0","0","2025-26"
"2025-10-07","51740","Portsmouth","Sex","Male","3245","3027","9778","9369","0","0","2024-25"
"2024-09-10","51720","Norton","Sex","Female","144","132","645","615","7.2%","33.5%","2023-24"
"2026-04-13","51740","Portsmouth","Race and Ethnicity","Native American","0","0","0","0","0","0","2025-26"
"2026-04-13","51720","Norton","Sex","Female","37","36","378","369","0","0","2025-26"
"2025-10-07","51720","Norton","Sex","Female","82","79","496","488","0","0","2024-25"
"2026-04-13","51720","Norton","Race and Ethnicity","Latino","0","0","0","0","0","0","2025-26"
"2025-10-07","51720","Norton","Race and Ethnicity","Latino","0","0","10","10","0","0.071","2024-25"
"2024-09-10","51720","Norton","Race and Ethnicity","Latino","4","4","10","10","2.8%","7.1%","2023-24"
"2026-04-13","51720","Norton","Age_Group","Male","0","0","0","0","0","0","2025-26"
"2026-04-13","51720","Norton","Race and Ethnicity","Male","0","0","0","0","0","0","2025-26"
"2024-09-10","51720","Norton","Sex","Male","106","97","479","445","5.7%","26.1%","2023-24"
"2026-04-13","51720","Norton","Sex","Male","36","31","279","270","0","0","2025-26"
"2025-10-07","51720","Norton","Sex","Male","80","74","366","352","0","0","2024-25"
"2026-04-13","51720","Norton","Race and Ethnicity","Native American","0","0","0","0","0","0","2025-26"
"2024-09-10","51720","Norton","Race and Ethnicity","Native American","0","0","2","2","0.0%","200.0%","2023-24"
"2025-10-07","51720","Norton","Race and Ethnicity","Native American","3","2","2","2","2","2","2024-25"
"2026-04-13","51720","Norton","Race and Ethnicity","Not Reported","0","0","0","0","0","0","2025-26"
"2024-09-10","51720","Norton","Race and Ethnicity","Not Reported","1","1","28","27","","","2023-24"
"2025-10-07","51720","Norton","Race and Ethnicity","Not Reported","1","1","21","19","0","0.005","2024-25"
"2026-04-13","51720","Norton","Race and Ethnicity","Other Race","0","0","0","0","0","0","2025-26"
"2025-10-07","51720","Norton","Race and Ethnicity","Other Race","0","0","6","6","0","0.085","2024-25"
"2024-09-10","51720","Norton","Race and Ethnicity","Other Race","0","0","3","3","0.0%","4.2%","2023-24"
"2026-04-13","51720","Norton","Age_Group","Unknown","0","0","0","0","0","0","2025-26"
"2026-04-13","51720","Norton","Race and Ethnicity","Unknown","0","0","0","0","0","0","2025-26"
"2026-04-13","51720","Norton","Sex","Unknown","0","0","0","0","0","0","2025-26"
"2026-04-13","51720","Norton","Race and Ethnicity","White","0","0","0","0","0","0","2025-26"
"2025-10-07","51720","Norton","Race and Ethnicity","White","148","141","782","763","0.046","0.249","2024-25"
"2024-09-10","51720","Norton","Race and Ethnicity","White","220","201","1,014","954","6.6%","31.1%","2023-24"
"2026-04-13","51730","Petersburg","Age_Group","0-4","0","0","0","0","0","0","2025-26"
"2025-10-07","51730","Petersburg","Age_Group","0-4","18","14","362","298","0.005","0.109","2024-25"
"2024-09-10","51730","Petersburg","Age_Group","0-4","24","21","412","337","0.8%","12.3%","2023-24"
"2026-04-13","51730","Petersburg","Age_Group","12-17","0","0","0","0","0","0","2025-26"
"2025-10-07","51730","Petersburg","Age_Group","12-17","17","17","128","127","0.008","0.058","2024-25"
"2024-09-10","51730","Petersburg","Age_Group","12-17","26","24","147","144","1.1%","6.6%","2023-24"
"2026-04-13","51730","Petersburg","Age_Group","18-30","0","0","0","0","0","0","2025-26"
"2024-09-10","51730","Petersburg","Age_Group","18-30","86","81","420","402","1.3%","6.5%","2023-24"
"2025-10-07","51730","Petersburg","Age_Group","18-30","88","88","402","398","0.014","0.064","2024-25"
"2026-04-13","51730","Petersburg","Age_Group","31-49","0","0","0","0","0","0","2025-26"
"2025-10-07","51730","Petersburg","Age_Group","31-49","263","251","872","859","0.034","0.117","2024-25"
"2024-09-10","51730","Petersburg","Age_Group","31-49","307","291","940","915","4.0%","12.5%","2023-24"
"2026-04-13","51730","Petersburg","Age_Group","50-64","0","0","0","0","0","0","2025-26"
"2025-10-07","51730","Petersburg","Age_Group","50-64","658","649","1482","1457","0.102","0.229","2024-25"
"2024-09-10","51730","Petersburg","Age_Group","50-64","791","723","1,657","1,574","11.4%","24.7%","2023-24"
"2026-04-13","51730","Petersburg","Age_Group","5-11","0","0","0","0","0","0","2025-26"
"2025-10-07","51730","Petersburg","Age_Group","5-11","14","14","223","221","0.005","0.077","2024-25"
"2024-09-10","51730","Petersburg","Age_Group","5-11","23","23","273","260","0.8%","9.1%","2023-24"
"2026-04-13","51730","Petersburg","Age_Group","65+","0","0","0","0","0","0","2025-26"
"2024-09-10","51730","Petersburg","Age_Group","65+","1,770","1,555","3,059","2,859","27.3%","50.2%","2023-24"
"2025-10-07","51730","Petersburg","Age_Group","65+","1779","1685","2745","2703","0.296","0.475","2024-25"
"2026-04-13","51730","Petersburg","Race and Ethnicity","Asian or Pacific Islander","0","0","0","0","0","0","2025-26"
"2024-09-10","51730","Petersburg","Race and Ethnicity","Asian or Pacific Islander","40","32","87","83","9.4%","24.3%","2023-24"
"2025-10-07","51730","Petersburg","Race and Ethnicity","Asian or Pacific Islander","45","44","115","111","0.129","0.326","2024-25"
"2026-04-13","51730","Petersburg","Race and Ethnicity","Black","0","0","0","0","0","0","2025-26"
"2024-09-10","51730","Petersburg","Race and Ethnicity","Black","2,193","2,017","4,929","4,654","8.0%","18.4%","2023-24"
"2024-09-10","51740","Portsmouth","Race and Ethnicity","Native American","77","70","226","197","19.9%","56.1%","2023-24"
"2025-10-07","51740","Portsmouth","Race and Ethnicity","Native American","85","75","215","204","0.214","0.581","2024-25"
"2026-04-13","51740","Portsmouth","Race and Ethnicity","Not Reported","0","0","0","0","0","0","2025-26"
"2026-04-13","51740","Portsmouth","Sex","Not Reported","0","0","0","0","0","0","2025-26"
"2024-09-10","51740","Portsmouth","Race and Ethnicity","Not Reported","147","137","1,184","1,061","","","2023-24"
"2024-09-10","51740","Portsmouth","Sex","Not Reported","6","6","65","65","","","2023-24"
"2025-10-07","51740","Portsmouth","Race and Ethnicity","Not Reported","65","65","775","733","0.001","0.008","2024-25"
"2026-04-13","51740","Portsmouth","Race and Ethnicity","Other Race","0","0","0","0","0","0","2025-26"
"2024-09-10","51740","Portsmouth","Race and Ethnicity","Other Race","65","62","274","267","2.1%","8.9%","2023-24"
"2025-10-07","51740","Portsmouth","Race and Ethnicity","Other Race","72","69","354","341","0.023","0.114","2024-25"
"2026-04-13","51740","Portsmouth","Age_Group","Unknown","0","0","0","0","0","0","2025-26"
"2026-04-13","51740","Portsmouth","Race and Ethnicity","Unknown","0","0","0","0","0","0","2025-26"
"2026-04-13","51740","Portsmouth","Sex","UNKNOWN","2","2","43","43","0","0","2025-26"
"2025-10-07","51740","Portsmouth","Sex","UNKNOWN","2","2","55","55","0","0","2024-25"
"2026-04-13","51740","Portsmouth","Race and Ethnicity","White","0","0","0","0","0","0","2025-26"
"2024-09-10","51740","Portsmouth","Race and Ethnicity","White","3,879","3,495","9,524","8,707","10.0%","24.9%","2023-24"
"2025-10-07","51740","Portsmouth","Race and Ethnicity","White","3395","3162","8605","8301","0.09","0.237","2024-25"
"2026-04-13","51750","Radford","Age_Group","0-4","0","0","0","0","0","0","2025-26"
"2025-10-07","51750","Radford","Age_Group","0-4","3","3","188","157","0.005","0.255","2024-25"
"2024-09-10","51750","Radford","Age_Group","0-4","8","7","254","208","1.1%","33.8%","2023-24"
"2026-04-13","51750","Radford","Age_Group","12-17","0","0","0","0","0","0","2025-26"
"2024-09-10","51750","Radford","Age_Group","12-17","14","13","152","148","0.6%","7.2%","2023-24"
"2025-10-07","51750","Radford","Age_Group","12-17","20","20","135","134","0.01","0.065","2024-25"
"2026-04-13","51750","Radford","Age_Group","18-30","0","0","0","0","0","0","2025-26"
"2025-10-07","51750","Radford","Age_Group","18-30","124","121","429","425","0.018","0.062","2024-25"
"2024-09-10","51750","Radford","Age_Group","18-30","135","126","615","588","1.8%","8.6%","2023-24"
"2026-04-13","51750","Radford","Age_Group","31-49","0","0","0","0","0","0","2025-26"
"2025-10-07","51750","Radford","Age_Group","31-49","231","229","590","586","0.084","0.216","2024-25"
"2024-09-10","51750","Radford","Age_Group","31-49","261","245","672","641","9.0%","23.6%","2023-24"
"2026-04-13","51750","Radford","Age_Group","50-64","0","0","0","0","0","0","2025-26"
"2025-10-07","51750","Radford","Age_Group","50-64","250","244","570","557","0.118","0.269","2024-25"
"2024-09-10","51750","Radford","Age_Group","50-64","316","285","684","629","13.8%","30.4%","2023-24"
"2026-04-13","51750","Radford","Age_Group","5-11","0","0","0","0","0","0","2025-26"
"2025-10-07","51750","Radford","Age_Group","5-11","14","14","152","150","0.018","0.198","2024-25"
"2024-09-10","51750","Radford","Age_Group","5-11","15","15","183","180","2.0%","23.7%","2023-24"
"2026-04-13","51750","Radford","Age_Group","65+","0","0","0","0","0","0","2025-26"
"2025-10-07","51750","Radford","Age_Group","65+","678","594","1036","1024","0.367","0.632","2024-25"
"2024-09-10","51750","Radford","Age_Group","65+","731","595","1,223","1,138","36.8%","70.3%","2023-24"
"2026-04-13","51750","Radford","Race and Ethnicity","Asian or Pacific Islander","0","0","0","0","0","0","2025-26"
"2025-10-07","51750","Radford","Race and Ethnicity","Asian or Pacific Islander","38","36","76","73","0.098","0.198","2024-25"
"2024-09-10","51750","Radford","Race and Ethnicity","Asian or Pacific Islander","52","45","91","79","12.2%","21.5%","2023-24"
"2026-04-13","51750","Radford","Race and Ethnicity","Black","0","0","0","0","0","0","2025-26"
"2025-10-07","51750","Radford","Race and Ethnicity","Black","120","117","251","246","0.079","0.166","2024-25"
"2024-09-10","51750","Radford","Race and Ethnicity","Black","126","107","318","286","7.2%","19.3%","2023-24"
"2026-04-13","51750","Radford","Age_Group","Female","0","0","0","0","0","0","2025-26"
"2026-04-13","51750","Radford","Race and Ethnicity","Female","0","0","0","0","0","0","2025-26"
"2026-04-13","51750","Radford","Sex","Female","421","401","1564","1537","0","0","2025-26"
"2025-10-07","51750","Radford","Sex","Female","748","694","1796","1767","0","0","2024-25"
"2024-09-10","51750","Radford","Sex","Female","834","727","2,203","2,058","8.2%","23.2%","2023-24"
"2026-04-13","51750","Radford","Race and Ethnicity","Latino","0","0","0","0","0","0","2025-26"
"2025-10-07","51750","Radford","Race and Ethnicity","Latino","23","23","85","82","0.043","0.154","2024-25"
"2025-10-07","51730","Petersburg","Race and Ethnicity","Black","2135","2055","4403","4309","0.081","0.17","2024-25"
"2024-09-10","51750","Radford","Race and Ethnicity","Latino","30","29","103","97","5.5%","18.3%","2023-24"
"2026-04-13","51730","Petersburg","Age_Group","Female","0","0","0","0","0","0","2025-26"
"2026-04-13","51750","Radford","Age_Group","Male","0","0","0","0","0","0","2025-26"
"2026-04-13","51730","Petersburg","Race and Ethnicity","Female","0","0","0","0","0","0","2025-26"
"2026-04-13","51750","Radford","Race and Ethnicity","Male","0","0","0","0","0","0","2025-26"
"2024-09-10","51730","Petersburg","Sex","Female","1,815","1,635","4,187","3,952","8.9%","21.6%","2023-24"
"2026-04-13","51750","Radford","Sex","Male","350","334","1143","1117","0","0","2025-26"
"2025-10-07","51730","Petersburg","Sex","Female","1574","1520","3707","3619","0","0","2024-25"
"2025-10-07","51750","Radford","Sex","Male","571","530","1303","1265","0","0","2024-25"
"2026-04-13","51730","Petersburg","Sex","Female","927","918","3203","3124","0","0","2025-26"
"2024-09-10","51750","Radford","Sex","Male","646","559","1,576","1,470","7.2%","18.9%","2023-24"
"2026-04-13","51730","Petersburg","Race and Ethnicity","Latino","0","0","0","0","0","0","2025-26"
"2026-04-13","51750","Radford","Race and Ethnicity","Native American","0","0","0","0","0","0","2025-26"
"2024-09-10","51730","Petersburg","Race and Ethnicity","Latino","92","87","407","369","4.6%","19.6%","2023-24"
"2025-10-07","51750","Radford","Race and Ethnicity","Native American","11","10","19","19","0.476","0.905","2024-25"
"2025-10-07","51730","Petersburg","Race and Ethnicity","Latino","95","89","426","405","0.047","0.215","2024-25"
"2024-09-10","51750","Radford","Race and Ethnicity","Native American","5","4","15","14","19.0%","66.7%","2023-24"
"2026-04-13","51730","Petersburg","Age_Group","Male","0","0","0","0","0","0","2025-26"
"2024-09-10","51750","Radford","Sex","Not Reported","0","0","4","4","","","2023-24"
"2026-04-13","51730","Petersburg","Race and Ethnicity","Male","0","0","0","0","0","0","2025-26"
"2026-04-13","51750","Radford","Race and Ethnicity","Not Reported","0","0","0","0","0","0","2025-26"
"2024-09-10","51730","Petersburg","Sex","Male","1,212","1,083","2,719","2,537","7.2%","16.8%","2023-24"
"2026-04-13","51750","Radford","Sex","Not Reported","0","0","0","0","0","0","2025-26"
"2025-10-07","51730","Petersburg","Sex","Male","1263","1198","2500","2439","0","0","2024-25"
"2025-10-07","51750","Radford","Race and Ethnicity","Not Reported","40","38","299","290","0.002","0.017","2024-25"
"2026-04-13","51730","Petersburg","Sex","Male","713","704","2086","2041","0","0","2025-26"
"2024-09-10","51750","Radford","Race and Ethnicity","Not Reported","62","59","421","402","","","2023-24"
"2026-04-13","51730","Petersburg","Race and Ethnicity","Native American","0","0","0","0","0","0","2025-26"
"2026-04-13","51750","Radford","Race and Ethnicity","Other Race","0","0","0","0","0","0","2025-26"
"2024-09-10","51730","Petersburg","Race and Ethnicity","Native American","23","21","40","37","19.6%","34.6%","2023-24"
"2024-09-10","51750","Radford","Race and Ethnicity","Other Race","20","18","64","62","4.4%","15.0%","2023-24"
"2025-10-07","51730","Petersburg","Race and Ethnicity","Native American","23","22","44","44","0.206","0.411","2024-25"
"2025-10-07","51750","Radford","Race and Ethnicity","Other Race","23","21","54","52","0.051","0.126","2024-25"
"2024-09-10","51730","Petersburg","Sex","Not Reported","0","0","2","2","","","2023-24"
"2026-04-13","51750","Radford","Age_Group","Unknown","0","0","0","0","0","0","2025-26"
"2026-04-13","51730","Petersburg","Race and Ethnicity","Not Reported","0","0","0","0","0","0","2025-26"
"2026-04-13","51750","Radford","Race and Ethnicity","Unknown","0","0","0","0","0","0","2025-26"
"2026-04-13","51730","Petersburg","Sex","Not Reported","0","0","0","0","0","0","2025-26"
"2025-10-07","51750","Radford","Sex","UNKNOWN","1","1","1","1","0","0","2024-25"
"2025-10-07","51730","Petersburg","Race and Ethnicity","Not Reported","18","16","169","162","0","0.005","2024-25"
"2026-04-13","51750","Radford","Sex","UNKNOWN","2","1","5","5","0","0","2025-26"
"2026-04-13","51750","Radford","Race and Ethnicity","White","0","0","0","0","0","0","2025-26"
"2024-09-10","51730","Petersburg","Race and Ethnicity","Not Reported","37","34","231","210","","","2023-24"
"2024-09-10","51750","Radford","Race and Ethnicity","White","1,185","1,024","2,771","2,592","7.4%","18.8%","2023-24"
"2026-04-13","51730","Petersburg","Race and Ethnicity","Other Race","0","0","0","0","0","0","2025-26"
"2025-10-07","51750","Radford","Race and Ethnicity","White","1065","980","2316","2271","0.071","0.164","2024-25"
"2024-09-10","51730","Petersburg","Race and Ethnicity","Other Race","17","16","61","58","2.2%","8.0%","2023-24"
"2025-10-07","51730","Petersburg","Race and Ethnicity","Other Race","9","8","57","54","0.011","0.074","2024-25"
"2026-04-13","51760","Richmond City","Age_Group","0-4","0","0","0","0","0","0","2025-26"
"2026-04-13","51730","Petersburg","Age_Group","Unknown","0","0","0","0","0","0","2025-26"
"2026-04-13","51730","Petersburg","Race and Ethnicity","Unknown","0","0","0","0","0","0","2025-26"
"2026-04-13","51730","Petersburg","Sex","Unknown","0","0","0","0","0","0","2025-26"
"2025-10-07","51730","Petersburg","Sex","UNKNOWN","0","0","7","5","0","0","2024-25"
"2026-04-13","51730","Petersburg","Race and Ethnicity","White","0","0","0","0","0","0","2025-26"
"2025-10-07","51730","Petersburg","Race and Ethnicity","White","512","484","1000","978","0.097","0.195","2024-25"
"2024-09-10","51730","Petersburg","Race and Ethnicity","White","625","511","1,153","1,080","10.2%","21.6%","2023-24"
"2026-04-13","51735","Poquoson","Age_Group","0-4","0","0","0","0","0","0","2025-26"
"2025-10-07","51735","Poquoson","Age_Group","0-4","15","13","314","254","0.022","0.434","2024-25"
"2024-09-10","51735","Poquoson","Age_Group","0-4","21","13","298","245","2.2%","41.9%","2023-24"
"2026-04-13","51735","Poquoson","Age_Group","12-17","0","0","0","0","0","0","2025-26"
"2025-10-07","51735","Poquoson","Age_Group","12-17","40","40","254","253","0.038","0.24","2024-25"
"2024-09-10","51735","Poquoson","Age_Group","12-17","50","49","245","240","4.6%","22.7%","2023-24"
"2026-04-13","51735","Poquoson","Age_Group","18-30","0","0","0","0","0","0","2025-26"
"2025-10-07","51735","Poquoson","Age_Group","18-30","60","58","315","314","0.035","0.188","2024-25"
"2024-09-10","51735","Poquoson","Age_Group","18-30","73","69","322","306","4.1%","18.3%","2023-24"
"2026-04-13","51735","Poquoson","Age_Group","31-49","0","0","0","0","0","0","2025-26"
"2024-09-10","51735","Poquoson","Age_Group","31-49","153","147","692","669","4.7%","21.3%","2023-24"
"2025-10-07","51735","Poquoson","Age_Group","31-49","157","148","697","689","0.047","0.219","2024-25"
"2026-04-13","51735","Poquoson","Age_Group","50-64","0","0","0","0","0","0","2025-26"
"2025-10-07","51735","Poquoson","Age_Group","50-64","302","295","906","892","0.118","0.356","2024-25"
"2024-09-10","51735","Poquoson","Age_Group","50-64","375","350","973","935","14.0%","37.3%","2023-24"
"2026-04-13","51735","Poquoson","Age_Group","5-11","0","0","0","0","0","0","2025-26"
"2025-10-07","51735","Poquoson","Age_Group","5-11","10","10","287","286","0.009","0.25","2024-25"
"2024-09-10","51735","Poquoson","Age_Group","5-11","24","24","278","274","2.1%","23.9%","2023-24"
"2026-04-13","51735","Poquoson","Age_Group","65+","0","0","0","0","0","0","2025-26"
"2024-09-10","51735","Poquoson","Age_Group","65+","1,010","880","1,783","1,635","35.8%","66.6%","2023-24"
"2025-10-07","51735","Poquoson","Age_Group","65+","860","805","1660","1629","0.328","0.663","2024-25"
"2026-04-13","51735","Poquoson","Race and Ethnicity","Asian or Pacific Islander","0","0","0","0","0","0","2025-26"
"2025-10-07","51735","Poquoson","Race and Ethnicity","Asian or Pacific Islander","56","56","160","157","0.214","0.599","2024-25"
"2024-09-10","51735","Poquoson","Race and Ethnicity","Asian or Pacific Islander","70","64","162","153","24.4%","58.4%","2023-24"
"2026-04-13","51735","Poquoson","Race and Ethnicity","Black","0","0","0","0","0","0","2025-26"
"2026-04-13","51820","Waynesboro","Race and Ethnicity","Latino","0","0","0","0","0","0","2025-26"
"2025-10-07","51735","Poquoson","Race and Ethnicity","Black","33","33","118","114","0.152","0.525","2024-25"
"2025-10-07","51820","Waynesboro","Race and Ethnicity","Latino","140","137","650","620","0.061","0.275","2024-25"
"2024-09-10","51735","Poquoson","Race and Ethnicity","Black","44","41","87","79","18.9%","36.4%","2023-24"
"2024-09-10","51820","Waynesboro","Race and Ethnicity","Latino","151","139","687","633","6.2%","28.1%","2023-24"
"2026-04-13","51735","Poquoson","Age_Group","Female","0","0","0","0","0","0","2025-26"
"2026-04-13","51820","Waynesboro","Age_Group","Male","0","0","0","0","0","0","2025-26"
"2026-04-13","51735","Poquoson","Race and Ethnicity","Female","0","0","0","0","0","0","2025-26"
"2026-04-13","51820","Waynesboro","Race and Ethnicity","Male","0","0","0","0","0","0","2025-26"
"2026-04-13","51735","Poquoson","Sex","Female","449","434","2138","2098","0","0","2025-26"
"2024-09-10","51820","Waynesboro","Sex","Male","1,426","1,211","3,813","3,519","11.0%","32.1%","2023-24"
"2025-10-07","51735","Poquoson","Sex","Female","778","732","2512","2449","0","0","2024-25"
"2025-10-07","51820","Waynesboro","Sex","Male","1347","1251","3348","3261","0","0","2024-25"
"2024-09-10","51735","Poquoson","Sex","Female","921","834","2,594","2,441","13.4%","39.2%","2023-24"
"2026-04-13","51820","Waynesboro","Sex","Male","738","713","2886","2820","0","0","2025-26"
"2026-04-13","51735","Poquoson","Race and Ethnicity","Latino","0","0","0","0","0","0","2025-26"
"2026-04-13","51820","Waynesboro","Race and Ethnicity","Native American","0","0","0","0","0","0","2025-26"
"2024-09-10","51735","Poquoson","Race and Ethnicity","Latino","32","28","98","93","6.0%","19.8%","2023-24"
"2024-09-10","51820","Waynesboro","Sex","Not Reported","0","0","6","6","","","2023-24"
"2026-04-13","51820","Waynesboro","Race and Ethnicity","Not Reported","0","0","0","0","0","0","2025-26"
"2026-04-13","51820","Waynesboro","Sex","Not Reported","0","0","0","0","0","0","2025-26"
"2025-10-07","51820","Waynesboro","Race and Ethnicity","Not Reported","24","24","216","212","0.001","0.009","2024-25"
"2024-09-10","51820","Waynesboro","Race and Ethnicity","Not Reported","38","32","403","374","","","2023-24"
"2026-04-13","51820","Waynesboro","Race and Ethnicity","Other Race","0","0","0","0","0","0","2025-26"
"2025-10-07","51820","Waynesboro","Race and Ethnicity","Other Race","23","19","95","88","0.025","0.114","2024-25"
"2024-09-10","51820","Waynesboro","Race and Ethnicity","Other Race","42","29","129","118","3.8%","15.3%","2023-24"
"2026-04-13","51820","Waynesboro","Age_Group","Unknown","0","0","0","0","0","0","2025-26"
"2026-04-13","51820","Waynesboro","Race and Ethnicity","Unknown","0","0","0","0","0","0","2025-26"
"2026-04-13","51820","Waynesboro","Sex","UNKNOWN","0","0","4","4","0","0","2025-26"
"2025-10-07","51820","Waynesboro","Sex","UNKNOWN","3","2","6","6","0","0","2024-25"
"2026-04-13","51820","Waynesboro","Race and Ethnicity","White","0","0","0","0","0","0","2025-26"
"2024-09-10","51820","Waynesboro","Race and Ethnicity","White","2,814","2,397","6,501","6,026","14.5%","36.4%","2023-24"
"2025-10-07","51820","Waynesboro","Race and Ethnicity","White","2463","2288","5863","5734","0.138","0.347","2024-25"
"2026-04-13","51830","Williamsburg","Age_Group","0-4","0","0","0","0","0","0","2025-26"
"2025-10-07","51830","Williamsburg","Age_Group","0-4","24","20","237","191","0.043","0.411","2024-25"
"2024-09-10","51830","Williamsburg","Age_Group","0-4","30","25","235","198","5.4%","42.6%","2023-24"
"2026-04-13","51830","Williamsburg","Age_Group","12-17","0","0","0","0","0","0","2025-26"
"2024-09-10","51830","Williamsburg","Age_Group","12-17","39","39","174","170","2.0%","8.9%","2023-24"
"2025-10-07","51830","Williamsburg","Age_Group","12-17","50","50","155","155","0.026","0.081","2024-25"
"2026-04-13","51830","Williamsburg","Age_Group","18-30","0","0","0","0","0","0","2025-26"
"2025-10-07","51830","Williamsburg","Age_Group","18-30","239","235","566","560","0.042","0.101","2024-25"
"2024-09-10","51830","Williamsburg","Age_Group","18-30","262","257","614","594","4.6%","10.7%","2023-24"
"2026-04-13","51830","Williamsburg","Age_Group","31-49","0","0","0","0","0","0","2025-26"
"2025-10-07","51830","Williamsburg","Age_Group","31-49","276","271","670","658","0.113","0.275","2024-25"
"2024-09-10","51830","Williamsburg","Age_Group","31-49","332","319","712","676","13.4%","28.3%","2023-24"
"2026-04-13","51830","Williamsburg","Age_Group","50-64","0","0","0","0","0","0","2025-26"
"2025-10-07","51830","Williamsburg","Age_Group","50-64","416","395","730","709","0.193","0.347","2024-25"
"2024-09-10","51830","Williamsburg","Age_Group","50-64","462","435","866","797","21.3%","39.0%","2023-24"
"2026-04-13","51830","Williamsburg","Age_Group","5-11","0","0","0","0","0","0","2025-26"
"2025-10-07","51830","Williamsburg","Age_Group","5-11","29","28","194","192","0.038","0.263","2024-25"
"2024-09-10","51830","Williamsburg","Age_Group","5-11","49","47","230","224","6.4%","30.6%","2023-24"
"2026-04-13","51830","Williamsburg","Age_Group","65+","0","0","0","0","0","0","2025-26"
"2024-09-10","51830","Williamsburg","Age_Group","65+","1,545","1,301","2,110","1,853","46.8%","66.7%","2023-24"
"2025-10-07","51830","Williamsburg","Age_Group","65+","1501","1250","1805","1728","0.45","0.622","2024-25"
"2026-04-13","51830","Williamsburg","Race and Ethnicity","Asian or Pacific Islander","0","0","0","0","0","0","2025-26"
"2025-10-07","51830","Williamsburg","Race and Ethnicity","Asian or Pacific Islander","83","79","192","188","0.087","0.208","2024-25"
"2024-09-10","51830","Williamsburg","Race and Ethnicity","Asian or Pacific Islander","93","88","199","194","9.7%","21.5%","2023-24"
"2026-04-13","51830","Williamsburg","Race and Ethnicity","Black","0","0","0","0","0","0","2025-26"
"2025-10-07","51830","Williamsburg","Race and Ethnicity","Black","232","221","602","580","0.097","0.255","2024-25"
"2024-09-10","51830","Williamsburg","Race and Ethnicity","Black","270","259","662","617","11.4%","27.1%","2023-24"
"2026-04-13","51830","Williamsburg","Age_Group","Female","0","0","0","0","0","0","2025-26"
"2026-04-13","51830","Williamsburg","Race and Ethnicity","Female","0","0","0","0","0","0","2025-26"
"2024-09-10","51830","Williamsburg","Sex","Female","1,532","1,379","2,808","2,567","16.2%","30.1%","2023-24"
"2025-10-07","51830","Williamsburg","Sex","Female","1414","1268","2489","2402","0","0","2024-25"
"2026-04-13","51830","Williamsburg","Sex","Female","904","869","2177","2125","0","0","2025-26"
"2026-04-13","51830","Williamsburg","Race and Ethnicity","Latino","0","0","0","0","0","0","2025-26"
"2025-10-07","51830","Williamsburg","Race and Ethnicity","Latino","63","60","292","273","0.046","0.208","2024-25"
"2026-04-13","51770","Roanoke City","Age_Group","50-64","0","0","0","0","0","0","2025-26"
"2024-09-10","51770","Roanoke City","Age_Group","50-64","2,999","2,791","6,719","6,286","15.4%","34.8%","2023-24"
"2025-10-07","51770","Roanoke City","Age_Group","50-64","2503","2453","5664","5619","0.136","0.311","2024-25"
"2026-04-13","51770","Roanoke City","Age_Group","5-11","0","0","0","0","0","0","2025-26"
"2024-09-10","51770","Roanoke City","Age_Group","5-11","232","232","1,667","1,634","2.8%","19.5%","2023-24"
"2025-10-07","51770","Roanoke City","Age_Group","5-11","270","269","1726","1702","0.032","0.203","2024-25"
"2026-04-13","51770","Roanoke City","Age_Group","65+","0","0","0","0","0","0","2025-26"
"2024-09-10","51770","Roanoke City","Age_Group","65+","6,430","5,541","10,679","9,820","31.2%","55.4%","2023-24"
"2025-10-07","51770","Roanoke City","Age_Group","65+","6478","5832","9604","9489","0.329","0.535","2024-25"
"2026-04-13","51770","Roanoke City","Race and Ethnicity","Asian or Pacific Islander","0","0","0","0","0","0","2025-26"
"2024-09-10","51770","Roanoke City","Race and Ethnicity","Asian or Pacific Islander","281","265","880","826","8.2%","25.6%","2023-24"
"2025-10-07","51770","Roanoke City","Race and Ethnicity","Asian or Pacific Islander","295","276","874","854","0.086","0.265","2024-25"
"2026-04-13","51770","Roanoke City","Race and Ethnicity","Black","0","0","0","0","0","0","2025-26"
"2024-09-10","51770","Roanoke City","Race and Ethnicity","Black","2,235","2,049","6,008","5,552","7.3%","19.7%","2023-24"
"2025-10-07","51770","Roanoke City","Race and Ethnicity","Black","2405","2283","5615","5492","0.081","0.195","2024-25"
"2026-04-13","51770","Roanoke City","Age_Group","Female","0","0","0","0","0","0","2025-26"
"2026-04-13","51770","Roanoke City","Race and Ethnicity","Female","0","0","0","0","0","0","2025-26"
"2026-04-13","51770","Roanoke City","Sex","Female","3780","3669","14158","13793","0","0","2025-26"
"2025-10-07","51770","Roanoke City","Sex","Female","6754","6344","16955","16489","0","0","2024-25"
"2024-09-10","51770","Roanoke City","Sex","Female","7,661","6,918","18,454","17,164","13.5%","33.4%","2023-24"
"2026-04-13","51770","Roanoke City","Race and Ethnicity","Latino","0","0","0","0","0","0","2025-26"
"2025-10-07","51770","Roanoke City","Race and Ethnicity","Latino","467","460","1728","1685","0.063","0.233","2024-25"
"2024-09-10","51830","Williamsburg","Race and Ethnicity","Latino","71","67","304","274","5.1%","20.9%","2023-24"
"2024-09-10","51770","Roanoke City","Race and Ethnicity","Latino","494","470","1,806","1,725","6.5%","23.8%","2023-24"
"2026-04-13","51830","Williamsburg","Age_Group","Male","0","0","0","0","0","0","2025-26"
"2026-04-13","51770","Roanoke City","Age_Group","Male","0","0","0","0","0","0","2025-26"
"2026-04-13","51830","Williamsburg","Race and Ethnicity","Male","0","0","0","0","0","0","2025-26"
"2026-04-13","51770","Roanoke City","Race and Ethnicity","Male","0","0","0","0","0","0","2025-26"
"2024-09-10","51830","Williamsburg","Sex","Male","1,187","1,044","2,129","1,941","14.2%","26.4%","2023-24"
"2026-04-13","51770","Roanoke City","Sex","Male","2812","2733","10344","9987","0","0","2025-26"
"2025-10-07","51830","Williamsburg","Sex","Male","1120","980","1863","1786","0","0","2024-25"
"2024-09-10","51770","Roanoke City","Sex","Male","5,471","4,937","13,603","12,594","10.6%","27.0%","2023-24"
"2026-04-13","51830","Williamsburg","Sex","Male","692","667","1584","1528","0","0","2025-26"
"2025-10-07","51770","Roanoke City","Sex","Male","5469","5126","12567","12165","0","0","2024-25"
"2026-04-13","51830","Williamsburg","Race and Ethnicity","Native American","0","0","0","0","0","0","2025-26"
"2026-04-13","51770","Roanoke City","Race and Ethnicity","Native American","0","0","0","0","0","0","2025-26"
"2024-09-10","51830","Williamsburg","Race and Ethnicity","Native American","29","23","46","39","71.9%","121.9%","2023-24"
"2025-10-07","51770","Roanoke City","Race and Ethnicity","Native American","133","129","324","312","0.529","1.279","2024-25"
"2025-10-07","51830","Williamsburg","Race and Ethnicity","Native American","42","31","48","45","0.969","1.406","2024-25"
"2024-09-10","51770","Roanoke City","Race and Ethnicity","Native American","90","79","212","190","32.4%","77.9%","2023-24"
"2024-09-10","51830","Williamsburg","Sex","Not Reported","0","0","4","4","","","2023-24"
"2026-04-13","51830","Williamsburg","Race and Ethnicity","Not Reported","0","0","0","0","0","0","2025-26"
"2024-09-10","51770","Roanoke City","Sex","Not Reported","0","0","28","27","","","2023-24"
"2026-04-13","51770","Roanoke City","Race and Ethnicity","Not Reported","0","0","0","0","0","0","2025-26"
"2026-04-13","51830","Williamsburg","Sex","Not Reported","0","0","0","0","0","0","2025-26"
"2026-04-13","51770","Roanoke City","Sex","Not Reported","0","0","0","0","0","0","2025-26"
"2025-10-07","51830","Williamsburg","Race and Ethnicity","Not Reported","28","28","195","192","0.002","0.012","2024-25"
"2025-10-07","51770","Roanoke City","Race and Ethnicity","Not Reported","398","392","4607","4181","0.004","0.043","2024-25"
"2024-09-10","51830","Williamsburg","Race and Ethnicity","Not Reported","40","39","260","257","","","2023-24"
"2026-04-13","51830","Williamsburg","Race and Ethnicity","Other Race","0","0","0","0","0","0","2025-26"
"2024-09-10","51830","Williamsburg","Race and Ethnicity","Other Race","25","25","74","69","4.4%","12.1%","2023-24"
"2025-10-07","51830","Williamsburg","Race and Ethnicity","Other Race","43","42","86","85","0.074","0.149","2024-25"
"2026-04-13","51830","Williamsburg","Age_Group","Unknown","0","0","0","0","0","0","2025-26"
"2026-04-13","51830","Williamsburg","Race and Ethnicity","Unknown","0","0","0","0","0","0","2025-26"
"2025-10-07","51830","Williamsburg","Sex","UNKNOWN","1","1","5","5","0","0","2024-25"
"2026-04-13","51830","Williamsburg","Sex","UNKNOWN","1","1","7","7","0","0","2025-26"
"2026-04-13","51830","Williamsburg","Race and Ethnicity","White","0","0","0","0","0","0","2025-26"
"2024-09-10","51830","Williamsburg","Race and Ethnicity","White","2,191","1,922","3,396","3,062","17.8%","28.4%","2023-24"
"2025-10-07","51830","Williamsburg","Race and Ethnicity","White","2044","1788","2942","2830","0.166","0.262","2024-25"
"2026-04-13","51840","Winchester","Age_Group","0-4","0","0","0","0","0","0","2025-26"
"2025-10-07","51840","Winchester","Age_Group","0-4","19","16","695","544","0.009","0.321","2024-25"
"2024-09-10","51840","Winchester","Age_Group","0-4","40","28","732","553","1.7%","32.6%","2023-24"
"2026-04-13","51840","Winchester","Age_Group","12-17","0","0","0","0","0","0","2025-26"
"2024-09-10","51840","Winchester","Age_Group","12-17","44","44","392","385","1.9%","16.3%","2023-24"
"2025-10-07","51840","Winchester","Age_Group","12-17","48","48","373","372","0.02","0.158","2024-25"
"2026-04-13","51840","Winchester","Age_Group","18-30","0","0","0","0","0","0","2025-26"
"2025-10-07","51840","Winchester","Age_Group","18-30","228","224","729","723","0.042","0.137","2024-25"
"2024-09-10","51840","Winchester","Age_Group","18-30","237","227","649","625","4.3%","11.8%","2023-24"
"2026-04-13","51840","Winchester","Age_Group","31-49","0","0","0","0","0","0","2025-26"
"2024-09-10","51840","Winchester","Age_Group","31-49","425","398","1,071","1,028","6.3%","16.3%","2023-24"
"2025-10-07","51840","Winchester","Age_Group","31-49","429","420","1229","1218","0.067","0.193","2024-25"
"2026-04-13","51840","Winchester","Age_Group","50-64","0","0","0","0","0","0","2025-26"
"2025-10-07","51840","Winchester","Age_Group","50-64","626","610","1432","1414","0.12","0.279","2024-25"
"2024-09-10","51840","Winchester","Age_Group","50-64","735","678","1,494","1,426","13.4%","28.2%","2023-24"
"2026-04-13","51840","Winchester","Age_Group","5-11","0","0","0","0","0","0","2025-26"
"2024-09-10","51840","Winchester","Age_Group","5-11","47","45","567","544","1.9%","23.4%","2023-24"
"2025-10-07","51840","Winchester","Age_Group","5-11","49","48","519","513","0.021","0.221","2024-25"
"2026-04-13","51840","Winchester","Age_Group","65+","0","0","0","0","0","0","2025-26"
"2024-09-10","51840","Winchester","Age_Group","65+","1,862","1,615","2,923","2,762","33.4%","57.1%","2023-24"
"2025-10-07","51840","Winchester","Age_Group","65+","1665","1510","2740","2690","0.312","0.556","2024-25"
"2026-04-13","51840","Winchester","Race and Ethnicity","Asian or Pacific Islander","0","0","0","0","0","0","2025-26"
"2025-10-07","51840","Winchester","Race and Ethnicity","Asian or Pacific Islander","112","104","306","292","0.154","0.433","2024-25"
"2024-09-10","51840","Winchester","Race and Ethnicity","Asian or Pacific Islander","126","113","287","261","16.7%","38.7%","2023-24"
"2026-04-13","51840","Winchester","Race and Ethnicity","Black","0","0","0","0","0","0","2025-26"
"2025-10-07","51840","Winchester","Race and Ethnicity","Black","228","223","645","627","0.075","0.211","2024-25"
"2024-09-10","51840","Winchester","Race and Ethnicity","Black","229","199","616","572","6.7%","19.3%","2023-24"
"2026-04-13","51840","Winchester","Age_Group","Female","0","0","0","0","0","0","2025-26"
"2026-04-13","51840","Winchester","Race and Ethnicity","Female","0","0","0","0","0","0","2025-26"
"2024-09-10","51840","Winchester","Sex","Female","1,893","1,699","4,359","4,078","12.1%","29.0%","2023-24"
"2025-10-07","51840","Winchester","Sex","Female","1714","1617","4366","4241","0","0","2024-25"
"2026-04-13","51840","Winchester","Sex","Female","940","918","3787","3701","0","0","2025-26"
"2026-04-13","51840","Winchester","Race and Ethnicity","Latino","0","0","0","0","0","0","2025-26"
"2025-10-07","51840","Winchester","Race and Ethnicity","Latino","140","134","946","879","0.024","0.16","2024-25"
"2024-09-10","51840","Winchester","Race and Ethnicity","Latino","166","161","856","794","2.9%","14.4%","2023-24"
"2026-04-13","51840","Winchester","Age_Group","Male","0","0","0","0","0","0","2025-26"
"2026-04-13","51840","Winchester","Race and Ethnicity","Male","0","0","0","0","0","0","2025-26"
"2024-09-10","51840","Winchester","Sex","Male","1,497","1,336","3,469","3,245","9.7%","23.5%","2023-24"
"2025-10-07","51840","Winchester","Sex","Male","1350","1259","3350","3232","0","0","2024-25"
"2025-10-07","51775","Salem","Sex","Male","1363","1268","3237","3166","0","0","2024-25"
"2026-04-13","51775","Salem","Sex","Male","745","729","2825","2766","0","0","2025-26"
"2026-04-13","51840","Winchester","Race and Ethnicity","Native American","0","0","0","0","0","0","2025-26"
"2026-04-13","51775","Salem","Race and Ethnicity","Native American","0","0","0","0","0","0","2025-26"
"2024-09-10","51840","Winchester","Race and Ethnicity","Native American","27","23","47","44","41.1%","78.6%","2023-24"
"2024-09-10","51775","Salem","Race and Ethnicity","Native American","46","35","62","55","53.8%","84.6%","2023-24"
"2025-10-07","51840","Winchester","Race and Ethnicity","Native American","27","24","57","56","0.429","1","2024-25"
"2026-04-13","51840","Winchester","Race and Ethnicity","Not Reported","0","0","0","0","0","0","2025-26"
"2025-10-07","51775","Salem","Race and Ethnicity","Native American","51","43","79","76","0.662","1.169","2024-25"
"2024-09-10","51775","Salem","Sex","Not Reported","0","0","9","9","","","2023-24"
"2026-04-13","51840","Winchester","Sex","Not Reported","0","0","0","0","0","0","2025-26"
"2026-04-13","51775","Salem","Race and Ethnicity","Not Reported","0","0","0","0","0","0","2025-26"
"2025-10-07","51840","Winchester","Race and Ethnicity","Not Reported","52","52","493","480","0.002","0.017","2024-25"
"2026-04-13","51775","Salem","Sex","Not Reported","0","0","0","0","0","0","2025-26"
"2024-09-10","51840","Winchester","Race and Ethnicity","Not Reported","70","67","732","683","","","2023-24"
"2025-10-07","51775","Salem","Race and Ethnicity","Not Reported","48","48","727","663","0.002","0.026","2024-25"
"2026-04-13","51840","Winchester","Race and Ethnicity","Other Race","0","0","0","0","0","0","2025-26"
"2024-09-10","51840","Winchester","Race and Ethnicity","Other Race","32","27","101","93","3.5%","12.0%","2023-24"
"2024-09-10","51775","Salem","Race and Ethnicity","Not Reported","90","80","848","765","","","2023-24"
"2025-10-07","51840","Winchester","Race and Ethnicity","Other Race","34","33","95","94","0.042","0.121","2024-25"
"2026-04-13","51775","Salem","Race and Ethnicity","Other Race","0","0","0","0","0","0","2025-26"
"2026-04-13","51840","Winchester","Age_Group","Unknown","0","0","0","0","0","0","2025-26"
"2024-09-10","51775","Salem","Race and Ethnicity","Other Race","22","21","84","82","3.6%","14.1%","2023-24"
"2025-10-07","51775","Salem","Race and Ethnicity","Other Race","26","25","90","89","0.043","0.153","2024-25"
"2026-04-13","51840","Winchester","Race and Ethnicity","Unknown","0","0","0","0","0","0","2025-26"
"2026-04-13","51775","Salem","Age_Group","Unknown","0","0","0","0","0","0","2025-26"
"2025-10-07","51840","Winchester","Sex","UNKNOWN","0","0","1","1","0","0","2024-25"
"2026-04-13","51840","Winchester","Sex","UNKNOWN","0","0","10","10","0","0","2025-26"
"2026-04-13","51775","Salem","Race and Ethnicity","Unknown","0","0","0","0","0","0","2025-26"
"2026-04-13","51840","Winchester","Race and Ethnicity","White","0","0","0","0","0","0","2025-26"
"2026-04-13","51775","Salem","Sex","Unknown","0","0","3","3","0","0","2025-26"
"2024-09-10","51840","Winchester","Race and Ethnicity","White","2,740","2,445","5,189","4,876","13.7%","27.3%","2023-24"
"2025-10-07","51775","Salem","Sex","UNKNOWN","1","1","5","5","0","0","2024-25"
"2025-10-07","51840","Winchester","Race and Ethnicity","White","2471","2306","5175","5046","0.129","0.282","2024-25"
"2026-04-13","51775","Salem","Race and Ethnicity","White","0","0","0","0","0","0","2025-26"
"2026-04-13","Not Reported","Not Reported","Age_Group","0-4","0","0","0","0","0","0","2025-26"
"2025-10-07","51775","Salem","Race and Ethnicity","White","2647","2454","5872","5809","0.116","0.275","2024-25"
"2025-10-07","Not Reported","Not Reported","Age_Group","0-4","351","297","5174","4310","0","0","2024-25"
"2024-09-10","51775","Salem","Race and Ethnicity","White","3,091","2,648","6,642","6,207","12.5%","29.4%","2023-24"
"2024-09-10","Not Reported","Not Reported","Age_Group","0-4","658","598","4,558","4,026","","","2023-24"
"2026-04-13","51790","Staunton","Age_Group","0-4","0","0","0","0","0","0","2025-26"
"2026-04-13","Not Reported","Not Reported","Age_Group","12-17","0","0","0","0","0","0","2025-26"
"2025-10-07","51790","Staunton","Age_Group","0-4","38","32","522","419","0.021","0.27","2024-25"
"2025-10-07","Not Reported","Not Reported","Age_Group","12-17","1847","1832","7073","7038","0","0","2024-25"
"2024-09-10","51790","Staunton","Age_Group","0-4","92","67","587","475","4.3%","30.6%","2023-24"
"2024-09-10","Not Reported","Not Reported","Age_Group","12-17","2,388","2,346","6,257","6,132","","","2023-24"
"2026-04-13","51790","Staunton","Age_Group","12-17","0","0","0","0","0","0","2025-26"
"2026-04-13","Not Reported","Not Reported","Age_Group","18-30","0","0","0","0","0","0","2025-26"
"2025-10-07","51790","Staunton","Age_Group","12-17","115","112","393","393","0.068","0.237","2024-25"
"2025-10-07","Not Reported","Not Reported","Age_Group","18-30","10006","9931","31057","30961","0","0","2024-25"
"2024-09-10","51790","Staunton","Age_Group","12-17","132","130","426","422","7.8%","25.4%","2023-24"
"2024-09-10","Not Reported","Not Reported","Age_Group","18-30","11,875","11,636","27,671","27,164","","","2023-24"
"2026-04-13","51790","Staunton","Age_Group","18-30","0","0","0","0","0","0","2025-26"
"2025-10-07","51790","Staunton","Age_Group","18-30","203","199","611","606","0.047","0.144","2024-25"
"2026-04-13","Not Reported","Not Reported","Age_Group","31-49","0","0","0","0","0","0","2025-26"
"2025-10-07","Not Reported","Not Reported","Age_Group","31-49","17776","17609","39885","39706","0","0","2024-25"
"2024-09-10","51790","Staunton","Age_Group","18-30","223","211","686","651","5.0%","15.4%","2023-24"
"2024-09-10","Not Reported","Not Reported","Age_Group","31-49","19,732","19,232","31,965","31,222","","","2023-24"
"2026-04-13","51790","Staunton","Age_Group","31-49","0","0","0","0","0","0","2025-26"
"2025-10-07","51790","Staunton","Age_Group","31-49","649","635","1495","1489","0.101","0.236","2024-25"
"2026-04-13","Not Reported","Not Reported","Age_Group","50-64","0","0","0","0","0","0","2025-26"
"2024-09-10","Not Reported","Not Reported","Age_Group","50-64","14,278","13,816","18,123","17,549","","","2023-24"
"2024-09-10","51790","Staunton","Age_Group","31-49","710","671","1,628","1,560","10.6%","24.7%","2023-24"
"2026-04-13","51790","Staunton","Age_Group","50-64","0","0","0","0","0","0","2025-26"
"2025-10-07","Not Reported","Not Reported","Age_Group","50-64","16106","15769","32359","32083","0","0","2024-25"
"2026-04-13","Not Reported","Not Reported","Age_Group","5-11","0","0","0","0","0","0","2025-26"
"2025-10-07","51790","Staunton","Age_Group","50-64","830","811","1595","1584","0.17","0.331","2024-25"
"2024-09-10","51790","Staunton","Age_Group","50-64","977","888","1,855","1,726","18.6%","36.1%","2023-24"
"2025-10-07","Not Reported","Not Reported","Age_Group","5-11","1933","1922","9653","9430","0","0","2024-25"
"2024-09-10","Not Reported","Not Reported","Age_Group","5-11","2,599","2,584","8,831","8,530","","","2023-24"
"2026-04-13","51790","Staunton","Age_Group","5-11","0","0","0","0","0","0","2025-26"
"2026-04-13","Not Reported","Not Reported","Age_Group","65+","0","0","0","0","0","0","2025-26"
"2025-10-07","51790","Staunton","Age_Group","5-11","113","113","477","473","0.062","0.259","2024-25"
"2024-09-10","Not Reported","Not Reported","Age_Group","65+","19,786","18,440","20,019","19,157","","","2023-24"
"2024-09-10","51790","Staunton","Age_Group","5-11","93","93","539","533","5.1%","29.2%","2023-24"
"2026-04-13","51790","Staunton","Age_Group","65+","0","0","0","0","0","0","2025-26"
"2025-10-07","Not Reported","Not Reported","Age_Group","65+","36716","33072","56272","55538","0","0","2024-25"
"2025-10-07","51790","Staunton","Age_Group","65+","2634","2359","3666","3620","0.427","0.656","2024-25"
"2026-04-13","Not Reported","Not Reported","Race and Ethnicity","Asian or Pacific Islander","0","0","0","0","0","0","2025-26"
"2024-09-10","51790","Staunton","Age_Group","65+","3,129","2,520","4,241","3,841","45.7%","69.6%","2023-24"
"2025-10-07","Not Reported","Not Reported","Race and Ethnicity","Asian or Pacific Islander","4350","4146","9385","9199","0","0","2024-25"
"2026-04-13","51790","Staunton","Race and Ethnicity","Asian or Pacific Islander","0","0","0","0","0","0","2025-26"
"2024-09-10","Not Reported","Not Reported","Race and Ethnicity","Asian or Pacific Islander","7,466","7,236","11,324","10,893","","","2023-24"
"2025-10-07","51790","Staunton","Race and Ethnicity","Asian or Pacific Islander","66","62","166","161","0.169","0.439","2024-25"
"2026-04-13","Not Reported","Not Reported","Race and Ethnicity","Black","0","0","0","0","0","0","2025-26"
"2025-10-07","Not Reported","Not Reported","Race and Ethnicity","Black","10490","9975","20638","20207","0","0","2024-25"
"2024-09-10","51790","Staunton","Race and Ethnicity","Asian or Pacific Islander","77","67","163","156","18.3%","42.5%","2023-24"
"2024-09-10","Not Reported","Not Reported","Race and Ethnicity","Black","6,269","6,007","8,658","8,252","","","2023-24"
"2026-04-13","51790","Staunton","Race and Ethnicity","Black","0","0","0","0","0","0","2025-26"
"2025-10-07","51790","Staunton","Race and Ethnicity","Black","385","372","852","833","0.13","0.291","2024-25"
"2026-04-13","Not Reported","Not Reported","Age_Group","Female","0","0","0","0","0","0","2025-26"
"2026-04-13","Not Reported","Not Reported","Race and Ethnicity","Female","0","0","0","0","0","0","2025-26"
"2024-09-10","51790","Staunton","Race and Ethnicity","Black","405","363","956","880","12.7%","30.7%","2023-24"
"2024-09-10","Not Reported","Not Reported","Sex","Female","37,420","36,073","60,078","58,121","","","2023-24"
"2026-04-13","51790","Staunton","Age_Group","Female","0","0","0","0","0","0","2025-26"
"2025-10-07","Not Reported","Not Reported","Sex","Female","46031","43733","98521","97229","0","0","2024-25"
"2026-04-13","51790","Staunton","Race and Ethnicity","Female","0","0","0","0","0","0","2025-26"
"2026-04-13","Not Reported","Not Reported","Sex","Female","82401","74893","242627","235105","0","0","2025-26"
"2026-04-13","Not Reported","Not Reported","Race and Ethnicity","Latino","0","0","0","0","0","0","2025-26"
"2025-10-07","Not Reported","Not Reported","Race and Ethnicity","Latino","3403","3290","9958","9640","0","0","2024-25"
"2024-09-10","Not Reported","Not Reported","Race and Ethnicity","Latino","5,940","5,821","10,235","9,862","","","2023-24"
"2026-04-13","Not Reported","Not Reported","Age_Group","Male","0","0","0","0","0","0","2025-26"
"2026-04-13","Not Reported","Not Reported","Race and Ethnicity","Male","0","0","0","0","0","0","2025-26"
"2024-09-10","Not Reported","Not Reported","Sex","Male","33,834","32,520","56,017","54,341","","","2023-24"
"2025-10-07","Not Reported","Not Reported","Sex","Male","38637","36637","82052","80941","0","0","2024-25"
"2026-04-13","Not Reported","Not Reported","Sex","Male","66370","59865","193023","186326","0","0","2025-26"
"2026-04-13","Not Reported","Not Reported","Race and Ethnicity","Native American","0","0","0","0","0","0","2025-26"
"2024-09-10","Not Reported","Not Reported","Race and Ethnicity","Native American","465","433","591","547","","","2023-24"
"2025-10-07","Not Reported","Not Reported","Race and Ethnicity","Native American","861","766","1322","1303","0","0","2024-25"
"2026-04-13","Not Reported","Not Reported","Race and Ethnicity","Not Reported","0","0","0","0","0","0","2025-26"
"2026-04-13","Not Reported","Not Reported","Sex","Not Reported","0","0","0","0","0","0","2025-26"
"2024-09-10","Not Reported","Not Reported","Race and Ethnicity","Not Reported","16,049","15,824","39,387","38,797","","","2023-24"
"2025-10-07","Not Reported","Not Reported","Race and Ethnicity","Not Reported","19386","19248","52646","52335","0","0","2024-25"
"2024-09-10","Not Reported","Not Reported","Sex","Not Reported","62","59","1,329","1,318","","","2023-24"
"2025-10-07","Not Reported","Not Reported","Sex","OTHER","0","0","1","1","0","0","2024-25"
"2026-04-13","Not Reported","Not Reported","Race and Ethnicity","Other Race","0","0","0","0","0","0","2025-26"
"2024-09-10","Not Reported","Not Reported","Race and Ethnicity","Other Race","4,053","3,856","8,005","7,682","","","2023-24"
"2025-10-07","Not Reported","Not Reported","Race and Ethnicity","Other Race","5796","5650","11508","11428","0","0","2024-25"
"2026-04-13","Not Reported","Not Reported","Age_Group","Unknown","0","0","0","0","0","0","2025-26"
"2026-04-13","Not Reported","Not Reported","Race and Ethnicity","Unknown","0","0","0","0","0","0","2025-26"
"2025-10-07","Not Reported","Not Reported","Sex","UNKNOWN","67","62","899","895","0","0","2024-25"
"2026-04-13","Not Reported","Not Reported","Sex","UNKNOWN","78","74","667","666","0","0","2025-26"
"2026-04-13","Not Reported","Not Reported","Race and Ethnicity","White","0","0","0","0","0","0","2025-26"
"2024-09-10","Not Reported","Not Reported","Race and Ethnicity","White","31,074","29,475","39,224","37,747","","","2023-24"
"2025-10-07","Not Reported","Not Reported","Race and Ethnicity","White","40449","37357","76016","74954","0","0","2024-25"
"2026-04-13","Out-of-State","Out-of-State","Age_Group","0-4","0","0","0","0","0","0","2025-26"
"2024-09-10","Out-of-State","Out-of-State","Age_Group","0-4","1,695","1,285","7,622","5,829","","","2023-24"
"2025-10-07","Out-of-State","Out-of-State","Age_Group","0-4","1172","962","6941","5562","0","0","2024-25"
"2026-04-13","Out-of-State","Out-of-State","Age_Group","12-17","0","0","0","0","0","0","2025-26"
"2025-10-07","Out-of-State","Out-of-State","Age_Group","12-17","939","932","3977","3962","0","0","2024-25"
"2024-09-10","Out-of-State","Out-of-State","Age_Group","12-17","970","954","4,385","4,243","","","2023-24"
"2026-04-13","Out-of-State","Out-of-State","Age_Group","18-30","0","0","0","0","0","0","2025-26"
"2025-10-07","Out-of-State","Out-of-State","Age_Group","18-30","6139","6057","16555","16491","0","0","2024-25"
"2024-09-10","Out-of-State","Out-of-State","Age_Group","18-30","7,089","6,853","17,457","16,999","","","2023-24"
"2026-04-13","Out-of-State","Out-of-State","Age_Group","31-49","0","0","0","0","0","0","2025-26"
"2025-10-07","Out-of-State","Out-of-State","Age_Group","31-49","11694","11456","24862","24747","0","0","2024-25"
"2024-09-10","Out-of-State","Out-of-State","Age_Group","31-49","13,414","12,829","24,645","23,819","","","2023-24"
"2026-04-13","Out-of-State","Out-of-State","Age_Group","50-64","0","0","0","0","0","0","2025-26"
"2025-10-07","Out-of-State","Out-of-State","Age_Group","50-64","8271","8052","18540","18428","0","0","2024-25"
"2024-09-10","Out-of-State","Out-of-State","Age_Group","50-64","9,250","8,774","19,022","18,315","","","2023-24"
"2026-04-13","Out-of-State","Out-of-State","Age_Group","5-11","0","0","0","0","0","0","2025-26"
"2024-09-10","Out-of-State","Out-of-State","Age_Group","5-11","1,352","1,342","6,117","5,872","","","2023-24"
"2025-10-07","Out-of-State","Out-of-State","Age_Group","5-11","1364","1356","5563","5535","0","0","2024-25"
"2026-04-13","Out-of-State","Out-of-State","Age_Group","65+","0","0","0","0","0","0","2025-26"
"2026-04-13","51800","Suffolk","Age_Group","65+","0","0","0","0","0","0","2025-26"
"2025-10-07","Out-of-State","Out-of-State","Race and Ethnicity","Asian or Pacific Islander","3730","3571","7056","6952","0","0","2024-25"
"2024-09-10","Out-of-State","Out-of-State","Race and Ethnicity","Asian or Pacific Islander","4,690","4,422","7,646","7,239","","","2023-24"
"2024-09-10","51800","Suffolk","Age_Group","65+","5,505","4,889","10,551","9,340","32.4%","61.8%","2023-24"
"2026-04-13","Out-of-State","Out-of-State","Race and Ethnicity","Black","0","0","0","0","0","0","2025-26"
"2025-10-07","51800","Suffolk","Age_Group","65+","5086","4668","9322","9090","0.309","0.602","2024-25"
"2026-04-13","51800","Suffolk","Race and Ethnicity","Asian or Pacific Islander","0","0","0","0","0","0","2025-26"
"2024-09-10","Out-of-State","Out-of-State","Race and Ethnicity","Black","6,090","5,721","13,505","12,808","","","2023-24"
"2025-10-07","51800","Suffolk","Race and Ethnicity","Asian or Pacific Islander","310","297","960","932","0.135","0.424","2024-25"
"2025-10-07","Out-of-State","Out-of-State","Race and Ethnicity","Black","6086","5800","13345","13106","0","0","2024-25"
"2024-09-10","51800","Suffolk","Race and Ethnicity","Asian or Pacific Islander","324","298","851","788","13.5%","35.8%","2023-24"
"2026-04-13","Out-of-State","Out-of-State","Age_Group","Female","0","0","0","0","0","0","2025-26"
"2026-04-13","51800","Suffolk","Race and Ethnicity","Black","0","0","0","0","0","0","2025-26"
"2026-04-13","Out-of-State","Out-of-State","Race and Ethnicity","Female","0","0","0","0","0","0","2025-26"
"2025-10-07","51800","Suffolk","Race and Ethnicity","Black","3971","3778","11541","11173","0.091","0.269","2024-25"
"2026-04-13","Out-of-State","Out-of-State","Sex","Female","23607","22243","61052","60344","0","0","2025-26"
"2024-09-10","51800","Suffolk","Race and Ethnicity","Black","4,337","4,017","12,237","11,196","9.7%","26.9%","2023-24"
"2025-10-07","Out-of-State","Out-of-State","Sex","Female","24701","23438","56095","55075","0","0","2024-25"
"2026-04-13","51800","Suffolk","Age_Group","Female","0","0","0","0","0","0","2025-26"
"2024-09-10","Out-of-State","Out-of-State","Sex","Female","26,747","24,818","57,590","54,771","","","2023-24"
"2026-04-13","51800","Suffolk","Race and Ethnicity","Female","0","0","0","0","0","0","2025-26"
"2026-04-13","Out-of-State","Out-of-State","Race and Ethnicity","Latino","0","0","0","0","0","0","2025-26"
"2026-04-13","51800","Suffolk","Sex","Female","2886","2795","14112","13772","0","0","2025-26"
"2024-09-10","Out-of-State","Out-of-State","Race and Ethnicity","Latino","2,765","2,618","6,155","5,808","","","2023-24"
"2025-10-07","51800","Suffolk","Sex","Female","5388","5085","16813","16303","0","0","2024-25"
"2025-10-07","Out-of-State","Out-of-State","Race and Ethnicity","Latino","2265","2192","6003","5866","0","0","2024-25"
"2024-09-10","51800","Suffolk","Sex","Female","6,077","5,605","18,072","16,537","11.1%","32.9%","2023-24"
"2026-04-13","Out-of-State","Out-of-State","Age_Group","Male","0","0","0","0","0","0","2025-26"
"2026-04-13","Out-of-State","Out-of-State","Race and Ethnicity","Male","0","0","0","0","0","0","2025-26"
"2026-04-13","51800","Suffolk","Race and Ethnicity","Latino","0","0","0","0","0","0","2025-26"
"2026-04-13","Out-of-State","Out-of-State","Sex","Male","17944","16791","48122","47473","0","0","2025-26"
"2024-09-10","51800","Suffolk","Race and Ethnicity","Latino","289","271","1,118","1,013","5.3%","19.8%","2023-24"
"2025-10-07","51800","Suffolk","Race and Ethnicity","Latino","297","282","1268","1193","0.055","0.233","2024-25"
"2025-10-07","Out-of-State","Out-of-State","Sex","Male","20295","19158","45988","45056","0","0","2024-25"
"2026-04-13","51800","Suffolk","Age_Group","Male","0","0","0","0","0","0","2025-26"
"2024-09-10","Out-of-State","Out-of-State","Sex","Male","21,670","20,028","47,216","44,598","","","2023-24"
"2026-04-13","Out-of-State","Out-of-State","Race and Ethnicity","Native American","0","0","0","0","0","0","2025-26"
"2026-04-13","51800","Suffolk","Race and Ethnicity","Male","0","0","0","0","0","0","2025-26"
"2026-04-13","51800","Suffolk","Sex","Male","2223","2146","10625","10296","0","0","2025-26"
"2025-10-07","Out-of-State","Out-of-State","Race and Ethnicity","Native American","449","415","868","850","0","0","2024-25"
"2024-09-10","Out-of-State","Out-of-State","Race and Ethnicity","Native American","488","426","757","707","","","2023-24"
"2024-09-10","51800","Suffolk","Sex","Male","4,640","4,218","13,328","12,141","8.8%","25.2%","2023-24"
"2025-10-07","51800","Suffolk","Sex","Male","4146","3892","12334","11885","0","0","2024-25"
"2026-04-13","Out-of-State","Out-of-State","Race and Ethnicity","Not Reported","0","0","0","0","0","0","2025-26"
"2026-04-13","Out-of-State","Out-of-State","Sex","Not Reported","0","0","0","0","0","0","2025-26"
"2026-04-13","51800","Suffolk","Race and Ethnicity","Native American","0","0","0","0","0","0","2025-26"
"2025-10-07","51800","Suffolk","Race and Ethnicity","Native American","110","100","280","276","0.347","0.958","2024-25"
"2024-09-10","Out-of-State","Out-of-State","Race and Ethnicity","Not Reported","2,812","2,586","15,815","14,928","","","2023-24"
"2025-10-07","Out-of-State","Out-of-State","Race and Ethnicity","Not Reported","2485","2405","13459","13001","0","0","2024-25"
"2024-09-10","Out-of-State","Out-of-State","Sex","Not Reported","4","4","420","414","","","2023-24"
"2026-04-13","Out-of-State","Out-of-State","Sex","OTHER","0","0","0","0","0","0","2025-26"
"2026-04-13","Out-of-State","Out-of-State","Race and Ethnicity","Other Race","0","0","0","0","0","0","2025-26"
"2024-09-10","Out-of-State","Out-of-State","Race and Ethnicity","Other Race","1,360","1,287","3,330","3,156","","","2023-24"
"2025-10-07","Out-of-State","Out-of-State","Race and Ethnicity","Other Race","3950","3783","7502","7478","0","0","2024-25"
"2026-04-13","Out-of-State","Out-of-State","Age_Group","Unknown","0","0","0","0","0","0","2025-26"
"2026-04-13","Out-of-State","Out-of-State","Race and Ethnicity","Unknown","0","0","0","0","0","0","2025-26"
"2025-10-07","Out-of-State","Out-of-State","Sex","UNKNOWN","17","17","403","403","0","0","2024-25"
"2026-04-13","Out-of-State","Out-of-State","Sex","UNKNOWN","18","16","223","221","0","0","2025-26"
"2026-04-13","Out-of-State","Out-of-State","Race and Ethnicity","White","0","0","0","0","0","0","2025-26"
"2025-10-07","Out-of-State","Out-of-State","Race and Ethnicity","White","26048","24447","54253","53281","0","0","2024-25"
"2024-09-10","Out-of-State","Out-of-State","Race and Ethnicity","White","30,216","27,790","58,018","55,137","","","2023-24"
"2024-09-10","51800","Suffolk","Race and Ethnicity","Native American","129","116","277","247","40.3%","85.8%","2023-24"
"2026-04-13","51800","Suffolk","Race and Ethnicity","Not Reported","0","0","0","0","0","0","2025-26"
"2026-04-13","51800","Suffolk","Sex","Not Reported","0","0","0","0","0","0","2025-26"
"2024-09-10","51800","Suffolk","Race and Ethnicity","Not Reported","142","133","1,460","1,368","","","2023-24"
"2024-09-10","51800","Suffolk","Sex","Not Reported","5","4","103","100","","","2023-24"
"2025-10-07","51800","Suffolk","Race and Ethnicity","Not Reported","83","79","932","897","0.001","0.009","2024-25"
"2026-04-13","51800","Suffolk","Sex","OTHER","0","0","0","0","0","0","2025-26"
"2025-10-07","51800","Suffolk","Sex","OTHER","0","0","1","1","0","0","2024-25"
"2026-04-13","51800","Suffolk","Race and Ethnicity","Other Race","0","0","0","0","0","0","2025-26"
"2025-10-07","51800","Suffolk","Race and Ethnicity","Other Race","81","77","414","403","0.028","0.148","2024-25"
"2024-09-10","51800","Suffolk","Race and Ethnicity","Other Race","93","86","349","332","3.2%","12.2%","2023-24"
"2026-04-13","51800","Suffolk","Age_Group","Unknown","0","0","0","0","0","0","2025-26"
"2026-04-13","51800","Suffolk","Race and Ethnicity","Unknown","0","0","0","0","0","0","2025-26"
"2026-04-13","51800","Suffolk","Sex","UNKNOWN","3","3","63","63","0","0","2025-26"
"2025-10-07","51800","Suffolk","Sex","UNKNOWN","6","5","78","78","0","0","2024-25"
"2026-04-13","51800","Suffolk","Race and Ethnicity","White","0","0","0","0","0","0","2025-26"
"2025-10-07","51800","Suffolk","Race and Ethnicity","White","4688","4369","13831","13393","0.094","0.287","2024-25"
"2024-09-10","51800","Suffolk","Race and Ethnicity","White","5,408","4,906","15,211","13,834","10.5%","29.6%","2023-24"
"2026-04-13","51810","Virginia Beach","Age_Group","0-4","0","0","0","0","0","0","2025-26"
"2024-09-10","51810","Virginia Beach","Age_Group","0-4","584","479","11,718","9,336","1.8%","35.2%","2023-24"
"2025-10-07","51810","Virginia Beach","Age_Group","0-4","595","489","11056","8930","0.018","0.337","2024-25"
"2026-04-13","51810","Virginia Beach","Age_Group","12-17","0","0","0","0","0","0","2025-26"
"2024-09-10","51810","Virginia Beach","Age_Group","12-17","1,502","1,446","7,952","7,760","4.4%","23.9%","2023-24"
"2025-10-07","51810","Virginia Beach","Age_Group","12-17","1389","1385","7342","7318","0.043","0.225","2024-25"
"2026-04-13","51810","Virginia Beach","Age_Group","18-30","0","0","0","0","0","0","2025-26"
"2024-09-10","51810","Virginia Beach","Age_Group","18-30","2,842","2,727","12,102","11,569","3.3%","14.1%","2023-24"
"2025-10-07","51810","Virginia Beach","Age_Group","18-30","2504","2459","11197","11117","0.03","0.136","2024-25"
"2026-04-13","51810","Virginia Beach","Age_Group","31-49","0","0","0","0","0","0","2025-26"
"2025-10-07","51810","Virginia Beach","Age_Group","31-49","6113","5962","22908","22742","0.05","0.191","2024-25"
"2024-09-10","51810","Virginia Beach","Age_Group","31-49","7,133","6,781","24,427","23,197","5.7%","19.5%","2023-24"
"2026-04-13","51810","Virginia Beach","Age_Group","50-64","0","0","0","0","0","0","2025-26"
"2025-10-07","51810","Virginia Beach","Age_Group","50-64","10371","10010","25475","25144","0.119","0.3","2024-25"
"2024-09-10","51810","Virginia Beach","Age_Group","50-64","12,702","11,895","28,488","26,425","14.2%","31.5%","2023-24"
"2026-04-13","51810","Virginia Beach","Age_Group","5-11","0","0","0","0","0","0","2025-26"
"2024-09-10","51810","Virginia Beach","Age_Group","5-11","1,075","1,060","10,789","10,543","2.7%","27.1%","2023-24"
"2025-10-07","51810","Virginia Beach","Age_Group","5-11","1121","1111","9884","9848","0.029","0.253","2024-25"
"2026-04-13","51810","Virginia Beach","Age_Group","65+","0","0","0","0","0","0","2025-26"
"2025-10-07","51810","Virginia Beach","Age_Group","65+","27889","24710","44368","43387","0.338","0.594","2024-25"
"2024-09-10","51810","Virginia Beach","Age_Group","65+","29,986","25,722","49,859","43,918","35.2%","60.2%","2023-24"
"2026-04-13","51810","Virginia Beach","Race and Ethnicity","Asian or Pacific Islander","0","0","0","0","0","0","2025-26"
"2024-09-10","51810","Virginia Beach","Race and Ethnicity","Asian or Pacific Islander","4,617","4,308","14,003","12,898","12.2%","36.6%","2023-24"
"2025-10-07","51810","Virginia Beach","Race and Ethnicity","Asian or Pacific Islander","4325","4134","13734","13393","0.117","0.38","2024-25"
"2026-04-13","51810","Virginia Beach","Race and Ethnicity","Black","0","0","0","0","0","0","2025-26"
"2025-10-07","51810","Virginia Beach","Race and Ethnicity","Black","7847","7384","21994","21311","0.085","0.245","2024-25"
"2024-09-10","51810","Virginia Beach","Race and Ethnicity","Black","8,538","7,845","23,651","21,638","9.0%","24.8%","2023-24"
"2026-04-13","51810","Virginia Beach","Age_Group","Female","0","0","0","0","0","0","2025-26"
"2026-04-13","51810","Virginia Beach","Race and Ethnicity","Female","0","0","0","0","0","0","2025-26"
"2026-04-13","51085","Hanover","Race and Ethnicity","Not Reported","0","0","0","0","0","0","2025-26"
"2026-04-13","51085","Hanover","Sex","Not Reported","0","0","0","0","0","0","2025-26"
"2025-10-07","51085","Hanover","Race and Ethnicity","Not Reported","166","162","1614","1491","0.001","0.013","2024-25"
"2024-09-10","51085","Hanover","Race and Ethnicity","Not Reported","256","242","2,172","1,979","","","2023-24"
"2026-04-13","51085","Hanover","Race and Ethnicity","Other Race","0","0","0","0","0","0","2025-26"
"2024-09-10","51085","Hanover","Race and Ethnicity","Other Race","106","95","584","535","4.1%","22.9%","2023-24"
"2025-10-07","51085","Hanover","Race and Ethnicity","Other Race","129","121","588","552","0.052","0.237","2024-25"
"2026-04-13","51085","Hanover","Age_Group","Unknown","0","0","0","0","0","0","2025-26"
"2026-04-13","51085","Hanover","Race and Ethnicity","Unknown","0","0","0","0","0","0","2025-26"
"2026-04-13","51085","Hanover","Sex","UNKNOWN","2","2","5","5","0","0","2025-26"
"2025-10-07","51085","Hanover","Sex","UNKNOWN","2","2","6","6","0","0","2024-25"
"2026-04-13","51085","Hanover","Race and Ethnicity","White","0","0","0","0","0","0","2025-26"
"2025-10-07","51085","Hanover","Race and Ethnicity","White","11221","10659","26193","25762","0.115","0.277","2024-25"
"2024-09-10","51085","Hanover","Race and Ethnicity","White","13,065","11,853","28,870","27,347","12.7%","29.4%","2023-24"
"2026-04-13","51087","Henrico","Age_Group","0-4","0","0","0","0","0","0","2025-26"
"2024-09-10","51087","Henrico","Age_Group","0-4","2,001","1,554","9,203","7,485","8.2%","39.3%","2023-24"
"2025-10-07","51087","Henrico","Age_Group","0-4","356","291","9160","7397","0.015","0.389","2024-25"
"2026-04-13","51087","Henrico","Age_Group","12-17","0","0","0","0","0","0","2025-26"
"2025-10-07","51087","Henrico","Age_Group","12-17","1819","1802","6493","6458","0.074","0.264","2024-25"
"2024-09-10","51087","Henrico","Age_Group","12-17","2,044","1,978","7,007","6,829","8.1%","27.9%","2023-24"
"2026-04-13","51087","Henrico","Age_Group","18-30","0","0","0","0","0","0","2025-26"
"2024-09-10","51087","Henrico","Age_Group","18-30","3,464","3,313","9,654","9,290","6.1%","17.2%","2023-24"
"2025-10-07","51087","Henrico","Age_Group","18-30","3084","3025","8900","8832","0.056","0.163","2024-25"
"2026-04-13","51087","Henrico","Age_Group","31-49","0","0","0","0","0","0","2025-26"
"2025-10-07","51087","Henrico","Age_Group","31-49","7988","7879","19446","19340","0.09","0.222","2024-25"
"2024-09-10","51087","Henrico","Age_Group","31-49","9,391","8,875","21,157","20,414","10.2%","23.4%","2023-24"
"2026-04-13","51087","Henrico","Age_Group","50-64","0","0","0","0","0","0","2025-26"
"2025-10-07","51087","Henrico","Age_Group","50-64","10283","10027","20145","20031","0.157","0.313","2024-25"
"2024-09-10","51087","Henrico","Age_Group","50-64","12,436","11,503","22,452","21,268","18.0%","33.2%","2023-24"
"2026-04-13","51087","Henrico","Age_Group","5-11","0","0","0","0","0","0","2025-26"
"2025-10-07","51087","Henrico","Age_Group","5-11","1994","1980","8562","8464","0.071","0.302","2024-25"
"2024-09-10","51087","Henrico","Age_Group","5-11","2,053","2,030","8,849","8,635","7.2%","30.8%","2023-24"
"2026-04-13","51087","Henrico","Age_Group","65+","0","0","0","0","0","0","2025-26"
"2025-10-07","51087","Henrico","Age_Group","65+","23908","21562","34040","33737","0.377","0.59","2024-25"
"2024-09-10","51087","Henrico","Age_Group","65+","25,179","21,385","35,667","33,028","37.4%","57.8%","2023-24"
"2026-04-13","51087","Henrico","Race and Ethnicity","Asian or Pacific Islander","0","0","0","0","0","0","2025-26"
"2025-10-07","51087","Henrico","Race and Ethnicity","Asian or Pacific Islander","3851","3714","11646","11405","0.111","0.34","2024-25"
"2024-09-10","51087","Henrico","Race and Ethnicity","Asian or Pacific Islander","4,746","4,433","11,918","11,218","13.2%","33.5%","2023-24"
"2026-04-13","51087","Henrico","Race and Ethnicity","Black","0","0","0","0","0","0","2025-26"
"2024-09-10","51087","Henrico","Race and Ethnicity","Black","11,931","10,924","24,420","22,951","10.9%","22.9%","2023-24"
"2025-10-07","51087","Henrico","Race and Ethnicity","Black","11476","10868","22262","21851","0.109","0.218","2024-25"
"2026-04-13","51087","Henrico","Age_Group","Female","0","0","0","0","0","0","2025-26"
"2026-04-13","51087","Henrico","Race and Ethnicity","Female","0","0","0","0","0","0","2025-26"
"2026-04-13","51087","Henrico","Sex","Female","17940","17461","54763","53771","0","0","2025-26"
"2025-10-07","51087","Henrico","Sex","Female","28471","26817","61111","59840","0","0","2024-25"
"2024-09-10","51087","Henrico","Sex","Female","32,839","29,466","65,456","61,574","16.9%","35.3%","2023-24"
"2026-04-13","51087","Henrico","Race and Ethnicity","Latino","0","0","0","0","0","0","2025-26"
"2024-09-10","51087","Henrico","Race and Ethnicity","Latino","1,913","1,761","6,482","6,090","8.2%","28.4%","2023-24"
"2025-10-07","51087","Henrico","Race and Ethnicity","Latino","1802","1729","6620","6381","0.081","0.298","2024-25"
"2026-04-13","51087","Henrico","Age_Group","Male","0","0","0","0","0","0","2025-26"
"2026-04-13","51087","Henrico","Race and Ethnicity","Male","0","0","0","0","0","0","2025-26"
"2026-04-13","51087","Henrico","Sex","Male","13064","12645","40107","39216","0","0","2025-26"
"2025-10-07","51087","Henrico","Sex","Male","20955","19744","45617","44401","0","0","2024-25"
"2024-09-10","51087","Henrico","Sex","Male","23,727","21,170","48,480","45,322","13.3%","28.4%","2023-24"
"2026-04-13","51087","Henrico","Race and Ethnicity","Native American","0","0","0","0","0","0","2025-26"
"2024-09-10","51087","Henrico","Race and Ethnicity","Native American","802","710","1,437","1,324","85.6%","159.7%","2023-24"
"2025-10-07","51087","Henrico","Race and Ethnicity","Native American","935","867","1703","1689","1.046","2.037","2024-25"
"2026-04-13","51087","Henrico","Race and Ethnicity","Not Reported","0","0","0","0","0","0","2025-26"
"2026-04-13","51087","Henrico","Sex","Not Reported","0","0","0","0","0","0","2025-26"
"2024-09-10","51087","Henrico","Race and Ethnicity","Not Reported","1,037","949","5,547","5,046","","","2023-24"
"2024-09-10","51087","Henrico","Sex","Not Reported","2","2","53","53","","","2023-24"
"2025-10-07","51087","Henrico","Race and Ethnicity","Not Reported","541","529","4576","4179","0.002","0.013","2024-25"
"2026-04-13","51087","Henrico","Sex","OTHER","0","0","0","0","0","0","2025-26"
"2025-10-07","51087","Henrico","Sex","OTHER","0","0","5","5","0","0","2024-25"
"2026-04-13","51087","Henrico","Race and Ethnicity","Other Race","0","0","0","0","0","0","2025-26"
"2024-09-10","51087","Henrico","Race and Ethnicity","Other Race","566","520","2,276","2,089","6.0%","24.1%","2023-24"
"2025-10-07","51087","Henrico","Race and Ethnicity","Other Race","578","550","2558","2348","0.063","0.271","2024-25"
"2026-04-13","51087","Henrico","Age_Group","Unknown","0","0","0","0","0","0","2025-26"
"2026-04-13","51087","Henrico","Race and Ethnicity","Unknown","0","0","0","0","0","0","2025-26"
"2025-10-07","51087","Henrico","Sex","UNKNOWN","6","5","13","13","0","0","2024-25"
"2026-04-13","51087","Henrico","Sex","UNKNOWN","7","7","29","29","0","0","2025-26"
"2026-04-13","51087","Henrico","Race and Ethnicity","White","0","0","0","0","0","0","2025-26"
"2025-10-07","51087","Henrico","Race and Ethnicity","White","30249","28309","57381","56406","0.167","0.333","2024-25"
"2024-09-10","51087","Henrico","Race and Ethnicity","White","35,573","31,341","61,909","58,231","18.5%","34.4%","2023-24"
"2026-04-13","51089","Henry","Age_Group","0-4","0","0","0","0","0","0","2025-26"
"2025-10-07","51089","Henry","Age_Group","0-4","4","4","285","222","0.002","0.108","2024-25"
"2024-09-10","51089","Henry","Age_Group","0-4","8","5","329","255","0.2%","12.4%","2023-24"
"2026-04-13","51089","Henry","Age_Group","12-17","0","0","0","0","0","0","2025-26"
"2025-10-07","51089","Henry","Age_Group","12-17","24","22","279","269","0.006","0.079","2024-25"
"2024-09-10","51089","Henry","Age_Group","12-17","25","25","253","247","0.7%","7.2%","2023-24"
"2026-04-13","51089","Henry","Age_Group","18-30","0","0","0","0","0","0","2025-26"
"2025-10-07","51089","Henry","Age_Group","18-30","76","75","671","658","0.011","0.096","2024-25"
"2024-09-10","51089","Henry","Age_Group","18-30","92","89","679","658","1.3%","9.6%","2023-24"
"2026-04-13","51089","Henry","Age_Group","31-49","0","0","0","0","0","0","2025-26"
"2025-10-07","51089","Henry","Age_Group","31-49","205","199","1349","1323","0.02","0.131","2024-25"
"2024-09-10","51089","Henry","Age_Group","31-49","253","236","1,570","1,495","2.3%","14.8%","2023-24"
"2026-04-13","51089","Henry","Age_Group","50-64","0","0","0","0","0","0","2025-26"
"2025-10-07","51089","Henry","Age_Group","50-64","641","629","2682","2624","0.056","0.235","2024-25"
"2024-09-10","51089","Henry","Age_Group","50-64","835","753","3,433","3,205","6.7%","28.7%","2023-24"
"2026-04-13","51089","Henry","Age_Group","5-11","0","0","0","0","0","0","2025-26"
"2025-10-07","51089","Henry","Age_Group","5-11","11","11","320","306","0.003","0.083","2024-25"
"2024-09-10","51089","Henry","Age_Group","5-11","6","6","304","293","0.2%","7.9%","2023-24"
"2026-04-13","51089","Henry","Age_Group","65+","0","0","0","0","0","0","2025-26"
"2024-09-10","51089","Henry","Age_Group","65+","2,698","2,286","6,934","6,343","18.1%","50.3%","2023-24"
"2025-10-07","51089","Henry","Age_Group","65+","2324","2154","6000","5909","0.171","0.469","2024-25"
"2026-04-13","51089","Henry","Race and Ethnicity","Asian or Pacific Islander","0","0","0","0","0","0","2025-26"
"2024-09-10","51089","Henry","Race and Ethnicity","Asian or Pacific Islander","17","16","91","87","6.1%","33.2%","2023-24"
"2025-10-07","51089","Henry","Race and Ethnicity","Asian or Pacific Islander","22","22","96","93","0.084","0.355","2024-25"
"2026-04-13","51089","Henry","Race and Ethnicity","Black","0","0","0","0","0","0","2025-26"
"2024-09-10","51089","Henry","Race and Ethnicity","Black","1,081","945","2,669","2,437","8.5%","22.0%","2023-24"
"2025-10-07","51089","Henry","Race and Ethnicity","Black","927","876","2254","2204","0.079","0.199","2024-25"
"2026-04-13","51107","Loudoun","Age_Group","5-11","0","0","0","0","0","0","2025-26"
"2024-09-10","51107","Loudoun","Age_Group","5-11","4,513","4,456","18,771","18,126","9.8%","40.0%","2023-24"
"2025-10-07","51107","Loudoun","Age_Group","5-11","4184","4121","17003","16840","0.091","0.372","2024-25"
"2026-04-13","51107","Loudoun","Age_Group","65+","0","0","0","0","0","0","2025-26"
"2025-10-07","51107","Loudoun","Age_Group","65+","24628","20379","30582","30039","0.436","0.643","2024-25"
"2024-09-10","51107","Loudoun","Age_Group","65+","26,110","21,005","33,274","30,201","44.9%","64.6%","2023-24"
"2026-04-13","51107","Loudoun","Race and Ethnicity","Asian or Pacific Islander","0","0","0","0","0","0","2025-26"
"2025-10-07","51107","Loudoun","Race and Ethnicity","Asian or Pacific Islander","14305","13619","39846","38862","0.14","0.401","2024-25"
"2024-09-10","51107","Loudoun","Race and Ethnicity","Asian or Pacific Islander","17,104","15,933","42,128","39,344","16.4%","40.6%","2023-24"
"2026-04-13","51107","Loudoun","Race and Ethnicity","Black","0","0","0","0","0","0","2025-26"
"2025-10-07","51107","Loudoun","Race and Ethnicity","Black","4967","4605","9645","9407","0.14","0.286","2024-25"
"2024-09-10","51107","Loudoun","Race and Ethnicity","Black","5,671","5,145","10,927","10,137","15.7%","30.9%","2023-24"
"2026-04-13","51107","Loudoun","Age_Group","Female","0","0","0","0","0","0","2025-26"
"2026-04-13","51107","Loudoun","Race and Ethnicity","Female","0","0","0","0","0","0","2025-26"
"2026-04-13","51107","Loudoun","Sex","Female","23829","21580","70718","69320","0","0","2025-26"
"2025-10-07","51107","Loudoun","Sex","Female","36584","33596","82442","80320","0","0","2024-25"
"2024-09-10","51107","Loudoun","Sex","Female","42,289","37,898","90,716","84,581","17.6%","39.3%","2023-24"
"2026-04-13","51107","Loudoun","Race and Ethnicity","Latino","0","0","0","0","0","0","2025-26"
"2024-09-10","51107","Loudoun","Race and Ethnicity","Latino","4,747","4,437","14,986","14,115","7.4%","23.4%","2023-24"
"2025-10-07","51107","Loudoun","Race and Ethnicity","Latino","4100","3882","14324","13895","0.064","0.23","2024-25"
"2026-04-13","51107","Loudoun","Age_Group","Male","0","0","0","0","0","0","2025-26"
"2026-04-13","51107","Loudoun","Race and Ethnicity","Male","0","0","0","0","0","0","2025-26"
"2026-04-13","51107","Loudoun","Sex","Male","20565","18445","59275","58010","0","0","2025-26"
"2025-10-07","51107","Loudoun","Sex","Male","31564","29111","69595","67587","0","0","2024-25"
"2024-09-10","51107","Loudoun","Sex","Male","36,495","32,722","76,849","71,381","15.1%","32.9%","2023-24"
"2026-04-13","51107","Loudoun","Race and Ethnicity","Native American","0","0","0","0","0","0","2025-26"
"2024-09-10","51107","Loudoun","Race and Ethnicity","Native American","1,516","1,285","2,510","2,309","193.2%","347.2%","2023-24"
"2025-10-07","51107","Loudoun","Race and Ethnicity","Native American","1373","1235","2640","2587","1.857","3.89","2024-25"
"2026-04-13","51107","Loudoun","Race and Ethnicity","Not Reported","0","0","0","0","0","0","2025-26"
"2026-04-13","51107","Loudoun","Sex","Not Reported","0","0","0","0","0","0","2025-26"
"2024-09-10","51107","Loudoun","Sex","Not Reported","1","1","50","49","","","2023-24"
"2024-09-10","51107","Loudoun","Race and Ethnicity","Not Reported","1,533","1,310","9,087","8,078","","","2023-24"
"2025-10-07","51107","Loudoun","Race and Ethnicity","Not Reported","1109","962","7110","6471","0.002","0.015","2024-25"
"2025-10-07","51107","Loudoun","Sex","OTHER","1","1","1","1","0","0","2024-25"
"2026-04-13","51107","Loudoun","Race and Ethnicity","Other Race","0","0","0","0","0","0","2025-26"
"2024-09-10","51107","Loudoun","Race and Ethnicity","Other Race","980","888","3,608","3,321","5.5%","20.7%","2023-24"
"2025-10-07","51107","Loudoun","Race and Ethnicity","Other Race","996","924","3564","3400","0.058","0.212","2024-25"
"2026-04-13","51107","Loudoun","Age_Group","Unknown","0","0","0","0","0","0","2025-26"
"2026-04-13","51107","Loudoun","Race and Ethnicity","Unknown","0","0","0","0","0","0","2025-26"
"2025-10-07","51107","Loudoun","Sex","UNKNOWN","1","1","14","14","0","0","2024-25"
"2026-04-13","51107","Loudoun","Sex","UNKNOWN","2","2","25","25","0","0","2025-26"
"2026-04-13","51107","Loudoun","Race and Ethnicity","White","0","0","0","0","0","0","2025-26"
"2025-10-07","51107","Loudoun","Race and Ethnicity","White","41300","37482","74923","73300","0.166","0.325","2024-25"
"2024-09-10","51107","Loudoun","Race and Ethnicity","White","47,234","41,623","84,369","78,707","18.5%","34.9%","2023-24"
"2026-04-13","51109","Louisa","Age_Group","0-4","0","0","0","0","0","0","2025-26"
"2026-04-13","51089","Henry","Age_Group","Female","0","0","0","0","0","0","2025-26"
"2026-04-13","51089","Henry","Race and Ethnicity","Female","0","0","0","0","0","0","2025-26"
"2025-10-07","51089","Henry","Sex","Female","1795","1689","6756","6584","0","0","2024-25"
"2024-09-10","51089","Henry","Sex","Female","2,294","1,982","7,974","7,364","7.7%","28.7%","2023-24"
"2026-04-13","51089","Henry","Sex","Female","990","943","5759","5693","0","0","2025-26"
"2026-04-13","51089","Henry","Race and Ethnicity","Latino","0","0","0","0","0","0","2025-26"
"2024-09-10","51089","Henry","Race and Ethnicity","Latino","76","71","490","459","2.2%","14.5%","2023-24"
"2025-10-07","51089","Henry","Race and Ethnicity","Latino","92","79","463","448","0.025","0.141","2024-25"
"2026-04-13","51089","Henry","Age_Group","Male","0","0","0","0","0","0","2025-26"
"2026-04-13","51089","Henry","Race and Ethnicity","Male","0","0","0","0","0","0","2025-26"
"2024-09-10","51089","Henry","Sex","Male","1,623","1,418","5,526","5,130","5.9%","21.2%","2023-24"
"2025-10-07","51089","Henry","Sex","Male","1490","1405","4829","4726","0","0","2024-25"
"2026-04-13","51089","Henry","Sex","Male","782","733","4077","3999","0","0","2025-26"
"2026-04-13","51089","Henry","Race and Ethnicity","Native American","0","0","0","0","0","0","2025-26"
"2025-10-07","51089","Henry","Race and Ethnicity","Native American","29","25","64","64","0.26","0.667","2024-25"
"2024-09-10","51089","Henry","Race and Ethnicity","Native American","39","32","70","63","33.3%","65.6%","2023-24"
"2024-09-10","51089","Henry","Sex","Not Reported","0","0","2","2","","","2023-24"
"2026-04-13","51089","Henry","Race and Ethnicity","Not Reported","0","0","0","0","0","0","2025-26"
"2026-04-13","51089","Henry","Sex","Not Reported","0","0","0","0","0","0","2025-26"
"2024-09-10","51089","Henry","Race and Ethnicity","Not Reported","32","31","960","907","","","2023-24"
"2025-10-07","51089","Henry","Race and Ethnicity","Not Reported","36","34","555","537","0.001","0.011","2024-25"
"2026-04-13","51089","Henry","Race and Ethnicity","Other Race","0","0","0","0","0","0","2025-26"
"2025-10-07","51089","Henry","Race and Ethnicity","Other Race","20","18","95","94","0.018","0.095","2024-25"
"2024-09-10","51089","Henry","Race and Ethnicity","Other Race","33","24","83","82","2.4%","8.3%","2023-24"
"2026-04-13","51089","Henry","Age_Group","Unknown","0","0","0","0","0","0","2025-26"
"2026-04-13","51089","Henry","Race and Ethnicity","Unknown","0","0","0","0","0","0","2025-26"
"2025-10-07","51089","Henry","Sex","UNKNOWN","0","0","1","1","0","0","2024-25"
"2026-04-13","51089","Henry","Sex","UNKNOWN","0","0","1","1","0","0","2025-26"
"2026-04-13","51089","Henry","Race and Ethnicity","White","0","0","0","0","0","0","2025-26"
"2024-09-10","51089","Henry","Race and Ethnicity","White","2,639","2,281","9,139","8,461","6.7%","24.7%","2023-24"
"2025-10-07","51089","Henry","Race and Ethnicity","White","2159","2040","8059","7871","0.059","0.23","2024-25"
"2026-04-13","51091","Highland","Age_Group","0-4","0","0","0","0","0","0","2025-26"
"2025-10-07","51091","Highland","Age_Group","0-4","2","2","15","14","0.022","0.156","2024-25"
"2024-09-10","51091","Highland","Age_Group","0-4","2","2","23","19","2.2%","21.1%","2023-24"
"2026-04-13","51091","Highland","Age_Group","12-17","0","0","0","0","0","0","2025-26"
"2025-10-07","51091","Highland","Age_Group","12-17","1","1","5","5","0.012","0.062","2024-25"
"2024-09-10","51091","Highland","Age_Group","12-17","3","3","19","19","3.7%","23.5%","2023-24"
"2026-04-13","51091","Highland","Age_Group","18-30","0","0","0","0","0","0","2025-26"
"2024-09-10","51091","Highland","Age_Group","18-30","11","10","29","27","5.0%","13.6%","2023-24"
"2025-10-07","51091","Highland","Age_Group","18-30","7","7","20","20","0.035","0.101","2024-25"
"2026-04-13","51091","Highland","Age_Group","31-49","0","0","0","0","0","0","2025-26"
"2025-10-07","51091","Highland","Age_Group","31-49","13","13","42","41","0.035","0.111","2024-25"
"2024-09-10","51091","Highland","Age_Group","31-49","17","17","49","48","4.6%","13.0%","2023-24"
"2026-04-13","51091","Highland","Age_Group","50-64","0","0","0","0","0","0","2025-26"
"2025-10-07","51091","Highland","Age_Group","50-64","32","32","85","81","0.06","0.153","2024-25"
"2024-09-10","51091","Highland","Age_Group","50-64","38","38","132","126","7.2%","23.8%","2023-24"
"2026-04-13","51091","Highland","Age_Group","5-11","0","0","0","0","0","0","2025-26"
"2024-09-10","51091","Highland","Age_Group","5-11","1","1","29","28","0.8%","23.3%","2023-24"
"2025-10-07","51091","Highland","Age_Group","5-11","2","2","17","17","0.017","0.142","2024-25"
"2026-04-13","51091","Highland","Age_Group","65+","0","0","0","0","0","0","2025-26"
"2025-10-07","51091","Highland","Age_Group","65+","209","193","327","322","0.226","0.377","2024-25"
"2024-09-10","51091","Highland","Age_Group","65+","246","235","434","414","27.5%","48.4%","2023-24"
"2026-04-13","51091","Highland","Race and Ethnicity","Asian or Pacific Islander","0","0","0","0","0","0","2025-26"
"2025-10-07","51091","Highland","Race and Ethnicity","Asian or Pacific Islander","0","0","1","1","0","0.1","2024-25"
"2024-09-10","51091","Highland","Race and Ethnicity","Asian or Pacific Islander","2","2","2","2","20.0%","20.0%","2023-24"
"2026-04-13","51091","Highland","Race and Ethnicity","Black","0","0","0","0","0","0","2025-26"
"2025-10-07","51091","Highland","Race and Ethnicity","Black","1","1","3","3","0.2","0.6","2024-25"
"2024-09-10","51091","Highland","Race and Ethnicity","Black","3","3","5","4","60.0%","80.0%","2023-24"
"2026-04-13","51091","Highland","Age_Group","Female","0","0","0","0","0","0","2025-26"
"2026-04-13","51091","Highland","Race and Ethnicity","Female","0","0","0","0","0","0","2025-26"
"2025-10-07","51091","Highland","Sex","Female","142","131","276","271","0","0","2024-25"
"2024-09-10","51091","Highland","Sex","Female","170","166","393","372","14.7%","32.9%","2023-24"
"2026-04-13","51091","Highland","Sex","Female","78","78","237","235","0","0","2025-26"
"2026-04-13","51091","Highland","Race and Ethnicity","Latino","0","0","0","0","0","0","2025-26"
"2024-09-10","51091","Highland","Race and Ethnicity","Latino","0","0","4","4","0.0%","19.0%","2023-24"
"2025-10-07","51091","Highland","Race and Ethnicity","Latino","3","3","8","8","0.143","0.381","2024-25"
"2026-04-13","51091","Highland","Age_Group","Male","0","0","0","0","0","0","2025-26"
"2026-04-13","51091","Highland","Race and Ethnicity","Male","0","0","0","0","0","0","2025-26"
"2025-10-07","51091","Highland","Sex","Male","124","119","235","229","0","0","2024-25"
"2024-09-10","51091","Highland","Sex","Male","148","140","322","309","12.6%","27.8%","2023-24"
"2026-04-13","51091","Highland","Sex","Male","62","62","188","185","0","0","2025-26"
"2026-04-13","51091","Highland","Race and Ethnicity","Native American","0","0","0","0","0","0","2025-26"
"2025-10-07","51091","Highland","Race and Ethnicity","Native American","1","1","2","2","0","0","2024-25"
"2024-09-10","51091","Highland","Race and Ethnicity","Native American","2","2","3","3","","","2023-24"
"2026-04-13","51091","Highland","Race and Ethnicity","Not Reported","0","0","0","0","0","0","2025-26"
"2025-10-07","51091","Highland","Race and Ethnicity","Not Reported","0","0","3","3","0","0.001","2024-25"
"2024-09-10","51091","Highland","Race and Ethnicity","Not Reported","1","1","6","6","","","2023-24"
"2026-04-13","51091","Highland","Race and Ethnicity","Other Race","0","0","0","0","0","0","2025-26"
"2026-04-13","51091","Highland","Age_Group","Unknown","0","0","0","0","0","0","2025-26"
"2026-04-13","51091","Highland","Race and Ethnicity","Unknown","0","0","0","0","0","0","2025-26"
"2026-04-13","51091","Highland","Sex","UNKNOWN","0","0","1","1","0","0","2025-26"
"2026-04-13","51091","Highland","Race and Ethnicity","White","0","0","0","0","0","0","2025-26"
"2025-10-07","51091","Highland","Race and Ethnicity","White","261","245","494","483","0.111","0.219","2024-25"
"2024-09-10","51091","Highland","Race and Ethnicity","White","310","298","695","662","13.5%","30.0%","2023-24"
"2026-04-13","51093","Isle of Wight","Age_Group","0-4","0","0","0","0","0","0","2025-26"
"2025-10-07","51093","Isle of Wight","Age_Group","0-4","21","18","804","654","0.009","0.328","2024-25"
"2024-09-10","51093","Isle of Wight","Age_Group","0-4","49","41","916","725","2.1%","36.3%","2023-24"
"2026-04-13","51093","Isle of Wight","Age_Group","12-17","0","0","0","0","0","0","2025-26"
"2025-10-07","51093","Isle of Wight","Age_Group","12-17","117","117","598","594","0.04","0.203","2024-25"
"2024-09-10","51093","Isle of Wight","Age_Group","12-17","127","122","694","676","4.2%","23.1%","2023-24"
"2026-04-13","51093","Isle of Wight","Age_Group","18-30","0","0","0","0","0","0","2025-26"
"2025-10-07","51093","Isle of Wight","Age_Group","18-30","185","183","854","850","0.033","0.156","2024-25"
"2024-09-10","51093","Isle of Wight","Age_Group","18-30","197","192","841","806","3.5%","14.7%","2023-24"
"2026-04-13","51093","Isle of Wight","Age_Group","31-49","0","0","0","0","0","0","2025-26"
"2025-10-07","51093","Isle of Wight","Age_Group","31-49","448","439","1743","1725","0.047","0.185","2024-25"
"2024-09-10","51093","Isle of Wight","Age_Group","31-49","502","469","1,865","1,779","5.0%","19.1%","2023-24"
"2026-04-13","51093","Isle of Wight","Age_Group","50-64","0","0","0","0","0","0","2025-26"
"2024-09-10","51093","Isle of Wight","Age_Group","50-64","1,293","1,210","3,164","2,947","13.6%","33.2%","2023-24"
"2025-10-07","51093","Isle of Wight","Age_Group","50-64","1078","1033","2635","2587","0.116","0.291","2024-25"
"2026-04-13","51093","Isle of Wight","Age_Group","5-11","0","0","0","0","0","0","2025-26"
"2025-10-07","51093","Isle of Wight","Age_Group","5-11","81","80","746","741","0.023","0.216","2024-25"
"2024-09-10","51093","Isle of Wight","Age_Group","5-11","88","88","821","788","2.6%","23.0%","2023-24"
"2026-04-13","51093","Isle of Wight","Age_Group","65+","0","0","0","0","0","0","2025-26"
"2025-10-07","51093","Isle of Wight","Age_Group","65+","2805","2520","4758","4633","0.313","0.575","2024-25"
"2024-09-10","51093","Isle of Wight","Age_Group","65+","3,096","2,709","5,544","4,976","33.6%","61.7%","2023-24"
"2026-04-13","51093","Isle of Wight","Race and Ethnicity","Asian or Pacific Islander","0","0","0","0","0","0","2025-26"
"2025-10-07","51093","Isle of Wight","Race and Ethnicity","Asian or Pacific Islander","59","57","221","217","0.131","0.499","2024-25"
"2024-09-10","51093","Isle of Wight","Race and Ethnicity","Asian or Pacific Islander","74","69","199","187","15.9%","43.0%","2023-24"
"2026-04-13","51093","Isle of Wight","Race and Ethnicity","Black","0","0","0","0","0","0","2025-26"
"2024-09-10","51093","Isle of Wight","Race and Ethnicity","Black","1,551","1,385","3,196","2,865","15.6%","32.2%","2023-24"
"2025-10-07","51093","Isle of Wight","Race and Ethnicity","Black","1419","1331","2960","2849","0.15","0.32","2024-25"
"2026-04-13","51093","Isle of Wight","Age_Group","Female","0","0","0","0","0","0","2025-26"
"2026-04-13","51093","Isle of Wight","Race and Ethnicity","Female","0","0","0","0","0","0","2025-26"
"2026-04-13","51093","Isle of Wight","Sex","Female","1352","1293","6001","5885","0","0","2025-26"
"2024-09-10","51093","Isle of Wight","Sex","Female","2,956","2,696","7,870","7,242","13.3%","35.8%","2023-24"
"2025-10-07","51093","Isle of Wight","Sex","Female","2617","2440","6900","6723","0","0","2024-25"
"2026-04-13","51093","Isle of Wight","Race and Ethnicity","Latino","0","0","0","0","0","0","2025-26"
"2025-10-07","51093","Isle of Wight","Race and Ethnicity","Latino","109","104","379","363","0.058","0.203","2024-25"
"2024-09-10","51093","Isle of Wight","Race and Ethnicity","Latino","92","85","396","355","4.8%","19.9%","2023-24"
"2026-04-13","51093","Isle of Wight","Age_Group","Male","0","0","0","0","0","0","2025-26"
"2026-04-13","51093","Isle of Wight","Race and Ethnicity","Male","0","0","0","0","0","0","2025-26"
"2026-04-13","51093","Isle of Wight","Sex","Male","1073","1024","4521","4410","0","0","2025-26"
"2024-09-10","51093","Isle of Wight","Sex","Male","2,391","2,130","5,946","5,426","10.7%","27.4%","2023-24"
"2025-10-07","51093","Isle of Wight","Sex","Male","2116","1948","5208","5031","0","0","2024-25"
"2026-04-13","51093","Isle of Wight","Race and Ethnicity","Native American","0","0","0","0","0","0","2025-26"
"2024-09-10","51093","Isle of Wight","Race and Ethnicity","Native American","49","44","106","92","29.1%","60.9%","2023-24"
"2025-10-07","51093","Isle of Wight","Race and Ethnicity","Native American","58","47","92","90","0.311","0.596","2024-25"
"2026-04-13","51093","Isle of Wight","Race and Ethnicity","Not Reported","0","0","0","0","0","0","2025-26"
"2026-04-13","51093","Isle of Wight","Sex","Not Reported","0","0","0","0","0","0","2025-26"
"2025-10-07","51093","Isle of Wight","Race and Ethnicity","Not Reported","22","22","230","220","0.001","0.005","2024-25"
"2024-09-10","51093","Isle of Wight","Race and Ethnicity","Not Reported","27","27","370","343","","","2023-24"
"2024-09-10","51093","Isle of Wight","Sex","Not Reported","5","5","29","29","","","2023-24"
"2026-04-13","51093","Isle of Wight","Race and Ethnicity","Other Race","0","0","0","0","0","0","2025-26"
"2024-09-10","51093","Isle of Wight","Race and Ethnicity","Other Race","16","16","90","86","1.6%","8.6%","2023-24"
"2025-10-07","51093","Isle of Wight","Race and Ethnicity","Other Race","22","20","103","103","0.02","0.103","2024-25"
"2026-04-13","51093","Isle of Wight","Age_Group","Unknown","0","0","0","0","0","0","2025-26"
"2026-04-13","51093","Isle of Wight","Race and Ethnicity","Unknown","0","0","0","0","0","0","2025-26"
"2026-04-13","51093","Isle of Wight","Sex","UNKNOWN","0","0","19","19","0","0","2025-26"
"2025-10-07","51093","Isle of Wight","Sex","UNKNOWN","2","2","30","30","0","0","2024-25"
"2026-04-13","51093","Isle of Wight","Race and Ethnicity","White","0","0","0","0","0","0","2025-26"
"2024-09-10","51093","Isle of Wight","Race and Ethnicity","White","3,543","3,205","9,488","8,769","11.5%","31.5%","2023-24"
"2025-10-07","51093","Isle of Wight","Race and Ethnicity","White","3046","2809","8153","7942","0.101","0.286","2024-25"
"2026-04-13","51095","James City","Age_Group","0-4","0","0","0","0","0","0","2025-26"
"2025-10-07","51095","James City","Age_Group","0-4","142","114","1583","1284","0.03","0.337","2024-25"
"2024-09-10","51095","James City","Age_Group","0-4","204","158","1,733","1,388","4.1%","36.4%","2023-24"
"2026-04-13","51095","James City","Age_Group","12-17","0","0","0","0","0","0","2025-26"
"2025-10-07","51095","James City","Age_Group","12-17","330","327","1407","1403","0.06","0.256","2024-25"
"2024-09-10","51095","James City","Age_Group","12-17","378","358","1,538","1,505","6.5%","27.5%","2023-24"
"2026-04-13","51095","James City","Age_Group","18-30","0","0","0","0","0","0","2025-26"
"2025-10-07","51095","James City","Age_Group","18-30","632","622","2087","2064","0.059","0.194","2024-25"
"2024-09-10","51095","James City","Age_Group","18-30","728","692","2,224","2,130","6.5%","20.1%","2023-24"
"2026-04-13","51095","James City","Age_Group","31-49","0","0","0","0","0","0","2025-26"
"2024-09-10","51095","James City","Age_Group","31-49","1,654","1,525","4,625","4,377","8.9%","25.5%","2023-24"
"2025-10-07","51095","James City","Age_Group","31-49","1472","1418","4296","4242","0.083","0.247","2024-25"
"2026-04-13","51095","James City","Age_Group","50-64","0","0","0","0","0","0","2025-26"
"2025-10-07","51095","James City","Age_Group","50-64","2833","2717","6022","5873","0.166","0.36","2024-25"
"2024-09-10","51095","James City","Age_Group","50-64","3,361","3,062","6,692","6,232","18.7%","38.2%","2023-24"
"2026-04-13","51095","James City","Age_Group","5-11","0","0","0","0","0","0","2025-26"
"2025-10-07","51095","James City","Age_Group","5-11","242","238","1798","1792","0.039","0.295","2024-25"
"2024-09-10","51095","James City","Age_Group","5-11","287","282","1,913","1,878","4.6%","30.9%","2023-24"
"2026-04-13","51095","James City","Age_Group","65+","0","0","0","0","0","0","2025-26"
"2025-10-07","51095","James City","Age_Group","65+","12436","10404","16043","15381","0.479","0.708","2024-25"
"2024-09-10","51095","James City","Age_Group","65+","13,529","10,794","17,816","15,777","49.7%","72.6%","2023-24"
"2026-04-13","51095","James City","Race and Ethnicity","Asian or Pacific Islander","0","0","0","0","0","0","2025-26"
"2024-09-10","51095","James City","Race and Ethnicity","Asian or Pacific Islander","518","460","1,089","990","19.5%","42.0%","2023-24"
"2025-10-07","51095","James City","Race and Ethnicity","Asian or Pacific Islander","530","488","1177","1141","0.207","0.484","2024-25"
"2026-04-13","51095","James City","Race and Ethnicity","Black","0","0","0","0","0","0","2025-26"
"2024-09-10","51095","James City","Race and Ethnicity","Black","1,522","1,362","3,500","3,201","12.2%","28.7%","2023-24"
"2025-10-07","51095","James City","Race and Ethnicity","Black","1449","1329","3275","3164","0.119","0.284","2024-25"
"2026-04-13","51095","James City","Age_Group","Female","0","0","0","0","0","0","2025-26"
"2026-04-13","51095","James City","Race and Ethnicity","Female","0","0","0","0","0","0","2025-26"
"2025-10-07","51095","James City","Sex","Female","10132","8855","18832","18096","0","0","2024-25"
"2024-09-10","51095","James City","Sex","Female","11,336","9,520","20,659","18,860","22.7%","45.0%","2023-24"
"2026-04-13","51095","James City","Sex","Female","6136","5933","15965","15615","0","0","2025-26"
"2026-04-13","51095","James City","Race and Ethnicity","Latino","0","0","0","0","0","0","2025-26"
"2025-10-07","51095","James City","Race and Ethnicity","Latino","405","368","1515","1430","0.066","0.256","2024-25"
"2024-09-10","51095","James City","Race and Ethnicity","Latino","445","400","1,649","1,507","7.2%","27.0%","2023-24"
"2026-04-13","51095","James City","Age_Group","Male","0","0","0","0","0","0","2025-26"
"2026-04-13","51095","James City","Race and Ethnicity","Male","0","0","0","0","0","0","2025-26"
"2026-04-13","51095","James City","Sex","Male","4736","4576","12406","12139","0","0","2025-26"
"2025-10-07","51095","James City","Sex","Male","7951","6981","14362","13901","0","0","2024-25"
"2024-09-10","51095","James City","Sex","Male","8,797","7,343","15,838","14,383","18.7%","36.6%","2023-24"
"2026-04-13","51095","James City","Race and Ethnicity","Native American","0","0","0","0","0","0","2025-26"
"2025-10-07","51095","James City","Race and Ethnicity","Native American","199","170","303","296","0.637","1.109","2024-25"
"2024-09-10","51095","James City","Race and Ethnicity","Native American","250","196","356","311","73.4%","116.5%","2023-24"
"2026-04-13","51095","James City","Race and Ethnicity","Not Reported","0","0","0","0","0","0","2025-26"
"2026-04-13","51095","James City","Sex","Not Reported","0","0","0","0","0","0","2025-26"
"2025-10-07","51095","James City","Race and Ethnicity","Not Reported","137","134","784","777","0.002","0.01","2024-25"
"2024-09-10","51095","James City","Race and Ethnicity","Not Reported","160","153","1,106","1,079","","","2023-24"
"2024-09-10","51095","James City","Sex","Not Reported","8","8","44","44","","","2023-24"
"2026-04-13","51095","James City","Race and Ethnicity","Other Race","0","0","0","0","0","0","2025-26"
"2024-09-10","51095","James City","Race and Ethnicity","Other Race","101","88","439","422","4.0%","19.3%","2023-24"
"2025-10-07","51095","James City","Race and Ethnicity","Other Race","133","124","441","434","0.057","0.198","2024-25"
"2026-04-13","51095","James City","Age_Group","Unknown","0","0","0","0","0","0","2025-26"
"2026-04-13","51095","James City","Race and Ethnicity","Unknown","0","0","0","0","0","0","2025-26"
"2026-04-13","51095","James City","Sex","UNKNOWN","2","2","36","35","0","0","2025-26"
"2025-10-07","51095","James City","Sex","UNKNOWN","4","4","42","42","0","0","2024-25"
"2026-04-13","51095","James City","Race and Ethnicity","White","0","0","0","0","0","0","2025-26"
"2025-10-07","51095","James City","Race and Ethnicity","White","15234","13227","25741","24797","0.222","0.416","2024-25"
"2024-09-10","51095","James City","Race and Ethnicity","White","17,145","14,212","28,402","25,777","23.8%","43.2%","2023-24"
"2026-04-13","51097","King and Queen","Age_Group","0-4","0","0","0","0","0","0","2025-26"
"2024-09-10","51097","King and Queen","Age_Group","0-4","2","2","128","100","0.6%","30.8%","2023-24"
"2025-10-07","51097","King and Queen","Age_Group","0-4","5","4","96","76","0.012","0.234","2024-25"
"2026-04-13","51097","King and Queen","Age_Group","12-17","0","0","0","0","0","0","2025-26"
"2025-10-07","51097","King and Queen","Age_Group","12-17","5","5","53","53","0.013","0.135","2024-25"
"2024-09-10","51097","King and Queen","Age_Group","12-17","7","7","54","54","1.8%","13.7%","2023-24"
"2026-04-13","51097","King and Queen","Age_Group","18-30","0","0","0","0","0","0","2025-26"
"2025-10-07","51097","King and Queen","Age_Group","18-30","13","13","90","89","0.014","0.096","2024-25"
"2024-09-10","51097","King and Queen","Age_Group","18-30","19","19","114","109","2.0%","11.8%","2023-24"
"2026-04-13","51097","King and Queen","Age_Group","31-49","0","0","0","0","0","0","2025-26"
"2025-10-07","51097","King and Queen","Age_Group","31-49","41","38","156","152","0.028","0.111","2024-25"
"2024-09-10","51097","King and Queen","Age_Group","31-49","45","44","213","208","3.2%","15.2%","2023-24"
"2026-04-13","51097","King and Queen","Age_Group","50-64","0","0","0","0","0","0","2025-26"
"2025-10-07","51097","King and Queen","Age_Group","50-64","105","104","375","369","0.064","0.228","2024-25"
"2024-09-10","51097","King and Queen","Age_Group","50-64","162","158","511","497","9.8%","30.8%","2023-24"
"2026-04-13","51097","King and Queen","Age_Group","5-11","0","0","0","0","0","0","2025-26"
"2024-09-10","51097","King and Queen","Age_Group","5-11","12","12","99","99","2.7%","22.3%","2023-24"
"2025-10-07","51097","King and Queen","Age_Group","5-11","6","6","70","70","0.014","0.158","2024-25"
"2026-04-13","51097","King and Queen","Age_Group","65+","0","0","0","0","0","0","2025-26"
"2025-10-07","51097","King and Queen","Age_Group","65+","378","344","756","749","0.214","0.467","2024-25"
"2024-09-10","51097","King and Queen","Age_Group","65+","478","441","1,078","996","27.5%","62.1%","2023-24"
"2026-04-13","51097","King and Queen","Race and Ethnicity","Asian or Pacific Islander","0","0","0","0","0","0","2025-26"
"2024-09-10","51097","King and Queen","Race and Ethnicity","Asian or Pacific Islander","6","6","13","12","28.6%","57.1%","2023-24"
"2025-10-07","51097","King and Queen","Race and Ethnicity","Asian or Pacific Islander","9","7","11","11","0.333","0.524","2024-25"
"2026-04-13","51097","King and Queen","Race and Ethnicity","Black","0","0","0","0","0","0","2025-26"
"2025-10-07","51097","King and Queen","Race and Ethnicity","Black","149","144","409","399","0.089","0.248","2024-25"
"2024-09-10","51097","King and Queen","Race and Ethnicity","Black","220","214","566","539","13.3%","33.5%","2023-24"
"2026-04-13","51097","King and Queen","Age_Group","Female","0","0","0","0","0","0","2025-26"
"2026-04-13","51097","King and Queen","Race and Ethnicity","Female","0","0","0","0","0","0","2025-26"
"2026-04-13","51097","King and Queen","Sex","Female","175","173","762","751","0","0","2025-26"
"2025-10-07","51097","King and Queen","Sex","Female","299","278","936","915","0","0","2024-25"
"2024-09-10","51097","King and Queen","Sex","Female","409","386","1,241","1,165","11.8%","35.7%","2023-24"
"2026-04-13","51097","King and Queen","Race and Ethnicity","Latino","0","0","0","0","0","0","2025-26"
"2024-09-10","51097","King and Queen","Race and Ethnicity","Latino","12","12","58","55","5.5%","25.0%","2023-24"
"2025-10-07","51097","King and Queen","Race and Ethnicity","Latino","16","16","59","58","0.073","0.264","2024-25"
"2026-04-13","51097","King and Queen","Age_Group","Male","0","0","0","0","0","0","2025-26"
"2026-04-13","51097","King and Queen","Race and Ethnicity","Male","0","0","0","0","0","0","2025-26"
"2026-04-13","51097","King and Queen","Sex","Male","140","138","566","551","0","0","2025-26"
"2025-10-07","51097","King and Queen","Sex","Male","254","236","659","642","0","0","2024-25"
"2024-09-10","51097","King and Queen","Sex","Male","316","297","954","896","8.7%","26.2%","2023-24"
"2026-04-13","51097","King and Queen","Race and Ethnicity","Native American","0","0","0","0","0","0","2025-26"
"2024-09-10","51097","King and Queen","Race and Ethnicity","Native American","10","10","34","30","9.5%","28.6%","2023-24"
"2025-10-07","51097","King and Queen","Race and Ethnicity","Native American","8","8","24","23","0.076","0.219","2024-25"
"2024-09-10","51097","King and Queen","Sex","Not Reported","0","0","2","2","","","2023-24"
"2026-04-13","51097","King and Queen","Race and Ethnicity","Not Reported","0","0","0","0","0","0","2025-26"
"2026-04-13","51097","King and Queen","Sex","Not Reported","0","0","0","0","0","0","2025-26"
"2024-09-10","51097","King and Queen","Race and Ethnicity","Not Reported","15","14","110","104","","","2023-24"
"2025-10-07","51097","King and Queen","Race and Ethnicity","Not Reported","5","4","46","42","0.001","0.006","2024-25"
"2026-04-13","51590","Danville","Age_Group","50-64","0","0","0","0","0","0","2025-26"
"2025-10-07","51590","Danville","Age_Group","50-64","561","547","1811","1785","0.068","0.221","2024-25"
"2024-09-10","51590","Danville","Age_Group","50-64","657","604","2,090","1,990","7.5%","24.6%","2023-24"
"2026-04-13","51590","Danville","Age_Group","5-11","0","0","0","0","0","0","2025-26"
"2025-10-07","51590","Danville","Age_Group","5-11","13","12","267","265","0.003","0.072","2024-25"
"2024-09-10","51590","Danville","Age_Group","5-11","21","21","326","323","0.6%","8.8%","2023-24"
"2026-04-13","51590","Danville","Age_Group","65+","0","0","0","0","0","0","2025-26"
"2024-09-10","51590","Danville","Age_Group","65+","2,380","2,142","4,445","4,217","23.8%","46.8%","2023-24"
"2025-10-07","51590","Danville","Age_Group","65+","2155","2065","4141","4080","0.229","0.453","2024-25"
"2026-04-13","51590","Danville","Race and Ethnicity","Asian or Pacific Islander","0","0","0","0","0","0","2025-26"
"2024-09-10","51590","Danville","Race and Ethnicity","Asian or Pacific Islander","44","41","154","145","7.7%","27.1%","2023-24"
"2025-10-07","51590","Danville","Race and Ethnicity","Asian or Pacific Islander","49","46","153","149","0.086","0.279","2024-25"
"2026-04-13","51590","Danville","Race and Ethnicity","Black","0","0","0","0","0","0","2025-26"
"2024-09-10","51590","Danville","Race and Ethnicity","Black","1,419","1,301","3,841","3,592","5.9%","16.4%","2023-24"
"2025-10-07","51590","Danville","Race and Ethnicity","Black","1376","1324","3481","3398","0.06","0.155","2024-25"
"2026-04-13","51590","Danville","Age_Group","Female","0","0","0","0","0","0","2025-26"
"2026-04-13","51590","Danville","Race and Ethnicity","Female","0","0","0","0","0","0","2025-26"
"2025-10-07","51590","Danville","Sex","Female","1737","1676","4934","4854","0","0","2024-25"
"2024-09-10","51590","Danville","Sex","Female","2,049","1,864","5,594","5,337","8.2%","23.5%","2023-24"
"2026-04-13","51590","Danville","Sex","Female","951","930","4200","4173","0","0","2025-26"
"2026-04-13","51590","Danville","Race and Ethnicity","Latino","0","0","0","0","0","0","2025-26"
"2024-09-10","51590","Danville","Race and Ethnicity","Latino","102","92","377","361","4.1%","16.2%","2023-24"
"2025-10-07","51590","Danville","Race and Ethnicity","Latino","63","63","344","331","0.028","0.149","2024-25"
"2026-04-13","51590","Danville","Age_Group","Male","0","0","0","0","0","0","2025-26"
"2026-04-13","51590","Danville","Race and Ethnicity","Male","0","0","0","0","0","0","2025-26"
"2024-09-10","51590","Danville","Sex","Male","1,378","1,250","3,459","3,259","6.4%","16.8%","2023-24"
"2025-10-07","51590","Danville","Sex","Male","1305","1256","3205","3134","0","0","2024-25"
"2026-04-13","51590","Danville","Sex","Male","719","698","2635","2605","0","0","2025-26"
"2026-04-13","51590","Danville","Race and Ethnicity","Native American","0","0","0","0","0","0","2025-26"
"2025-10-07","51590","Danville","Race and Ethnicity","Native American","29","28","83","78","0.318","0.886","2024-25"
"2024-09-10","51590","Danville","Race and Ethnicity","Native American","37","31","76","72","35.2%","81.8%","2023-24"
"2024-09-10","51590","Danville","Sex","Not Reported","0","0","1","1","","","2023-24"
"2026-04-13","51590","Danville","Race and Ethnicity","Not Reported","0","0","0","0","0","0","2025-26"
"2026-04-13","51590","Danville","Sex","Not Reported","0","0","0","0","0","0","2025-26"
"2025-10-07","51590","Danville","Race and Ethnicity","Not Reported","26","26","227","223","0.001","0.005","2024-25"
"2024-09-10","51590","Danville","Race and Ethnicity","Not Reported","35","34","351","344","","","2023-24"
"2026-04-13","51590","Danville","Race and Ethnicity","Other Race","0","0","0","0","0","0","2025-26"
"2025-10-07","51590","Danville","Race and Ethnicity","Other Race","14","14","49","49","0.022","0.076","2024-25"
"2024-09-10","51590","Danville","Race and Ethnicity","Other Race","8","7","60","56","1.1%","8.7%","2023-24"
"2026-04-13","51590","Danville","Age_Group","Unknown","0","0","0","0","0","0","2025-26"
"2026-04-13","51590","Danville","Race and Ethnicity","Unknown","0","0","0","0","0","0","2025-26"
"2026-04-13","51590","Danville","Sex","UNKNOWN","0","0","3","3","0","0","2025-26"
"2026-04-13","51590","Danville","Race and Ethnicity","White","0","0","0","0","0","0","2025-26"
"2024-09-10","51590","Danville","Race and Ethnicity","White","1,782","1,608","4,195","4,027","9.6%","24.1%","2023-24"
"2025-10-07","51590","Danville","Race and Ethnicity","White","1485","1431","3802","3760","0.086","0.225","2024-25"
"2026-04-13","51595","Emporia","Age_Group","0-4","0","0","0","0","0","0","2025-26"
"2025-10-07","51595","Emporia","Age_Group","0-4","2","2","84","63","0.006","0.183","2024-25"
"2024-09-10","51595","Emporia","Age_Group","0-4","3","3","79","63","0.9%","18.3%","2023-24"
"2026-04-13","51595","Emporia","Age_Group","12-17","0","0","0","0","0","0","2025-26"
"2025-10-07","51595","Emporia","Age_Group","12-17","3","3","29","29","0.007","0.063","2024-25"
"2025-10-07","51620","Franklin City","Race and Ethnicity","Black","272","265","909","875","0.059","0.193","2024-25"
"2024-09-10","51620","Franklin City","Race and Ethnicity","Black","326","304","1,057","970","6.7%","21.4%","2023-24"
"2024-09-10","51595","Emporia","Age_Group","12-17","6","6","39","39","1.3%","8.5%","2023-24"
"2026-04-13","51620","Franklin City","Age_Group","Female","0","0","0","0","0","0","2025-26"
"2026-04-13","51595","Emporia","Age_Group","18-30","0","0","0","0","0","0","2025-26"
"2026-04-13","51620","Franklin City","Race and Ethnicity","Female","0","0","0","0","0","0","2025-26"
"2025-10-07","51595","Emporia","Age_Group","18-30","11","11","53","53","0.014","0.065","2024-25"
"2026-04-13","51620","Franklin City","Sex","Female","275","263","1099","1053","0","0","2025-26"
"2024-09-10","51595","Emporia","Age_Group","18-30","6","6","59","55","0.7%","6.8%","2023-24"
"2025-10-07","51620","Franklin City","Sex","Female","429","419","1229","1184","0","0","2024-25"
"2026-04-13","51595","Emporia","Age_Group","31-49","0","0","0","0","0","0","2025-26"
"2024-09-10","51620","Franklin City","Sex","Female","527","495","1,348","1,247","11.1%","28.0%","2023-24"
"2024-09-10","51595","Emporia","Age_Group","31-49","29","28","118","113","2.4%","9.6%","2023-24"
"2026-04-13","51620","Franklin City","Race and Ethnicity","Latino","0","0","0","0","0","0","2025-26"
"2025-10-07","51595","Emporia","Age_Group","31-49","33","33","93","93","0.028","0.079","2024-25"
"2024-09-10","51620","Franklin City","Race and Ethnicity","Latino","18","18","60","58","8.3%","26.9%","2023-24"
"2026-04-13","51595","Emporia","Age_Group","50-64","0","0","0","0","0","0","2025-26"
"2025-10-07","51620","Franklin City","Race and Ethnicity","Latino","24","24","76","74","0.111","0.343","2024-25"
"2025-10-07","51595","Emporia","Age_Group","50-64","89","86","204","199","0.085","0.197","2024-25"
"2026-04-13","51620","Franklin City","Age_Group","Male","0","0","0","0","0","0","2025-26"
"2024-09-10","51595","Emporia","Age_Group","50-64","99","98","262","249","9.7%","24.7%","2023-24"
"2026-04-13","51620","Franklin City","Race and Ethnicity","Male","0","0","0","0","0","0","2025-26"
"2026-04-13","51595","Emporia","Age_Group","5-11","0","0","0","0","0","0","2025-26"
"2026-04-13","51620","Franklin City","Sex","Male","201","195","664","644","0","0","2025-26"
"2025-10-07","51595","Emporia","Age_Group","5-11","1","1","55","55","0.002","0.101","2024-25"
"2025-10-07","51620","Franklin City","Sex","Male","302","294","771","742","0","0","2024-25"
"2024-09-10","51595","Emporia","Age_Group","5-11","2","2","58","58","0.4%","10.6%","2023-24"
"2024-09-10","51620","Franklin City","Sex","Male","340","320","900","840","8.6%","22.6%","2023-24"
"2026-04-13","51595","Emporia","Age_Group","65+","0","0","0","0","0","0","2025-26"
"2026-04-13","51620","Franklin City","Race and Ethnicity","Native American","0","0","0","0","0","0","2025-26"
"2024-09-10","51595","Emporia","Age_Group","65+","233","215","527","499","20.3%","47.0%","2023-24"
"2025-10-07","51620","Franklin City","Race and Ethnicity","Native American","6","6","9","8","0.286","0.381","2024-25"
"2025-10-07","51595","Emporia","Age_Group","65+","248","236","447","444","0.222","0.418","2024-25"
"2024-09-10","51620","Franklin City","Race and Ethnicity","Native American","9","9","19","16","42.9%","76.2%","2023-24"
"2026-04-13","51595","Emporia","Race and Ethnicity","Asian or Pacific Islander","0","0","0","0","0","0","2025-26"
"2024-09-10","51620","Franklin City","Sex","Not Reported","0","0","2","2","","","2023-24"
"2024-09-10","51595","Emporia","Race and Ethnicity","Asian or Pacific Islander","2","1","9","9","4.5%","40.9%","2023-24"
"2026-04-13","51620","Franklin City","Race and Ethnicity","Not Reported","0","0","0","0","0","0","2025-26"
"2025-10-07","51595","Emporia","Race and Ethnicity","Asian or Pacific Islander","4","4","11","10","0.182","0.455","2024-25"
"2026-04-13","51620","Franklin City","Sex","Not Reported","0","0","0","0","0","0","2025-26"
"2026-04-13","51595","Emporia","Race and Ethnicity","Black","0","0","0","0","0","0","2025-26"
"2024-09-10","51620","Franklin City","Race and Ethnicity","Not Reported","10","10","100","94","","","2023-24"
"2024-09-10","51595","Emporia","Race and Ethnicity","Black","249","237","719","672","6.8%","19.2%","2023-24"
"2025-10-07","51620","Franklin City","Race and Ethnicity","Not Reported","3","3","60","59","0","0.007","2024-25"
"2025-10-07","51595","Emporia","Race and Ethnicity","Black","257","246","601","585","0.07","0.167","2024-25"
"2026-04-13","51620","Franklin City","Race and Ethnicity","Other Race","0","0","0","0","0","0","2025-26"
"2026-04-13","51595","Emporia","Age_Group","Female","0","0","0","0","0","0","2025-26"
"2024-09-10","51620","Franklin City","Race and Ethnicity","Other Race","1","1","8","8","0.5%","4.1%","2023-24"
"2026-04-13","51595","Emporia","Race and Ethnicity","Female","0","0","0","0","0","0","2025-26"
"2025-10-07","51620","Franklin City","Race and Ethnicity","Other Race","2","2","10","10","0.01","0.052","2024-25"
"2026-04-13","51595","Emporia","Sex","Female","114","112","455","446","0","0","2025-26"
"2025-10-07","51595","Emporia","Sex","Female","221","216","566","553","0","0","2024-25"
"2024-09-10","51595","Emporia","Sex","Female","226","215","702","664","7.4%","22.8%","2023-24"
"2026-04-13","51595","Emporia","Race and Ethnicity","Latino","0","0","0","0","0","0","2025-26"
"2025-10-07","51595","Emporia","Race and Ethnicity","Latino","11","10","76","68","0.03","0.204","2024-25"
"2024-09-10","51595","Emporia","Race and Ethnicity","Latino","11","11","66","61","3.3%","18.3%","2023-24"
"2026-04-13","51595","Emporia","Age_Group","Male","0","0","0","0","0","0","2025-26"
"2026-04-13","51595","Emporia","Race and Ethnicity","Male","0","0","0","0","0","0","2025-26"
"2024-09-10","51595","Emporia","Sex","Male","152","143","440","412","5.7%","16.5%","2023-24"
"2025-10-07","51595","Emporia","Sex","Male","166","156","399","383","0","0","2024-25"
"2026-04-13","51595","Emporia","Sex","Male","80","80","277","272","0","0","2025-26"
"2026-04-13","51595","Emporia","Race and Ethnicity","Native American","0","0","0","0","0","0","2025-26"
"2025-10-07","51595","Emporia","Race and Ethnicity","Native American","1","1","3","3","0","0","2024-25"
"2024-09-10","51595","Emporia","Race and Ethnicity","Native American","2","2","5","5","","","2023-24"
"2026-04-13","51595","Emporia","Race and Ethnicity","Not Reported","0","0","0","0","0","0","2025-26"
"2025-10-07","51595","Emporia","Race and Ethnicity","Not Reported","1","1","11","11","0","0.002","2024-25"
"2024-09-10","51595","Emporia","Race and Ethnicity","Not Reported","2","2","16","12","","","2023-24"
"2026-04-13","51595","Emporia","Race and Ethnicity","Other Race","0","0","0","0","0","0","2025-26"
"2025-10-07","51595","Emporia","Race and Ethnicity","Other Race","1","1","2","2","0.01","0.02","2024-25"
"2024-09-10","51595","Emporia","Race and Ethnicity","Other Race","8","7","5","5","6.9%","5.0%","2023-24"
"2026-04-13","51595","Emporia","Age_Group","Unknown","0","0","0","0","0","0","2025-26"
"2026-04-13","51595","Emporia","Race and Ethnicity","Unknown","0","0","0","0","0","0","2025-26"
"2026-04-13","51595","Emporia","Sex","Unknown","0","0","0","0","0","0","2025-26"
"2026-04-13","51595","Emporia","Race and Ethnicity","White","0","0","0","0","0","0","2025-26"
"2024-09-10","51595","Emporia","Race and Ethnicity","White","104","98","322","312","6.8%","21.6%","2023-24"
"2025-10-07","51595","Emporia","Race and Ethnicity","White","112","109","261","257","0.075","0.178","2024-25"
"2026-04-13","51600","Fairfax City","Age_Group","0-4","0","0","0","0","0","0","2025-26"
"2025-10-07","51600","Fairfax City","Age_Group","0-4","182","140","897","700","0.06","0.299","2024-25"
"2024-09-10","51600","Fairfax City","Age_Group","0-4","280","214","887","721","9.1%","30.8%","2023-24"
"2026-04-13","51600","Fairfax City","Age_Group","12-17","0","0","0","0","0","0","2025-26"
"2025-10-07","51600","Fairfax City","Age_Group","12-17","227","221","567","560","0.129","0.326","2024-25"
"2024-09-10","51600","Fairfax City","Age_Group","12-17","247","244","620","602","14.2%","35.1%","2023-24"
"2026-04-13","51600","Fairfax City","Age_Group","18-30","0","0","0","0","0","0","2025-26"
"2025-10-07","51600","Fairfax City","Age_Group","18-30","462","453","1111","1105","0.108","0.263","2024-25"
"2024-09-10","51600","Fairfax City","Age_Group","18-30","503","496","1,220","1,166","11.8%","27.8%","2023-24"
"2026-04-13","51600","Fairfax City","Age_Group","31-49","0","0","0","0","0","0","2025-26"
"2024-09-10","51600","Fairfax City","Age_Group","31-49","1,148","1,136","2,134","2,032","18.1%","32.3%","2023-24"
"2025-10-07","51600","Fairfax City","Age_Group","31-49","1076","1058","2026","2013","0.168","0.32","2024-25"
"2026-04-13","51600","Fairfax City","Age_Group","50-64","0","0","0","0","0","0","2025-26"
"2024-09-10","51600","Fairfax City","Age_Group","50-64","1,295","1,272","2,209","2,058","27.7%","44.9%","2023-24"
"2025-10-07","51600","Fairfax City","Age_Group","50-64","1140","1108","1898","1877","0.242","0.409","2024-25"
"2026-04-13","51600","Fairfax City","Age_Group","5-11","0","0","0","0","0","0","2025-26"
"2024-09-10","51600","Fairfax City","Age_Group","5-11","316","316","861","826","14.9%","38.9%","2023-24"
"2025-10-07","51600","Fairfax City","Age_Group","5-11","326","324","779","773","0.152","0.364","2024-25"
"2026-04-13","51600","Fairfax City","Age_Group","65+","0","0","0","0","0","0","2025-26"
"2024-09-10","51600","Fairfax City","Age_Group","65+","2,254","1,867","2,891","2,590","52.7%","73.1%","2023-24"
"2025-10-07","51600","Fairfax City","Age_Group","65+","2282","1838","2659","2613","0.519","0.737","2024-25"
"2026-04-13","51600","Fairfax City","Race and Ethnicity","Asian or Pacific Islander","0","0","0","0","0","0","2025-26"
"2024-09-10","51600","Fairfax City","Race and Ethnicity","Asian or Pacific Islander","1,102","1,040","2,299","2,126","21.3%","43.5%","2023-24"
"2025-10-07","51600","Fairfax City","Race and Ethnicity","Asian or Pacific Islander","1021","955","2239","2176","0.196","0.446","2024-25"
"2026-04-13","51620","Franklin City","Age_Group","Unknown","0","0","0","0","0","0","2025-26"
"2026-04-13","51620","Franklin City","Race and Ethnicity","Unknown","0","0","0","0","0","0","2025-26"
"2025-10-07","51620","Franklin City","Sex","UNKNOWN","0","0","3","3","0","0","2024-25"
"2026-04-13","51620","Franklin City","Sex","UNKNOWN","1","1","4","4","0","0","2025-26"
"2026-04-13","51620","Franklin City","Race and Ethnicity","White","0","0","0","0","0","0","2025-26"
"2025-10-07","51620","Franklin City","Race and Ethnicity","White","418","407","907","877","0.129","0.278","2024-25"
"2024-09-10","51620","Franklin City","Race and Ethnicity","White","497","467","985","922","14.8%","29.2%","2023-24"
"2026-04-13","51630","Fredericksburg","Age_Group","0-4","0","0","0","0","0","0","2025-26"
"2025-10-07","51630","Fredericksburg","Age_Group","0-4","14","13","616","494","0.007","0.278","2024-25"
"2024-09-10","51630","Fredericksburg","Age_Group","0-4","30","25","655","518","1.4%","29.1%","2023-24"
"2026-04-13","51630","Fredericksburg","Age_Group","12-17","0","0","0","0","0","0","2025-26"
"2024-09-10","51630","Fredericksburg","Age_Group","12-17","102","93","387","370","3.8%","15.1%","2023-24"
"2025-10-07","51630","Fredericksburg","Age_Group","12-17","74","74","331","328","0.03","0.134","2024-25"
"2026-04-13","51630","Fredericksburg","Age_Group","18-30","0","0","0","0","0","0","2025-26"
"2025-10-07","51630","Fredericksburg","Age_Group","18-30","262","260","689","684","0.034","0.089","2024-25"
"2024-09-10","51630","Fredericksburg","Age_Group","18-30","283","273","749","725","3.5%","9.4%","2023-24"
"2026-04-13","51630","Fredericksburg","Age_Group","31-49","0","0","0","0","0","0","2025-26"
"2025-10-07","51630","Fredericksburg","Age_Group","31-49","565","551","1310","1298","0.085","0.199","2024-25"
"2024-09-10","51630","Fredericksburg","Age_Group","31-49","669","635","1,384","1,316","9.8%","20.2%","2023-24"
"2026-04-13","51630","Fredericksburg","Age_Group","50-64","0","0","0","0","0","0","2025-26"
"2025-10-07","51630","Fredericksburg","Age_Group","50-64","786","771","1384","1368","0.172","0.306","2024-25"
"2024-09-10","51630","Fredericksburg","Age_Group","50-64","929","864","1,588","1,472","19.3%","32.9%","2023-24"
"2026-04-13","51630","Fredericksburg","Age_Group","5-11","0","0","0","0","0","0","2025-26"
"2024-09-10","51630","Fredericksburg","Age_Group","5-11","60","60","494","479","2.5%","20.1%","2023-24"
"2025-10-07","51630","Fredericksburg","Age_Group","5-11","69","68","397","395","0.029","0.166","2024-25"
"2026-04-13","51630","Fredericksburg","Age_Group","65+","0","0","0","0","0","0","2025-26"
"2024-09-10","51630","Fredericksburg","Age_Group","65+","1,715","1,415","2,361","2,104","41.6%","61.8%","2023-24"
"2025-10-07","51630","Fredericksburg","Age_Group","65+","1549","1361","1996","1976","0.4","0.58","2024-25"
"2026-04-13","51630","Fredericksburg","Race and Ethnicity","Asian or Pacific Islander","0","0","0","0","0","0","2025-26"
"2024-09-10","51630","Fredericksburg","Race and Ethnicity","Asian or Pacific Islander","144","132","447","401","14.2%","43.2%","2023-24"
"2025-10-07","51630","Fredericksburg","Race and Ethnicity","Asian or Pacific Islander","145","133","468","448","0.143","0.482","2024-25"
"2026-04-13","51630","Fredericksburg","Race and Ethnicity","Black","0","0","0","0","0","0","2025-26"
"2025-10-07","51630","Fredericksburg","Race and Ethnicity","Black","489","465","1130","1099","0.07","0.166","2024-25"
"2024-09-10","51630","Fredericksburg","Race and Ethnicity","Black","530","487","1,325","1,225","7.4%","18.5%","2023-24"
"2026-04-13","51630","Fredericksburg","Age_Group","Female","0","0","0","0","0","0","2025-26"
"2026-04-13","51630","Fredericksburg","Race and Ethnicity","Female","0","0","0","0","0","0","2025-26"
"2026-04-13","51630","Fredericksburg","Sex","Female","1247","1157","3033","2981","0","0","2025-26"
"2025-10-07","51630","Fredericksburg","Sex","Female","1810","1694","3723","3629","0","0","2024-25"
"2024-09-10","51630","Fredericksburg","Sex","Female","2,121","1,884","4,229","3,876","12.4%","25.5%","2023-24"
"2026-04-13","51630","Fredericksburg","Race and Ethnicity","Latino","0","0","0","0","0","0","2025-26"
"2025-10-07","51630","Fredericksburg","Race and Ethnicity","Latino","144","141","669","647","0.041","0.188","2024-25"
"2024-09-10","51630","Fredericksburg","Race and Ethnicity","Latino","180","168","706","667","4.9%","19.3%","2023-24"
"2026-04-13","51630","Fredericksburg","Age_Group","Male","0","0","0","0","0","0","2025-26"
"2026-04-13","51630","Fredericksburg","Race and Ethnicity","Male","0","0","0","0","0","0","2025-26"
"2024-09-10","51630","Fredericksburg","Sex","Male","1,665","1,479","3,383","3,103","11.0%","23.0%","2023-24"
"2025-10-07","51630","Fredericksburg","Sex","Male","1507","1402","2997","2911","0","0","2024-25"
"2026-04-13","51630","Fredericksburg","Sex","Male","916","848","2361","2314","0","0","2025-26"
"2026-04-13","51630","Fredericksburg","Race and Ethnicity","Native American","0","0","0","0","0","0","2025-26"
"2025-10-07","51630","Fredericksburg","Race and Ethnicity","Native American","47","44","67","67","0.458","0.698","2024-25"
"2024-09-10","51630","Fredericksburg","Race and Ethnicity","Native American","48","43","70","64","44.8%","66.7%","2023-24"
"2026-04-13","51600","Fairfax City","Race and Ethnicity","Black","0","0","0","0","0","0","2025-26"
"2026-04-13","51630","Fredericksburg","Race and Ethnicity","Not Reported","0","0","0","0","0","0","2025-26"
"2026-04-13","51630","Fredericksburg","Sex","Not Reported","0","0","0","0","0","0","2025-26"
"2025-10-07","51600","Fairfax City","Race and Ethnicity","Black","228","214","427","413","0.142","0.275","2024-25"
"2024-09-10","51630","Fredericksburg","Sex","Not Reported","2","2","6","5","","","2023-24"
"2024-09-10","51600","Fairfax City","Race and Ethnicity","Black","244","234","457","420","15.6%","27.9%","2023-24"
"2026-04-13","51600","Fairfax City","Age_Group","Female","0","0","0","0","0","0","2025-26"
"2024-09-10","51630","Fredericksburg","Race and Ethnicity","Not Reported","35","34","372","345","","","2023-24"
"2025-10-07","51630","Fredericksburg","Race and Ethnicity","Not Reported","38","37","250","229","0.001","0.008","2024-25"
"2026-04-13","51600","Fairfax City","Race and Ethnicity","Female","0","0","0","0","0","0","2025-26"
"2026-04-13","51630","Fredericksburg","Race and Ethnicity","Other Race","0","0","0","0","0","0","2025-26"
"2026-04-13","51600","Fairfax City","Sex","Female","2136","1850","4738","4643","0","0","2025-26"
"2024-09-10","51630","Fredericksburg","Race and Ethnicity","Other Race","24","23","115","105","1.7%","7.9%","2023-24"
"2024-09-10","51600","Fairfax City","Sex","Female","3,241","2,977","5,963","5,522","23.6%","43.8%","2023-24"
"2025-10-07","51630","Fredericksburg","Race and Ethnicity","Other Race","50","48","134","128","0.036","0.096","2024-25"
"2025-10-07","51600","Fairfax City","Sex","Female","3072","2779","5479","5323","0","0","2024-25"
"2026-04-13","51600","Fairfax City","Race and Ethnicity","Latino","0","0","0","0","0","0","2025-26"
"2026-04-13","51630","Fredericksburg","Age_Group","Unknown","0","0","0","0","0","0","2025-26"
"2025-10-07","51600","Fairfax City","Race and Ethnicity","Latino","470","433","1241","1211","0.093","0.26","2024-25"
"2026-04-13","51630","Fredericksburg","Race and Ethnicity","Unknown","0","0","0","0","0","0","2025-26"
"2024-09-10","51600","Fairfax City","Race and Ethnicity","Latino","512","483","1,392","1,294","10.4%","27.8%","2023-24"
"2026-04-13","51630","Fredericksburg","Sex","Unknown","1","1","5","5","0","0","2025-26"
"2026-04-13","51600","Fairfax City","Age_Group","Male","0","0","0","0","0","0","2025-26"
"2025-10-07","51630","Fredericksburg","Sex","UNKNOWN","2","2","3","3","0","0","2024-25"
"2026-04-13","51600","Fairfax City","Race and Ethnicity","Male","0","0","0","0","0","0","2025-26"
"2026-04-13","51630","Fredericksburg","Race and Ethnicity","White","0","0","0","0","0","0","2025-26"
"2024-09-10","51630","Fredericksburg","Race and Ethnicity","White","2,827","2,478","4,583","4,177","15.2%","25.7%","2023-24"
"2025-10-07","51630","Fredericksburg","Race and Ethnicity","White","2406","2230","4005","3925","0.137","0.241","2024-25"
"2026-04-13","51640","Galax","Age_Group","0-4","0","0","0","0","0","0","2025-26"
"2024-09-10","51640","Galax","Age_Group","0-4","0","0","84","70","0.0%","13.9%","2023-24"
"2025-10-07","51640","Galax","Age_Group","0-4","1","1","54","47","0.002","0.093","2024-25"
"2026-04-13","51640","Galax","Age_Group","12-17","0","0","0","0","0","0","2025-26"
"2025-10-07","51640","Galax","Age_Group","12-17","3","3","64","62","0.005","0.112","2024-25"
"2024-09-10","51640","Galax","Age_Group","12-17","8","6","71","67","1.1%","12.1%","2023-24"
"2026-04-13","51640","Galax","Age_Group","18-30","0","0","0","0","0","0","2025-26"
"2024-09-10","51640","Galax","Age_Group","18-30","13","13","88","88","1.2%","8.3%","2023-24"
"2025-10-07","51640","Galax","Age_Group","18-30","7","7","69","68","0.007","0.064","2024-25"
"2026-04-13","51640","Galax","Age_Group","31-49","0","0","0","0","0","0","2025-26"
"2025-10-07","51640","Galax","Age_Group","31-49","40","38","198","198","0.027","0.141","2024-25"
"2024-09-10","51640","Galax","Age_Group","31-49","60","52","251","241","3.7%","17.1%","2023-24"
"2026-04-13","51640","Galax","Age_Group","50-64","0","0","0","0","0","0","2025-26"
"2024-09-10","51640","Galax","Age_Group","50-64","139","116","420","396","8.8%","30.0%","2023-24"
"2025-10-07","51640","Galax","Age_Group","50-64","90","90","325","323","0.068","0.245","2024-25"
"2026-04-13","51640","Galax","Age_Group","5-11","0","0","0","0","0","0","2025-26"
"2025-10-07","51640","Galax","Age_Group","5-11","0","0","89","89","0","0.135","2024-25"
"2024-09-10","51640","Galax","Age_Group","5-11","4","3","111","107","0.5%","16.3%","2023-24"
"2026-04-13","51640","Galax","Age_Group","65+","0","0","0","0","0","0","2025-26"
"2025-10-07","51640","Galax","Age_Group","65+","257","242","671","664","0.21","0.575","2024-25"
"2024-09-10","51640","Galax","Age_Group","65+","359","319","802","772","27.6%","66.8%","2023-24"
"2026-04-13","51640","Galax","Race and Ethnicity","Asian or Pacific Islander","0","0","0","0","0","0","2025-26"
"2024-09-10","51640","Galax","Race and Ethnicity","Asian or Pacific Islander","12","10","22","20","27.0%","54.1%","2023-24"
"2025-10-07","51640","Galax","Race and Ethnicity","Asian or Pacific Islander","7","7","16","16","0.189","0.432","2024-25"
"2026-04-13","51640","Galax","Race and Ethnicity","Black","0","0","0","0","0","0","2025-26"
"2025-10-07","51640","Galax","Race and Ethnicity","Black","19","18","68","66","0.049","0.181","2024-25"
"2024-09-10","51640","Galax","Race and Ethnicity","Black","31","30","80","74","8.2%","20.3%","2023-24"
"2026-04-13","51640","Galax","Age_Group","Female","0","0","0","0","0","0","2025-26"
"2026-04-13","51640","Galax","Race and Ethnicity","Female","0","0","0","0","0","0","2025-26"
"2026-04-13","51640","Galax","Sex","Female","133","132","761","750","0","0","2025-26"
"2025-10-07","51640","Galax","Sex","Female","212","204","834","823","0","0","2024-25"
"2024-09-10","51640","Galax","Sex","Female","319","277","1,044","996","7.9%","28.5%","2023-24"
"2026-04-13","51640","Galax","Race and Ethnicity","Latino","0","0","0","0","0","0","2025-26"
"2024-09-10","51640","Galax","Race and Ethnicity","Latino","17","16","185","176","1.4%","15.1%","2023-24"
"2025-10-07","51640","Galax","Race and Ethnicity","Latino","8","8","149","145","0.007","0.124","2024-25"
"2026-04-13","51640","Galax","Age_Group","Male","0","0","0","0","0","0","2025-26"
"2026-04-13","51640","Galax","Race and Ethnicity","Male","0","0","0","0","0","0","2025-26"
"2025-10-07","51640","Galax","Sex","Male","186","177","635","627","0","0","2024-25"
"2024-09-10","51640","Galax","Sex","Male","263","231","779","742","7.3%","23.4%","2023-24"
"2026-04-13","51640","Galax","Sex","Male","95","95","524","515","0","0","2025-26"
"2026-04-13","51640","Galax","Race and Ethnicity","Native American","0","0","0","0","0","0","2025-26"
"2024-09-10","51640","Galax","Race and Ethnicity","Native American","13","10","14","13","166.7%","216.7%","2023-24"
"2025-10-07","51640","Galax","Race and Ethnicity","Native American","5","5","15","15","0.833","2.5","2024-25"
"2026-04-13","51640","Galax","Race and Ethnicity","Not Reported","0","0","0","0","0","0","2025-26"
"2026-04-13","51640","Galax","Sex","Not Reported","0","0","0","0","0","0","2025-26"
"2024-09-10","51640","Galax","Sex","Not Reported","1","1","4","3","","","2023-24"
"2024-09-10","51640","Galax","Race and Ethnicity","Not Reported","17","17","146","138","","","2023-24"
"2025-10-07","51640","Galax","Race and Ethnicity","Not Reported","8","7","62","62","0.001","0.009","2024-25"
"2026-04-13","51640","Galax","Race and Ethnicity","Other Race","0","0","0","0","0","0","2025-26"
"2025-10-07","51640","Galax","Race and Ethnicity","Other Race","3","3","10","10","0.02","0.068","2024-25"
"2024-09-10","51640","Galax","Race and Ethnicity","Other Race","3","3","18","16","2.0%","10.8%","2023-24"
"2026-04-13","51640","Galax","Age_Group","Unknown","0","0","0","0","0","0","2025-26"
"2026-04-13","51640","Galax","Race and Ethnicity","Unknown","0","0","0","0","0","0","2025-26"
"2026-04-13","51640","Galax","Sex","Unknown","0","0","0","0","0","0","2025-26"
"2025-10-07","51640","Galax","Sex","UNKNOWN","0","0","1","1","0","0","2024-25"
"2026-04-13","51640","Galax","Race and Ethnicity","White","0","0","0","0","0","0","2025-26"
"2025-10-07","51640","Galax","Race and Ethnicity","White","348","333","1150","1137","0.067","0.23","2024-25"
"2024-09-10","51640","Galax","Race and Ethnicity","White","490","423","1,362","1,304","8.6%","26.4%","2023-24"
"2026-04-13","51650","Hampton","Age_Group","0-4","0","0","0","0","0","0","2025-26"
"2024-09-10","51650","Hampton","Age_Group","0-4","150","121","2,700","2,141","1.5%","26.4%","2023-24"
"2025-10-07","51650","Hampton","Age_Group","0-4","90","78","2817","2268","0.01","0.279","2024-25"
"2026-04-13","51650","Hampton","Age_Group","12-17","0","0","0","0","0","0","2025-26"
"2025-10-07","51650","Hampton","Age_Group","12-17","250","248","1775","1765","0.024","0.173","2024-25"
"2024-09-10","51650","Hampton","Age_Group","12-17","297","290","1,817","1,758","2.8%","17.3%","2023-24"
"2026-04-13","51650","Hampton","Age_Group","18-30","0","0","0","0","0","0","2025-26"
"2025-10-07","51650","Hampton","Age_Group","18-30","730","714","3464","3417","0.025","0.122","2024-25"
"2024-09-10","51650","Hampton","Age_Group","18-30","731","709","3,351","3,260","2.5%","11.6%","2023-24"
"2026-04-13","51650","Hampton","Age_Group","31-49","0","0","0","0","0","0","2025-26"
"2024-09-10","51650","Hampton","Age_Group","31-49","1,707","1,631","6,142","5,900","5.1%","18.3%","2023-24"
"2025-10-07","51650","Hampton","Age_Group","31-49","1582","1549","5977","5915","0.048","0.184","2024-25"
"2026-04-13","51650","Hampton","Age_Group","50-64","0","0","0","0","0","0","2025-26"
"2024-09-10","51650","Hampton","Age_Group","50-64","3,793","3,556","8,545","7,999","14.3%","32.3%","2023-24"
"2025-10-07","51650","Hampton","Age_Group","50-64","3275","3185","7738","7614","0.128","0.307","2024-25"
"2026-04-13","51650","Hampton","Age_Group","5-11","0","0","0","0","0","0","2025-26"
"2024-09-10","51650","Hampton","Age_Group","5-11","157","155","2,552","2,470","1.3%","21.4%","2023-24"
"2025-10-07","51650","Hampton","Age_Group","5-11","168","166","2522","2485","0.014","0.215","2024-25"
"2026-04-13","51650","Hampton","Age_Group","65+","0","0","0","0","0","0","2025-26"
"2024-09-10","51650","Hampton","Age_Group","65+","8,794","7,798","15,301","13,837","33.7%","59.9%","2023-24"
"2025-10-07","51650","Hampton","Age_Group","65+","8397","7784","13585","13265","0.337","0.574","2024-25"
"2026-04-13","51650","Hampton","Race and Ethnicity","Asian or Pacific Islander","0","0","0","0","0","0","2025-26"
"2024-09-10","51650","Hampton","Race and Ethnicity","Asian or Pacific Islander","377","349","1,143","1,073","9.4%","28.8%","2023-24"
"2025-10-07","51650","Hampton","Race and Ethnicity","Asian or Pacific Islander","429","404","1325","1284","0.108","0.345","2024-25"
"2026-04-13","51650","Hampton","Race and Ethnicity","Black","0","0","0","0","0","0","2025-26"
"2025-10-07","51650","Hampton","Race and Ethnicity","Black","7627","7259","18589","18000","0.105","0.259","2024-25"
"2024-09-10","51650","Hampton","Race and Ethnicity","Black","8,109","7,412","19,520","18,015","10.7%","26.0%","2023-24"
"2026-04-13","51650","Hampton","Age_Group","Female","0","0","0","0","0","0","2025-26"
"2026-04-13","51650","Hampton","Race and Ethnicity","Female","0","0","0","0","0","0","2025-26"
"2026-04-13","51650","Hampton","Sex","Female","4654","4518","18370","17900","0","0","2025-26"
"2025-10-07","51650","Hampton","Sex","Female","8477","8045","22208","21560","0","0","2024-25"
"2024-09-10","51650","Hampton","Sex","Female","9,304","8,524","23,635","21,856","11.9%","30.5%","2023-24"
"2026-04-13","51650","Hampton","Race and Ethnicity","Latino","0","0","0","0","0","0","2025-26"
"2025-10-07","51650","Hampton","Race and Ethnicity","Latino","426","407","1747","1679","0.042","0.173","2024-25"
"2024-09-10","51650","Hampton","Race and Ethnicity","Latino","467","433","1,692","1,563","4.5%","16.1%","2023-24"
"2026-04-13","51650","Hampton","Age_Group","Male","0","0","0","0","0","0","2025-26"
"2026-04-13","51650","Hampton","Race and Ethnicity","Male","0","0","0","0","0","0","2025-26"
"2026-04-13","51650","Hampton","Sex","Male","3171","3064","13045","12695","0","0","2025-26"
"2024-09-10","51650","Hampton","Sex","Male","6,317","5,728","16,718","15,455","8.6%","23.3%","2023-24"
"2025-10-07","51650","Hampton","Sex","Male","6010","5674","15600","15099","0","0","2024-25"
"2026-04-13","51650","Hampton","Race and Ethnicity","Native American","0","0","0","0","0","0","2025-26"
"2024-09-10","51650","Hampton","Race and Ethnicity","Native American","171","151","371","331","31.2%","68.4%","2023-24"
"2025-10-07","51650","Hampton","Race and Ethnicity","Native American","188","176","371","355","0.364","0.733","2024-25"
"2026-04-13","51650","Hampton","Race and Ethnicity","Not Reported","0","0","0","0","0","0","2025-26"
"2026-04-13","51650","Hampton","Sex","Not Reported","0","0","0","0","0","0","2025-26"
"2025-10-07","51650","Hampton","Race and Ethnicity","Not Reported","125","123","1219","1167","0.001","0.008","2024-25"
"2024-09-10","51650","Hampton","Race and Ethnicity","Not Reported","180","170","1,899","1,770","","","2023-24"
"2024-09-10","51650","Hampton","Sex","Not Reported","8","8","55","54","","","2023-24"
"2025-10-07","51650","Hampton","Sex","OTHER","0","0","1","1","0","0","2024-25"
"2026-04-13","51650","Hampton","Race and Ethnicity","Other Race","0","0","0","0","0","0","2025-26"
"2024-09-10","51650","Hampton","Race and Ethnicity","Other Race","111","102","664","625","1.9%","11.6%","2023-24"
"2025-10-07","51650","Hampton","Race and Ethnicity","Other Race","122","115","737","699","0.021","0.13","2024-25"
"2026-04-13","51650","Hampton","Age_Group","Unknown","0","0","0","0","0","0","2025-26"
"2026-04-13","51680","Lynchburg","Age_Group","5-11","0","0","0","0","0","0","2025-26"
"2026-04-13","51650","Hampton","Race and Ethnicity","Unknown","0","0","0","0","0","0","2025-26"
"2025-10-07","51680","Lynchburg","Age_Group","5-11","48","48","763","760","0.009","0.139","2024-25"
"2026-04-13","51650","Hampton","Sex","UNKNOWN","3","3","40","40","0","0","2025-26"
"2024-09-10","51680","Lynchburg","Age_Group","5-11","61","60","786","762","1.1%","13.9%","2023-24"
"2025-10-07","51650","Hampton","Sex","UNKNOWN","5","5","69","69","0","0","2024-25"
"2026-04-13","51680","Lynchburg","Age_Group","65+","0","0","0","0","0","0","2025-26"
"2026-04-13","51650","Hampton","Race and Ethnicity","White","0","0","0","0","0","0","2025-26"
"2024-09-10","51680","Lynchburg","Age_Group","65+","4,795","4,026","7,788","7,215","35.0%","62.7%","2023-24"
"2025-10-07","51650","Hampton","Race and Ethnicity","White","5575","5240","13890","13545","0.106","0.275","2024-25"
"2025-10-07","51680","Lynchburg","Age_Group","65+","4210","3755","7192","7125","0.326","0.619","2024-25"
"2024-09-10","51650","Hampton","Race and Ethnicity","White","6,214","5,643","15,119","13,988","11.4%","28.4%","2023-24"
"2026-04-13","51680","Lynchburg","Race and Ethnicity","Asian or Pacific Islander","0","0","0","0","0","0","2025-26"
"2026-04-13","51660","Harrisonburg","Age_Group","0-4","0","0","0","0","0","0","2025-26"
"2025-10-07","51680","Lynchburg","Race and Ethnicity","Asian or Pacific Islander","125","118","492","485","0.054","0.22","2024-25"
"2024-09-10","51660","Harrisonburg","Age_Group","0-4","104","84","1,167","950","3.0%","34.4%","2023-24"
"2024-09-10","51680","Lynchburg","Race and Ethnicity","Asian or Pacific Islander","152","131","500","468","5.9%","21.2%","2023-24"
"2025-10-07","51660","Harrisonburg","Age_Group","0-4","88","75","1081","876","0.027","0.317","2024-25"
"2026-04-13","51680","Lynchburg","Race and Ethnicity","Black","0","0","0","0","0","0","2025-26"
"2026-04-13","51660","Harrisonburg","Age_Group","12-17","0","0","0","0","0","0","2025-26"
"2024-09-10","51680","Lynchburg","Race and Ethnicity","Black","1,601","1,437","4,781","4,513","6.6%","20.7%","2023-24"
"2024-09-10","51660","Harrisonburg","Age_Group","12-17","217","204","691","673","3.6%","11.9%","2023-24"
"2025-10-07","51680","Lynchburg","Race and Ethnicity","Black","1521","1445","4430","4353","0.066","0.199","2024-25"
"2025-10-07","51660","Harrisonburg","Age_Group","12-17","217","215","675","667","0.038","0.117","2024-25"
"2026-04-13","51680","Lynchburg","Age_Group","Female","0","0","0","0","0","0","2025-26"
"2026-04-13","51660","Harrisonburg","Age_Group","18-30","0","0","0","0","0","0","2025-26"
"2026-04-13","51680","Lynchburg","Race and Ethnicity","Female","0","0","0","0","0","0","2025-26"
"2024-09-10","51660","Harrisonburg","Age_Group","18-30","640","615","1,964","1,885","3.5%","10.6%","2023-24"
"2026-04-13","51680","Lynchburg","Sex","Female","2128","2050","8799","8684","0","0","2025-26"
"2025-10-07","51680","Lynchburg","Sex","Female","3771","3497","10428","10245","0","0","2024-25"
"2025-10-07","51660","Harrisonburg","Age_Group","18-30","649","636","1752","1742","0.036","0.098","2024-25"
"2024-09-10","51680","Lynchburg","Sex","Female","4,532","3,957","11,114","10,461","9.4%","24.9%","2023-24"
"2026-04-13","51660","Harrisonburg","Age_Group","31-49","0","0","0","0","0","0","2025-26"
"2026-04-13","51680","Lynchburg","Race and Ethnicity","Latino","0","0","0","0","0","0","2025-26"
"2024-09-10","51660","Harrisonburg","Age_Group","31-49","1,266","1,155","2,714","2,558","11.2%","24.8%","2023-24"
"2025-10-07","51680","Lynchburg","Race and Ethnicity","Latino","163","158","639","618","0.041","0.16","2024-25"
"2025-10-07","51660","Harrisonburg","Age_Group","31-49","1116","1085","2469","2428","0.105","0.235","2024-25"
"2024-09-10","51680","Lynchburg","Race and Ethnicity","Latino","173","161","591","558","4.2%","14.5%","2023-24"
"2026-04-13","51660","Harrisonburg","Age_Group","50-64","0","0","0","0","0","0","2025-26"
"2026-04-13","51680","Lynchburg","Age_Group","Male","0","0","0","0","0","0","2025-26"
"2024-09-10","51660","Harrisonburg","Age_Group","50-64","1,152","1,014","2,271","2,104","16.7%","34.7%","2023-24"
"2026-04-13","51680","Lynchburg","Race and Ethnicity","Male","0","0","0","0","0","0","2025-26"
"2025-10-07","51660","Harrisonburg","Age_Group","50-64","975","937","1837","1821","0.155","0.301","2024-25"
"2026-04-13","51680","Lynchburg","Sex","Male","1624","1563","5997","5899","0","0","2025-26"
"2026-04-13","51660","Harrisonburg","Age_Group","5-11","0","0","0","0","0","0","2025-26"
"2025-10-07","51680","Lynchburg","Sex","Male","2870","2651","7197","7030","0","0","2024-25"
"2024-09-10","51660","Harrisonburg","Age_Group","5-11","256","254","979","937","7.9%","29.3%","2023-24"
"2024-09-10","51680","Lynchburg","Sex","Male","3,199","2,789","7,716","7,234","7.5%","19.4%","2023-24"
"2025-10-07","51660","Harrisonburg","Age_Group","5-11","257","256","912","894","0.08","0.28","2024-25"
"2026-04-13","51680","Lynchburg","Race and Ethnicity","Native American","0","0","0","0","0","0","2025-26"
"2026-04-13","51660","Harrisonburg","Age_Group","65+","0","0","0","0","0","0","2025-26"
"2024-09-10","51680","Lynchburg","Race and Ethnicity","Native American","85","72","205","194","29.0%","78.2%","2023-24"
"2024-09-10","51660","Harrisonburg","Age_Group","65+","2,818","2,096","3,777","3,276","39.5%","61.7%","2023-24"
"2025-10-07","51680","Lynchburg","Race and Ethnicity","Native American","86","78","207","203","0.315","0.819","2024-25"
"2025-10-07","51660","Harrisonburg","Age_Group","65+","2386","2026","3033","2988","0.382","0.563","2024-25"
"2024-09-10","51680","Lynchburg","Sex","Not Reported","0","0","2","2","","","2023-24"
"2026-04-13","51660","Harrisonburg","Race and Ethnicity","Asian or Pacific Islander","0","0","0","0","0","0","2025-26"
