"geography_description","geography_level","week_ending","respiratory_season","covid_19_dose_count","influenza_dose_count"
"Albany","COUNTY","2024-08-06T00:00:00.000","2024-2025","0","52"
"Allegany","COUNTY","2024-08-06T00:00:00.000","2024-2025","0","0"
"Bronx","COUNTY","2024-08-06T00:00:00.000","2024-2025","0","0"
"Broome","COUNTY","2024-08-06T00:00:00.000","2024-2025","0","13"
"Cattaraugus","COUNTY","2024-08-06T00:00:00.000","2024-2025","0","20"
"Cayuga","COUNTY","2024-08-06T00:00:00.000","2024-2025","0","11"
"Chautauqua","COUNTY","2024-08-06T00:00:00.000","2024-2025","0","45"
"Chemung","COUNTY","2024-08-06T00:00:00.000","2024-2025","0","14"
"Chenango","COUNTY","2024-08-06T00:00:00.000","2024-2025","0","1"
"Clinton","COUNTY","2024-08-06T00:00:00.000","2024-2025","0","20"
"Columbia","COUNTY","2024-08-06T00:00:00.000","2024-2025","0","4"
"Cortland","COUNTY","2024-08-06T00:00:00.000","2024-2025","0","8"
"Delaware","COUNTY","2024-08-06T00:00:00.000","2024-2025","0","4"
"Dutchess","COUNTY","2024-08-06T00:00:00.000","2024-2025","0","31"
"Erie","COUNTY","2024-08-06T00:00:00.000","2024-2025","0","184"
"Essex","COUNTY","2024-08-06T00:00:00.000","2024-2025","0","3"
"Franklin","COUNTY","2024-08-06T00:00:00.000","2024-2025","0","8"
"Fulton","COUNTY","2024-08-06T00:00:00.000","2024-2025","0","11"
"Genesee","COUNTY","2024-08-06T00:00:00.000","2024-2025","0","6"
"Greene","COUNTY","2024-08-06T00:00:00.000","2024-2025","0","7"
"Hamilton","COUNTY","2024-08-06T00:00:00.000","2024-2025","0","0"
"Herkimer","COUNTY","2024-08-06T00:00:00.000","2024-2025","0","20"
"Jefferson","COUNTY","2024-08-06T00:00:00.000","2024-2025","0","19"
"Kings","COUNTY","2024-08-06T00:00:00.000","2024-2025","0","0"
"Lewis","COUNTY","2024-08-06T00:00:00.000","2024-2025","0","4"
"Livingston","COUNTY","2024-08-06T00:00:00.000","2024-2025","0","4"
"Madison","COUNTY","2024-08-06T00:00:00.000","2024-2025","0","18"
"Monroe","COUNTY","2024-08-06T00:00:00.000","2024-2025","0","140"
"Montgomery","COUNTY","2024-08-06T00:00:00.000","2024-2025","0","4"
"Nassau","COUNTY","2024-08-06T00:00:00.000","2024-2025","0","219"
"New York","COUNTY","2024-08-06T00:00:00.000","2024-2025","0","0"
"Niagara","COUNTY","2024-08-06T00:00:00.000","2024-2025","0","27"
"Oneida","COUNTY","2024-08-06T00:00:00.000","2024-2025","0","38"
"Onondaga","COUNTY","2024-08-06T00:00:00.000","2024-2025","0","80"
"Ontario","COUNTY","2024-08-06T00:00:00.000","2024-2025","0","21"
"Orange","COUNTY","2024-08-06T00:00:00.000","2024-2025","0","48"
"Orleans","COUNTY","2024-08-06T00:00:00.000","2024-2025","0","4"
"Oswego","COUNTY","2024-08-06T00:00:00.000","2024-2025","0","16"
"Otsego","COUNTY","2024-08-06T00:00:00.000","2024-2025","0","10"
"Putnam","COUNTY","2024-08-06T00:00:00.000","2024-2025","0","11"
"Queens","COUNTY","2024-08-06T00:00:00.000","2024-2025","0","0"
"Rensselaer","COUNTY","2024-08-06T00:00:00.000","2024-2025","0","16"
"Richmond","COUNTY","2024-08-06T00:00:00.000","2024-2025","0","0"
"Rockland","COUNTY","2024-08-06T00:00:00.000","2024-2025","0","60"
"Saratoga","COUNTY","2024-08-06T00:00:00.000","2024-2025","0","25"
"Schenectady","COUNTY","2024-08-06T00:00:00.000","2024-2025","0","18"
"Schoharie","COUNTY","2024-08-06T00:00:00.000","2024-2025","0","3"
"Schuyler","COUNTY","2024-08-06T00:00:00.000","2024-2025","0","5"
"Seneca","COUNTY","2024-08-06T00:00:00.000","2024-2025","0","7"
"St. Lawrence","COUNTY","2024-08-06T00:00:00.000","2024-2025","0","8"
"Steuben","COUNTY","2024-08-06T00:00:00.000","2024-2025","0","10"
"Suffolk","COUNTY","2024-08-06T00:00:00.000","2024-2025","0","230"
"Sullivan","COUNTY","2024-08-06T00:00:00.000","2024-2025","0","11"
"Tioga","COUNTY","2024-08-06T00:00:00.000","2024-2025","0","14"
"Tompkins","COUNTY","2024-08-06T00:00:00.000","2024-2025","0","24"
"Ulster","COUNTY","2024-08-06T00:00:00.000","2024-2025","0","24"
"Warren","COUNTY","2024-08-06T00:00:00.000","2024-2025","0","3"
"Washington","COUNTY","2024-08-06T00:00:00.000","2024-2025","0","3"
"Wayne","COUNTY","2024-08-06T00:00:00.000","2024-2025","0","20"
"Westchester","COUNTY","2024-08-06T00:00:00.000","2024-2025","0","138"
"Wyoming","COUNTY","2024-08-06T00:00:00.000","2024-2025","0","1"
"Yates","COUNTY","2024-08-06T00:00:00.000","2024-2025","0","5"
"Capital Region","REGION","2024-08-06T00:00:00.000","2024-2025","0","128"
"Central New York","REGION","2024-08-06T00:00:00.000","2024-2025","0","133"
"Finger Lakes","REGION","2024-08-06T00:00:00.000","2024-2025","0","208"
"Long Island","REGION","2024-08-06T00:00:00.000","2024-2025","0","449"
"Mid-Hudson","REGION","2024-08-06T00:00:00.000","2024-2025","0","323"
"Mohawk Valley","REGION","2024-08-06T00:00:00.000","2024-2025","0","86"
"New York City","REGION","2024-08-06T00:00:00.000","2024-2025","0","0"
"North Country","REGION","2024-08-06T00:00:00.000","2024-2025","0","62"
"Southern Tier","REGION","2024-08-06T00:00:00.000","2024-2025","0","85"
"Western New York","REGION","2024-08-06T00:00:00.000","2024-2025","0","276"
"ROS","REST OF STATE","2024-08-06T00:00:00.000","2024-2025","0","1750"
"Albany","COUNTY","2024-08-13T00:00:00.000","2024-2025","0","113"
"Allegany","COUNTY","2024-08-13T00:00:00.000","2024-2025","0","5"
"Bronx","COUNTY","2024-08-13T00:00:00.000","2024-2025","0","0"
"Broome","COUNTY","2024-08-13T00:00:00.000","2024-2025","0","110"
"Cattaraugus","COUNTY","2024-08-13T00:00:00.000","2024-2025","0","24"
"Cayuga","COUNTY","2024-08-13T00:00:00.000","2024-2025","0","30"
"Chautauqua","COUNTY","2024-08-13T00:00:00.000","2024-2025","0","83"
"Chemung","COUNTY","2024-08-13T00:00:00.000","2024-2025","0","45"
"Chenango","COUNTY","2024-08-13T00:00:00.000","2024-2025","0","8"
"Clinton","COUNTY","2024-08-13T00:00:00.000","2024-2025","0","34"
"Columbia","COUNTY","2024-08-13T00:00:00.000","2024-2025","0","6"
"Cortland","COUNTY","2024-08-13T00:00:00.000","2024-2025","0","26"
"Delaware","COUNTY","2024-08-13T00:00:00.000","2024-2025","0","14"
"Dutchess","COUNTY","2024-08-13T00:00:00.000","2024-2025","0","93"
"Erie","COUNTY","2024-08-13T00:00:00.000","2024-2025","0","842"
"Essex","COUNTY","2024-08-13T00:00:00.000","2024-2025","0","7"
"Franklin","COUNTY","2024-08-13T00:00:00.000","2024-2025","0","17"
"Fulton","COUNTY","2024-08-13T00:00:00.000","2024-2025","0","23"
"Genesee","COUNTY","2024-08-13T00:00:00.000","2024-2025","0","30"
"Greene","COUNTY","2024-08-13T00:00:00.000","2024-2025","0","6"
"Hamilton","COUNTY","2024-08-13T00:00:00.000","2024-2025","0","1"
"Herkimer","COUNTY","2024-08-13T00:00:00.000","2024-2025","0","27"
"Jefferson","COUNTY","2024-08-13T00:00:00.000","2024-2025","0","26"
"Kings","COUNTY","2024-08-13T00:00:00.000","2024-2025","0","0"
"Lewis","COUNTY","2024-08-13T00:00:00.000","2024-2025","0","11"
"Livingston","COUNTY","2024-08-13T00:00:00.000","2024-2025","0","14"
"Madison","COUNTY","2024-08-13T00:00:00.000","2024-2025","0","27"
"Monroe","COUNTY","2024-08-13T00:00:00.000","2024-2025","0","450"
"Montgomery","COUNTY","2024-08-13T00:00:00.000","2024-2025","0","21"
"Nassau","COUNTY","2024-08-13T00:00:00.000","2024-2025","0","614"
"New York","COUNTY","2024-08-13T00:00:00.000","2024-2025","0","0"
"Niagara","COUNTY","2024-08-13T00:00:00.000","2024-2025","0","111"
"Oneida","COUNTY","2024-08-13T00:00:00.000","2024-2025","0","81"
"Onondaga","COUNTY","2024-08-13T00:00:00.000","2024-2025","0","344"
"Ontario","COUNTY","2024-08-13T00:00:00.000","2024-2025","0","88"
"Orange","COUNTY","2024-08-13T00:00:00.000","2024-2025","0","93"
"Orleans","COUNTY","2024-08-13T00:00:00.000","2024-2025","0","11"
"Oswego","COUNTY","2024-08-13T00:00:00.000","2024-2025","0","30"
"Otsego","COUNTY","2024-08-13T00:00:00.000","2024-2025","0","16"
"Putnam","COUNTY","2024-08-13T00:00:00.000","2024-2025","0","43"
"Queens","COUNTY","2024-08-13T00:00:00.000","2024-2025","0","0"
"Rensselaer","COUNTY","2024-08-13T00:00:00.000","2024-2025","0","33"
"Richmond","COUNTY","2024-08-13T00:00:00.000","2024-2025","0","0"
"Rockland","COUNTY","2024-08-13T00:00:00.000","2024-2025","0","105"
"Saratoga","COUNTY","2024-08-13T00:00:00.000","2024-2025","0","108"
"Schenectady","COUNTY","2024-08-13T00:00:00.000","2024-2025","0","31"
"Schoharie","COUNTY","2024-08-13T00:00:00.000","2024-2025","0","4"
"Schuyler","COUNTY","2024-08-13T00:00:00.000","2024-2025","0","10"
"Seneca","COUNTY","2024-08-13T00:00:00.000","2024-2025","0","17"
"St. Lawrence","COUNTY","2024-08-13T00:00:00.000","2024-2025","0","26"
"Steuben","COUNTY","2024-08-13T00:00:00.000","2024-2025","0","22"
"Suffolk","COUNTY","2024-08-13T00:00:00.000","2024-2025","0","715"
"Sullivan","COUNTY","2024-08-13T00:00:00.000","2024-2025","0","13"
"Tioga","COUNTY","2024-08-13T00:00:00.000","2024-2025","0","31"
"Tompkins","COUNTY","2024-08-13T00:00:00.000","2024-2025","0","64"
"Ulster","COUNTY","2024-08-13T00:00:00.000","2024-2025","0","35"
"Warren","COUNTY","2024-08-13T00:00:00.000","2024-2025","0","19"
"Washington","COUNTY","2024-08-13T00:00:00.000","2024-2025","0","8"
"Wayne","COUNTY","2024-08-13T00:00:00.000","2024-2025","0","57"
"Westchester","COUNTY","2024-08-13T00:00:00.000","2024-2025","0","427"
"Wyoming","COUNTY","2024-08-13T00:00:00.000","2024-2025","0","20"
"Yates","COUNTY","2024-08-13T00:00:00.000","2024-2025","0","3"
"Capital Region","REGION","2024-08-13T00:00:00.000","2024-2025","0","324"
"Central New York","REGION","2024-08-13T00:00:00.000","2024-2025","0","457"
"Finger Lakes","REGION","2024-08-13T00:00:00.000","2024-2025","0","690"
"Long Island","REGION","2024-08-13T00:00:00.000","2024-2025","0","1329"
"Mid-Hudson","REGION","2024-08-13T00:00:00.000","2024-2025","0","809"
"Mohawk Valley","REGION","2024-08-13T00:00:00.000","2024-2025","0","172"
"New York City","REGION","2024-08-13T00:00:00.000","2024-2025","0","0"
"North Country","REGION","2024-08-13T00:00:00.000","2024-2025","0","122"
"Southern Tier","REGION","2024-08-13T00:00:00.000","2024-2025","0","304"
"Western New York","REGION","2024-08-13T00:00:00.000","2024-2025","0","1065"
"ROS","REST OF STATE","2024-08-13T00:00:00.000","2024-2025","0","5272"
"Albany","COUNTY","2024-08-20T00:00:00.000","2024-2025","0","216"
"Allegany","COUNTY","2024-08-20T00:00:00.000","2024-2025","0","19"
"Bronx","COUNTY","2024-08-20T00:00:00.000","2024-2025","0","0"
"Broome","COUNTY","2024-08-20T00:00:00.000","2024-2025","0","163"
"Cattaraugus","COUNTY","2024-08-20T00:00:00.000","2024-2025","0","81"
"Cayuga","COUNTY","2024-08-20T00:00:00.000","2024-2025","0","61"
"Chautauqua","COUNTY","2024-08-20T00:00:00.000","2024-2025","0","138"
"Chemung","COUNTY","2024-08-20T00:00:00.000","2024-2025","0","68"
"Chenango","COUNTY","2024-08-20T00:00:00.000","2024-2025","0","11"
"Clinton","COUNTY","2024-08-20T00:00:00.000","2024-2025","0","55"
"Columbia","COUNTY","2024-08-20T00:00:00.000","2024-2025","0","28"
"Cortland","COUNTY","2024-08-20T00:00:00.000","2024-2025","0","33"
"Delaware","COUNTY","2024-08-20T00:00:00.000","2024-2025","0","8"
"Dutchess","COUNTY","2024-08-20T00:00:00.000","2024-2025","0","213"
"Erie","COUNTY","2024-08-20T00:00:00.000","2024-2025","0","1627"
"Essex","COUNTY","2024-08-20T00:00:00.000","2024-2025","0","21"
"Franklin","COUNTY","2024-08-20T00:00:00.000","2024-2025","0","19"
"Fulton","COUNTY","2024-08-20T00:00:00.000","2024-2025","0","46"
"Genesee","COUNTY","2024-08-20T00:00:00.000","2024-2025","0","55"
"Greene","COUNTY","2024-08-20T00:00:00.000","2024-2025","0","8"
"Hamilton","COUNTY","2024-08-20T00:00:00.000","2024-2025","0","1"
"Herkimer","COUNTY","2024-08-20T00:00:00.000","2024-2025","0","38"
"Jefferson","COUNTY","2024-08-20T00:00:00.000","2024-2025","0","61"
"Kings","COUNTY","2024-08-20T00:00:00.000","2024-2025","0","0"
"Lewis","COUNTY","2024-08-20T00:00:00.000","2024-2025","0","29"
"Livingston","COUNTY","2024-08-20T00:00:00.000","2024-2025","0","55"
"Madison","COUNTY","2024-08-20T00:00:00.000","2024-2025","0","60"
"Monroe","COUNTY","2024-08-20T00:00:00.000","2024-2025","0","1468"
"Montgomery","COUNTY","2024-08-20T00:00:00.000","2024-2025","0","34"
"Nassau","COUNTY","2024-08-20T00:00:00.000","2024-2025","0","1347"
"New York","COUNTY","2024-08-20T00:00:00.000","2024-2025","0","0"
"Niagara","COUNTY","2024-08-20T00:00:00.000","2024-2025","0","242"
"Oneida","COUNTY","2024-08-20T00:00:00.000","2024-2025","0","181"
"Onondaga","COUNTY","2024-08-20T00:00:00.000","2024-2025","0","659"
"Ontario","COUNTY","2024-08-20T00:00:00.000","2024-2025","0","243"
"Orange","COUNTY","2024-08-20T00:00:00.000","2024-2025","0","216"
"Orleans","COUNTY","2024-08-20T00:00:00.000","2024-2025","0","29"
"Oswego","COUNTY","2024-08-20T00:00:00.000","2024-2025","0","70"
"Otsego","COUNTY","2024-08-20T00:00:00.000","2024-2025","0","21"
"Putnam","COUNTY","2024-08-20T00:00:00.000","2024-2025","0","63"
"Queens","COUNTY","2024-08-20T00:00:00.000","2024-2025","0","0"
"Rensselaer","COUNTY","2024-08-20T00:00:00.000","2024-2025","0","104"
"Richmond","COUNTY","2024-08-20T00:00:00.000","2024-2025","0","0"
"Rockland","COUNTY","2024-08-20T00:00:00.000","2024-2025","0","143"
"Saratoga","COUNTY","2024-08-20T00:00:00.000","2024-2025","0","192"
"Schenectady","COUNTY","2024-08-20T00:00:00.000","2024-2025","0","127"
"Schoharie","COUNTY","2024-08-20T00:00:00.000","2024-2025","0","9"
"Schuyler","COUNTY","2024-08-20T00:00:00.000","2024-2025","0","24"
"Seneca","COUNTY","2024-08-20T00:00:00.000","2024-2025","0","31"
"St. Lawrence","COUNTY","2024-08-20T00:00:00.000","2024-2025","0","37"
"Steuben","COUNTY","2024-08-20T00:00:00.000","2024-2025","0","87"
"Suffolk","COUNTY","2024-08-20T00:00:00.000","2024-2025","0","1314"
"Sullivan","COUNTY","2024-08-20T00:00:00.000","2024-2025","0","16"
"Tioga","COUNTY","2024-08-20T00:00:00.000","2024-2025","0","46"
"Tompkins","COUNTY","2024-08-20T00:00:00.000","2024-2025","0","153"
"Ulster","COUNTY","2024-08-20T00:00:00.000","2024-2025","0","79"
"Warren","COUNTY","2024-08-20T00:00:00.000","2024-2025","0","37"
"Washington","COUNTY","2024-08-20T00:00:00.000","2024-2025","0","18"
"Wayne","COUNTY","2024-08-20T00:00:00.000","2024-2025","0","129"
"Westchester","COUNTY","2024-08-20T00:00:00.000","2024-2025","0","716"
"Wyoming","COUNTY","2024-08-20T00:00:00.000","2024-2025","0","38"
"Yates","COUNTY","2024-08-20T00:00:00.000","2024-2025","0","40"
"Capital Region","REGION","2024-08-20T00:00:00.000","2024-2025","0","730"
"Central New York","REGION","2024-08-20T00:00:00.000","2024-2025","0","883"
"Finger Lakes","REGION","2024-08-20T00:00:00.000","2024-2025","0","2088"
"Long Island","REGION","2024-08-20T00:00:00.000","2024-2025","0","2661"
"Mid-Hudson","REGION","2024-08-20T00:00:00.000","2024-2025","0","1446"
"Mohawk Valley","REGION","2024-08-20T00:00:00.000","2024-2025","0","329"
"New York City","REGION","2024-08-20T00:00:00.000","2024-2025","0","0"
"North Country","REGION","2024-08-20T00:00:00.000","2024-2025","0","223"
"Southern Tier","REGION","2024-08-20T00:00:00.000","2024-2025","0","560"
"Western New York","REGION","2024-08-20T00:00:00.000","2024-2025","0","2107"
"ROS","REST OF STATE","2024-08-20T00:00:00.000","2024-2025","0","11027"
"Albany","COUNTY","2024-08-27T00:00:00.000","2024-2025","44","500"
"Allegany","COUNTY","2024-08-27T00:00:00.000","2024-2025","1","34"
"Bronx","COUNTY","2024-08-27T00:00:00.000","2024-2025","0","0"
"Broome","COUNTY","2024-08-27T00:00:00.000","2024-2025","39","304"
"Cattaraugus","COUNTY","2024-08-27T00:00:00.000","2024-2025","5","105"
"Cayuga","COUNTY","2024-08-27T00:00:00.000","2024-2025","10","114"
"Chautauqua","COUNTY","2024-08-27T00:00:00.000","2024-2025","49","278"
"Chemung","COUNTY","2024-08-27T00:00:00.000","2024-2025","7","144"
"Chenango","COUNTY","2024-08-27T00:00:00.000","2024-2025","1","37"
"Clinton","COUNTY","2024-08-27T00:00:00.000","2024-2025","4","191"
"Columbia","COUNTY","2024-08-27T00:00:00.000","2024-2025","4","63"
"Cortland","COUNTY","2024-08-27T00:00:00.000","2024-2025","7","79"
"Delaware","COUNTY","2024-08-27T00:00:00.000","2024-2025","12","36"
"Dutchess","COUNTY","2024-08-27T00:00:00.000","2024-2025","43","417"
"Erie","COUNTY","2024-08-27T00:00:00.000","2024-2025","208","2717"
"Essex","COUNTY","2024-08-27T00:00:00.000","2024-2025","2","110"
"Franklin","COUNTY","2024-08-27T00:00:00.000","2024-2025","0","108"
"Fulton","COUNTY","2024-08-27T00:00:00.000","2024-2025","1","79"
"Genesee","COUNTY","2024-08-27T00:00:00.000","2024-2025","7","102"
"Greene","COUNTY","2024-08-27T00:00:00.000","2024-2025","2","30"
"Hamilton","COUNTY","2024-08-27T00:00:00.000","2024-2025","0","6"
"Herkimer","COUNTY","2024-08-27T00:00:00.000","2024-2025","4","71"
"Jefferson","COUNTY","2024-08-27T00:00:00.000","2024-2025","5","197"
"Kings","COUNTY","2024-08-27T00:00:00.000","2024-2025","0","0"
"Lewis","COUNTY","2024-08-27T00:00:00.000","2024-2025","0","64"
"Livingston","COUNTY","2024-08-27T00:00:00.000","2024-2025","15","79"
"Madison","COUNTY","2024-08-27T00:00:00.000","2024-2025","8","140"
"Monroe","COUNTY","2024-08-27T00:00:00.000","2024-2025","391","1889"
"Montgomery","COUNTY","2024-08-27T00:00:00.000","2024-2025","5","61"
"Nassau","COUNTY","2024-08-27T00:00:00.000","2024-2025","304","3313"
"New York","COUNTY","2024-08-27T00:00:00.000","2024-2025","0","0"
"Niagara","COUNTY","2024-08-27T00:00:00.000","2024-2025","25","365"
"Oneida","COUNTY","2024-08-27T00:00:00.000","2024-2025","25","346"
"Onondaga","COUNTY","2024-08-27T00:00:00.000","2024-2025","149","1186"
"Ontario","COUNTY","2024-08-27T00:00:00.000","2024-2025","50","381"
"Orange","COUNTY","2024-08-27T00:00:00.000","2024-2025","22","391"
"Orleans","COUNTY","2024-08-27T00:00:00.000","2024-2025","8","40"
"Oswego","COUNTY","2024-08-27T00:00:00.000","2024-2025","7","185"
"Otsego","COUNTY","2024-08-27T00:00:00.000","2024-2025","7","89"
"Putnam","COUNTY","2024-08-27T00:00:00.000","2024-2025","15","128"
"Queens","COUNTY","2024-08-27T00:00:00.000","2024-2025","0","0"
"Rensselaer","COUNTY","2024-08-27T00:00:00.000","2024-2025","9","281"
"Richmond","COUNTY","2024-08-27T00:00:00.000","2024-2025","0","0"
"Rockland","COUNTY","2024-08-27T00:00:00.000","2024-2025","48","363"
"Saratoga","COUNTY","2024-08-27T00:00:00.000","2024-2025","35","487"
"Schenectady","COUNTY","2024-08-27T00:00:00.000","2024-2025","47","262"
"Schoharie","COUNTY","2024-08-27T00:00:00.000","2024-2025","7","87"
"Schuyler","COUNTY","2024-08-27T00:00:00.000","2024-2025","9","29"
"Seneca","COUNTY","2024-08-27T00:00:00.000","2024-2025","3","47"
"St. Lawrence","COUNTY","2024-08-27T00:00:00.000","2024-2025","1","171"
"Steuben","COUNTY","2024-08-27T00:00:00.000","2024-2025","12","134"
"Suffolk","COUNTY","2024-08-27T00:00:00.000","2024-2025","413","2916"
"Sullivan","COUNTY","2024-08-27T00:00:00.000","2024-2025","1","28"
"Tioga","COUNTY","2024-08-27T00:00:00.000","2024-2025","28","78"
"Tompkins","COUNTY","2024-08-27T00:00:00.000","2024-2025","47","231"
"Ulster","COUNTY","2024-08-27T00:00:00.000","2024-2025","17","188"
"Warren","COUNTY","2024-08-27T00:00:00.000","2024-2025","7","129"
"Washington","COUNTY","2024-08-27T00:00:00.000","2024-2025","8","87"
"Wayne","COUNTY","2024-08-27T00:00:00.000","2024-2025","26","161"
"Westchester","COUNTY","2024-08-27T00:00:00.000","2024-2025","165","1869"
"Wyoming","COUNTY","2024-08-27T00:00:00.000","2024-2025","6","92"
"Yates","COUNTY","2024-08-27T00:00:00.000","2024-2025","0","36"
"Capital Region","REGION","2024-08-27T00:00:00.000","2024-2025","156","1839"
"Central New York","REGION","2024-08-27T00:00:00.000","2024-2025","181","1704"
"Finger Lakes","REGION","2024-08-27T00:00:00.000","2024-2025","506","2827"
"Long Island","REGION","2024-08-27T00:00:00.000","2024-2025","717","6229"
"Mid-Hudson","REGION","2024-08-27T00:00:00.000","2024-2025","311","3384"
"Mohawk Valley","REGION","2024-08-27T00:00:00.000","2024-2025","49","733"
"New York City","REGION","2024-08-27T00:00:00.000","2024-2025","0","0"
"North Country","REGION","2024-08-27T00:00:00.000","2024-2025","12","847"
"Southern Tier","REGION","2024-08-27T00:00:00.000","2024-2025","155","993"
"Western New York","REGION","2024-08-27T00:00:00.000","2024-2025","288","3499"
"ROS","REST OF STATE","2024-08-27T00:00:00.000","2024-2025","2375","22055"
"Albany","COUNTY","2024-09-03T00:00:00.000","2024-2025","2007","1905"
"Allegany","COUNTY","2024-09-03T00:00:00.000","2024-2025","36","54"
"Bronx","COUNTY","2024-09-03T00:00:00.000","2024-2025","0","0"
"Broome","COUNTY","2024-09-03T00:00:00.000","2024-2025","1128","929"
"Cattaraugus","COUNTY","2024-09-03T00:00:00.000","2024-2025","156","169"
"Cayuga","COUNTY","2024-09-03T00:00:00.000","2024-2025","230","308"
"Chautauqua","COUNTY","2024-09-03T00:00:00.000","2024-2025","487","495"
"Chemung","COUNTY","2024-09-03T00:00:00.000","2024-2025","277","328"
"Chenango","COUNTY","2024-09-03T00:00:00.000","2024-2025","52","101"
"Clinton","COUNTY","2024-09-03T00:00:00.000","2024-2025","222","315"
"Columbia","COUNTY","2024-09-03T00:00:00.000","2024-2025","353","261"
"Cortland","COUNTY","2024-09-03T00:00:00.000","2024-2025","191","247"
"Delaware","COUNTY","2024-09-03T00:00:00.000","2024-2025","122","111"
"Dutchess","COUNTY","2024-09-03T00:00:00.000","2024-2025","1430","1312"
"Erie","COUNTY","2024-09-03T00:00:00.000","2024-2025","3490","5356"
"Essex","COUNTY","2024-09-03T00:00:00.000","2024-2025","84","151"
"Franklin","COUNTY","2024-09-03T00:00:00.000","2024-2025","121","177"
"Fulton","COUNTY","2024-09-03T00:00:00.000","2024-2025","92","127"
"Genesee","COUNTY","2024-09-03T00:00:00.000","2024-2025","168","313"
"Greene","COUNTY","2024-09-03T00:00:00.000","2024-2025","108","97"
"Hamilton","COUNTY","2024-09-03T00:00:00.000","2024-2025","17","16"
"Herkimer","COUNTY","2024-09-03T00:00:00.000","2024-2025","133","187"
"Jefferson","COUNTY","2024-09-03T00:00:00.000","2024-2025","240","369"
"Kings","COUNTY","2024-09-03T00:00:00.000","2024-2025","0","0"
"Lewis","COUNTY","2024-09-03T00:00:00.000","2024-2025","45","95"
"Livingston","COUNTY","2024-09-03T00:00:00.000","2024-2025","255","280"
"Madison","COUNTY","2024-09-03T00:00:00.000","2024-2025","182","248"
"Monroe","COUNTY","2024-09-03T00:00:00.000","2024-2025","5283","4850"
"Montgomery","COUNTY","2024-09-03T00:00:00.000","2024-2025","86","147"
"Nassau","COUNTY","2024-09-03T00:00:00.000","2024-2025","4487","7034"
"New York","COUNTY","2024-09-03T00:00:00.000","2024-2025","0","0"
"Niagara","COUNTY","2024-09-03T00:00:00.000","2024-2025","539","1131"
"Oneida","COUNTY","2024-09-03T00:00:00.000","2024-2025","472","657"
"Onondaga","COUNTY","2024-09-03T00:00:00.000","2024-2025","2139","2387"
"Ontario","COUNTY","2024-09-03T00:00:00.000","2024-2025","646","720"
"Orange","COUNTY","2024-09-03T00:00:00.000","2024-2025","982","1439"
"Orleans","COUNTY","2024-09-03T00:00:00.000","2024-2025","69","195"
"Oswego","COUNTY","2024-09-03T00:00:00.000","2024-2025","189","374"
"Otsego","COUNTY","2024-09-03T00:00:00.000","2024-2025","204","182"
"Putnam","COUNTY","2024-09-03T00:00:00.000","2024-2025","393","414"
"Queens","COUNTY","2024-09-03T00:00:00.000","2024-2025","0","0"
"Rensselaer","COUNTY","2024-09-03T00:00:00.000","2024-2025","701","753"
"Richmond","COUNTY","2024-09-03T00:00:00.000","2024-2025","0","0"
"Rockland","COUNTY","2024-09-03T00:00:00.000","2024-2025","868","1325"
"Saratoga","COUNTY","2024-09-03T00:00:00.000","2024-2025","1543","1504"
"Schenectady","COUNTY","2024-09-03T00:00:00.000","2024-2025","934","900"
"Schoharie","COUNTY","2024-09-03T00:00:00.000","2024-2025","116","134"
"Schuyler","COUNTY","2024-09-03T00:00:00.000","2024-2025","84","97"
"Seneca","COUNTY","2024-09-03T00:00:00.000","2024-2025","79","131"
"St. Lawrence","COUNTY","2024-09-03T00:00:00.000","2024-2025","216","337"
"Steuben","COUNTY","2024-09-03T00:00:00.000","2024-2025","239","264"
"Suffolk","COUNTY","2024-09-03T00:00:00.000","2024-2025","4914","6310"
"Sullivan","COUNTY","2024-09-03T00:00:00.000","2024-2025","81","162"
"Tioga","COUNTY","2024-09-03T00:00:00.000","2024-2025","215","197"
"Tompkins","COUNTY","2024-09-03T00:00:00.000","2024-2025","972","959"
"Ulster","COUNTY","2024-09-03T00:00:00.000","2024-2025","1042","794"
"Warren","COUNTY","2024-09-03T00:00:00.000","2024-2025","310","385"
"Washington","COUNTY","2024-09-03T00:00:00.000","2024-2025","180","259"
"Wayne","COUNTY","2024-09-03T00:00:00.000","2024-2025","377","445"
"Westchester","COUNTY","2024-09-03T00:00:00.000","2024-2025","5032","5255"
"Wyoming","COUNTY","2024-09-03T00:00:00.000","2024-2025","54","125"
"Yates","COUNTY","2024-09-03T00:00:00.000","2024-2025","126","136"
"Capital Region","REGION","2024-09-03T00:00:00.000","2024-2025","6136","6064"
"Central New York","REGION","2024-09-03T00:00:00.000","2024-2025","2931","3564"
"Finger Lakes","REGION","2024-09-03T00:00:00.000","2024-2025","7057","7195"
"Long Island","REGION","2024-09-03T00:00:00.000","2024-2025","9401","13344"
"Mid-Hudson","REGION","2024-09-03T00:00:00.000","2024-2025","9828","10701"
"Mohawk Valley","REGION","2024-09-03T00:00:00.000","2024-2025","1103","1434"
"New York City","REGION","2024-09-03T00:00:00.000","2024-2025","0","0"
"North Country","REGION","2024-09-03T00:00:00.000","2024-2025","945","1460"
"Southern Tier","REGION","2024-09-03T00:00:00.000","2024-2025","3089","2986"
"Western New York","REGION","2024-09-03T00:00:00.000","2024-2025","4708","7205"
"ROS","REST OF STATE","2024-09-03T00:00:00.000","2024-2025","45198","53953"
"Albany","COUNTY","2024-09-10T00:00:00.000","2024-2025","3011","3373"
"Allegany","COUNTY","2024-09-10T00:00:00.000","2024-2025","152","253"
"Bronx","COUNTY","2024-09-10T00:00:00.000","2024-2025","0","0"
"Broome","COUNTY","2024-09-10T00:00:00.000","2024-2025","1491","1736"
"Cattaraugus","COUNTY","2024-09-10T00:00:00.000","2024-2025","370","446"
"Cayuga","COUNTY","2024-09-10T00:00:00.000","2024-2025","504","717"
"Chautauqua","COUNTY","2024-09-10T00:00:00.000","2024-2025","837","1183"
"Chemung","COUNTY","2024-09-10T00:00:00.000","2024-2025","471","851"
"Chenango","COUNTY","2024-09-10T00:00:00.000","2024-2025","282","306"
"Clinton","COUNTY","2024-09-10T00:00:00.000","2024-2025","823","923"
"Columbia","COUNTY","2024-09-10T00:00:00.000","2024-2025","550","545"
"Cortland","COUNTY","2024-09-10T00:00:00.000","2024-2025","491","656"
"Delaware","COUNTY","2024-09-10T00:00:00.000","2024-2025","228","338"
"Dutchess","COUNTY","2024-09-10T00:00:00.000","2024-2025","2112","2857"
"Erie","COUNTY","2024-09-10T00:00:00.000","2024-2025","7323","12370"
"Essex","COUNTY","2024-09-10T00:00:00.000","2024-2025","355","426"
"Franklin","COUNTY","2024-09-10T00:00:00.000","2024-2025","427","536"
"Fulton","COUNTY","2024-09-10T00:00:00.000","2024-2025","209","280"
"Genesee","COUNTY","2024-09-10T00:00:00.000","2024-2025","289","561"
"Greene","COUNTY","2024-09-10T00:00:00.000","2024-2025","284","351"
"Hamilton","COUNTY","2024-09-10T00:00:00.000","2024-2025","42","49"
"Herkimer","COUNTY","2024-09-10T00:00:00.000","2024-2025","353","489"
"Jefferson","COUNTY","2024-09-10T00:00:00.000","2024-2025","563","722"
"Kings","COUNTY","2024-09-10T00:00:00.000","2024-2025","0","0"
"Lewis","COUNTY","2024-09-10T00:00:00.000","2024-2025","143","187"
"Livingston","COUNTY","2024-09-10T00:00:00.000","2024-2025","416","618"
"Madison","COUNTY","2024-09-10T00:00:00.000","2024-2025","701","856"
"Monroe","COUNTY","2024-09-10T00:00:00.000","2024-2025","8190","10998"
"Montgomery","COUNTY","2024-09-10T00:00:00.000","2024-2025","262","410"
"Nassau","COUNTY","2024-09-10T00:00:00.000","2024-2025","6336","12871"
"New York","COUNTY","2024-09-10T00:00:00.000","2024-2025","0","0"
"Niagara","COUNTY","2024-09-10T00:00:00.000","2024-2025","1342","2342"
"Oneida","COUNTY","2024-09-10T00:00:00.000","2024-2025","1344","1981"
"Onondaga","COUNTY","2024-09-10T00:00:00.000","2024-2025","4650","5832"
"Ontario","COUNTY","2024-09-10T00:00:00.000","2024-2025","1225","1458"
"Orange","COUNTY","2024-09-10T00:00:00.000","2024-2025","1543","3101"
"Orleans","COUNTY","2024-09-10T00:00:00.000","2024-2025","169","357"
"Oswego","COUNTY","2024-09-10T00:00:00.000","2024-2025","687","1057"
"Otsego","COUNTY","2024-09-10T00:00:00.000","2024-2025","434","588"
"Putnam","COUNTY","2024-09-10T00:00:00.000","2024-2025","621","839"
"Queens","COUNTY","2024-09-10T00:00:00.000","2024-2025","0","0"
"Rensselaer","COUNTY","2024-09-10T00:00:00.000","2024-2025","1471","1731"
"Richmond","COUNTY","2024-09-10T00:00:00.000","2024-2025","0","0"
"Rockland","COUNTY","2024-09-10T00:00:00.000","2024-2025","1365","2873"
"Saratoga","COUNTY","2024-09-10T00:00:00.000","2024-2025","2459","3002"
"Schenectady","COUNTY","2024-09-10T00:00:00.000","2024-2025","1405","1734"
"Schoharie","COUNTY","2024-09-10T00:00:00.000","2024-2025","189","378"
"Schuyler","COUNTY","2024-09-10T00:00:00.000","2024-2025","136","164"
"Seneca","COUNTY","2024-09-10T00:00:00.000","2024-2025","193","286"
"St. Lawrence","COUNTY","2024-09-10T00:00:00.000","2024-2025","841","1104"
"Steuben","COUNTY","2024-09-10T00:00:00.000","2024-2025","454","732"
"Suffolk","COUNTY","2024-09-10T00:00:00.000","2024-2025","7247","12389"
"Sullivan","COUNTY","2024-09-10T00:00:00.000","2024-2025","243","511"
"Tioga","COUNTY","2024-09-10T00:00:00.000","2024-2025","293","365"
"Tompkins","COUNTY","2024-09-10T00:00:00.000","2024-2025","1442","2659"
"Ulster","COUNTY","2024-09-10T00:00:00.000","2024-2025","1645","1690"
"Warren","COUNTY","2024-09-10T00:00:00.000","2024-2025","589","1091"
"Washington","COUNTY","2024-09-10T00:00:00.000","2024-2025","405","633"
"Wayne","COUNTY","2024-09-10T00:00:00.000","2024-2025","777","1044"
"Westchester","COUNTY","2024-09-10T00:00:00.000","2024-2025","6323","8557"
"Wyoming","COUNTY","2024-09-10T00:00:00.000","2024-2025","191","317"
"Yates","COUNTY","2024-09-10T00:00:00.000","2024-2025","228","246"
"Capital Region","REGION","2024-09-10T00:00:00.000","2024-2025","10174","12460"
"Central New York","REGION","2024-09-10T00:00:00.000","2024-2025","7033","9118"
"Finger Lakes","REGION","2024-09-10T00:00:00.000","2024-2025","11678","15885"
"Long Island","REGION","2024-09-10T00:00:00.000","2024-2025","13583","25260"
"Mid-Hudson","REGION","2024-09-10T00:00:00.000","2024-2025","13852","20428"
"Mohawk Valley","REGION","2024-09-10T00:00:00.000","2024-2025","2791","4126"
"New York City","REGION","2024-09-10T00:00:00.000","2024-2025","0","0"
"North Country","REGION","2024-09-10T00:00:00.000","2024-2025","3194","3947"
"Southern Tier","REGION","2024-09-10T00:00:00.000","2024-2025","4797","7151"
"Western New York","REGION","2024-09-10T00:00:00.000","2024-2025","10024","16594"
"ROS","REST OF STATE","2024-09-10T00:00:00.000","2024-2025","77126","114969"
"Albany","COUNTY","2024-09-17T00:00:00.000","2024-2025","3172","4444"
"Allegany","COUNTY","2024-09-17T00:00:00.000","2024-2025","220","442"
"Bronx","COUNTY","2024-09-17T00:00:00.000","2024-2025","0","0"
"Broome","COUNTY","2024-09-17T00:00:00.000","2024-2025","1552","2756"
"Cattaraugus","COUNTY","2024-09-17T00:00:00.000","2024-2025","403","756"
"Cayuga","COUNTY","2024-09-17T00:00:00.000","2024-2025","631","1106"
"Chautauqua","COUNTY","2024-09-17T00:00:00.000","2024-2025","989","1801"
"Chemung","COUNTY","2024-09-17T00:00:00.000","2024-2025","639","1269"
"Chenango","COUNTY","2024-09-17T00:00:00.000","2024-2025","354","744"
"Clinton","COUNTY","2024-09-17T00:00:00.000","2024-2025","825","1120"
"Columbia","COUNTY","2024-09-17T00:00:00.000","2024-2025","536","826"
"Cortland","COUNTY","2024-09-17T00:00:00.000","2024-2025","517","857"
"Delaware","COUNTY","2024-09-17T00:00:00.000","2024-2025","314","606"
"Dutchess","COUNTY","2024-09-17T00:00:00.000","2024-2025","2330","3825"
"Erie","COUNTY","2024-09-17T00:00:00.000","2024-2025","8424","17436"
"Essex","COUNTY","2024-09-17T00:00:00.000","2024-2025","369","558"
"Franklin","COUNTY","2024-09-17T00:00:00.000","2024-2025","435","662"
"Fulton","COUNTY","2024-09-17T00:00:00.000","2024-2025","310","457"
"Genesee","COUNTY","2024-09-17T00:00:00.000","2024-2025","387","933"
"Greene","COUNTY","2024-09-17T00:00:00.000","2024-2025","278","426"
"Hamilton","COUNTY","2024-09-17T00:00:00.000","2024-2025","20","45"
"Herkimer","COUNTY","2024-09-17T00:00:00.000","2024-2025","350","682"
"Jefferson","COUNTY","2024-09-17T00:00:00.000","2024-2025","616","1127"
"Kings","COUNTY","2024-09-17T00:00:00.000","2024-2025","0","0"
"Lewis","COUNTY","2024-09-17T00:00:00.000","2024-2025","137","246"
"Livingston","COUNTY","2024-09-17T00:00:00.000","2024-2025","507","1012"
"Madison","COUNTY","2024-09-17T00:00:00.000","2024-2025","867","1269"
"Monroe","COUNTY","2024-09-17T00:00:00.000","2024-2025","8451","14584"
"Montgomery","COUNTY","2024-09-17T00:00:00.000","2024-2025","298","505"
"Nassau","COUNTY","2024-09-17T00:00:00.000","2024-2025","6926","17336"
"New York","COUNTY","2024-09-17T00:00:00.000","2024-2025","0","0"
"Niagara","COUNTY","2024-09-17T00:00:00.000","2024-2025","1655","3329"
"Oneida","COUNTY","2024-09-17T00:00:00.000","2024-2025","1540","2918"
"Onondaga","COUNTY","2024-09-17T00:00:00.000","2024-2025","5228","7778"
"Ontario","COUNTY","2024-09-17T00:00:00.000","2024-2025","1303","1955"
"Orange","COUNTY","2024-09-17T00:00:00.000","2024-2025","1765","4408"
"Orleans","COUNTY","2024-09-17T00:00:00.000","2024-2025","247","536"
"Oswego","COUNTY","2024-09-17T00:00:00.000","2024-2025","754","1503"
"Otsego","COUNTY","2024-09-17T00:00:00.000","2024-2025","508","920"
"Putnam","COUNTY","2024-09-17T00:00:00.000","2024-2025","626","1176"
"Queens","COUNTY","2024-09-17T00:00:00.000","2024-2025","0","0"
"Rensselaer","COUNTY","2024-09-17T00:00:00.000","2024-2025","1580","2081"
"Richmond","COUNTY","2024-09-17T00:00:00.000","2024-2025","0","0"
"Rockland","COUNTY","2024-09-17T00:00:00.000","2024-2025","1408","3619"
"Saratoga","COUNTY","2024-09-17T00:00:00.000","2024-2025","2573","4251"
"Schenectady","COUNTY","2024-09-17T00:00:00.000","2024-2025","1644","2393"
"Schoharie","COUNTY","2024-09-17T00:00:00.000","2024-2025","229","514"
"Schuyler","COUNTY","2024-09-17T00:00:00.000","2024-2025","113","226"
"Seneca","COUNTY","2024-09-17T00:00:00.000","2024-2025","248","513"
"St. Lawrence","COUNTY","2024-09-17T00:00:00.000","2024-2025","933","1517"
"Steuben","COUNTY","2024-09-17T00:00:00.000","2024-2025","648","1262"
"Suffolk","COUNTY","2024-09-17T00:00:00.000","2024-2025","7596","16343"
"Sullivan","COUNTY","2024-09-17T00:00:00.000","2024-2025","310","914"
"Tioga","COUNTY","2024-09-17T00:00:00.000","2024-2025","307","658"
"Tompkins","COUNTY","2024-09-17T00:00:00.000","2024-2025","1772","2825"
"Ulster","COUNTY","2024-09-17T00:00:00.000","2024-2025","1764","2531"
"Warren","COUNTY","2024-09-17T00:00:00.000","2024-2025","598","1301"
"Washington","COUNTY","2024-09-17T00:00:00.000","2024-2025","436","804"
"Wayne","COUNTY","2024-09-17T00:00:00.000","2024-2025","762","1304"
"Westchester","COUNTY","2024-09-17T00:00:00.000","2024-2025","7112","12100"
"Wyoming","COUNTY","2024-09-17T00:00:00.000","2024-2025","223","475"
"Yates","COUNTY","2024-09-17T00:00:00.000","2024-2025","270","358"
"Capital Region","REGION","2024-09-17T00:00:00.000","2024-2025","10817","16526"
"Central New York","REGION","2024-09-17T00:00:00.000","2024-2025","7997","12513"
"Finger Lakes","REGION","2024-09-17T00:00:00.000","2024-2025","12398","21670"
"Long Island","REGION","2024-09-17T00:00:00.000","2024-2025","14522","33679"
"Mid-Hudson","REGION","2024-09-17T00:00:00.000","2024-2025","15315","28573"
"Mohawk Valley","REGION","2024-09-17T00:00:00.000","2024-2025","3235","5996"
"New York City","REGION","2024-09-17T00:00:00.000","2024-2025","0","0"
"North Country","REGION","2024-09-17T00:00:00.000","2024-2025","3335","5275"
"Southern Tier","REGION","2024-09-17T00:00:00.000","2024-2025","5699","10346"
"Western New York","REGION","2024-09-17T00:00:00.000","2024-2025","11691","23764"
"ROS","REST OF STATE","2024-09-17T00:00:00.000","2024-2025","85009","158342"
"Albany","COUNTY","2024-09-24T00:00:00.000","2024-2025","3411","5567"
"Allegany","COUNTY","2024-09-24T00:00:00.000","2024-2025","284","671"
"Bronx","COUNTY","2024-09-24T00:00:00.000","2024-2025","0","0"
"Broome","COUNTY","2024-09-24T00:00:00.000","2024-2025","1703","3453"
"Cattaraugus","COUNTY","2024-09-24T00:00:00.000","2024-2025","469","908"
"Cayuga","COUNTY","2024-09-24T00:00:00.000","2024-2025","632","1120"
"Chautauqua","COUNTY","2024-09-24T00:00:00.000","2024-2025","1179","1914"
"Chemung","COUNTY","2024-09-24T00:00:00.000","2024-2025","739","1493"
"Chenango","COUNTY","2024-09-24T00:00:00.000","2024-2025","380","802"
"Clinton","COUNTY","2024-09-24T00:00:00.000","2024-2025","869","1352"
"Columbia","COUNTY","2024-09-24T00:00:00.000","2024-2025","656","1027"
"Cortland","COUNTY","2024-09-24T00:00:00.000","2024-2025","572","957"
"Delaware","COUNTY","2024-09-24T00:00:00.000","2024-2025","342","708"
"Dutchess","COUNTY","2024-09-24T00:00:00.000","2024-2025","2663","5160"
"Erie","COUNTY","2024-09-24T00:00:00.000","2024-2025","9960","21348"
"Essex","COUNTY","2024-09-24T00:00:00.000","2024-2025","375","698"
"Franklin","COUNTY","2024-09-24T00:00:00.000","2024-2025","375","647"
"Fulton","COUNTY","2024-09-24T00:00:00.000","2024-2025","355","591"
"Genesee","COUNTY","2024-09-24T00:00:00.000","2024-2025","408","1025"
"Greene","COUNTY","2024-09-24T00:00:00.000","2024-2025","375","684"
"Hamilton","COUNTY","2024-09-24T00:00:00.000","2024-2025","31","68"
"Herkimer","COUNTY","2024-09-24T00:00:00.000","2024-2025","406","855"
"Jefferson","COUNTY","2024-09-24T00:00:00.000","2024-2025","922","1686"
"Kings","COUNTY","2024-09-24T00:00:00.000","2024-2025","0","0"
"Lewis","COUNTY","2024-09-24T00:00:00.000","2024-2025","147","301"
"Livingston","COUNTY","2024-09-24T00:00:00.000","2024-2025","678","1250"
"Madison","COUNTY","2024-09-24T00:00:00.000","2024-2025","846","1318"
"Monroe","COUNTY","2024-09-24T00:00:00.000","2024-2025","10161","17889"
"Montgomery","COUNTY","2024-09-24T00:00:00.000","2024-2025","341","697"
"Nassau","COUNTY","2024-09-24T00:00:00.000","2024-2025","8044","21896"
"New York","COUNTY","2024-09-24T00:00:00.000","2024-2025","0","0"
"Niagara","COUNTY","2024-09-24T00:00:00.000","2024-2025","1922","4247"
"Oneida","COUNTY","2024-09-24T00:00:00.000","2024-2025","2168","3651"
"Onondaga","COUNTY","2024-09-24T00:00:00.000","2024-2025","5765","9262"
"Ontario","COUNTY","2024-09-24T00:00:00.000","2024-2025","1722","2698"
"Orange","COUNTY","2024-09-24T00:00:00.000","2024-2025","2117","5175"
"Orleans","COUNTY","2024-09-24T00:00:00.000","2024-2025","274","639"
"Oswego","COUNTY","2024-09-24T00:00:00.000","2024-2025","1088","2035"
"Otsego","COUNTY","2024-09-24T00:00:00.000","2024-2025","596","1143"
"Putnam","COUNTY","2024-09-24T00:00:00.000","2024-2025","723","1764"
"Queens","COUNTY","2024-09-24T00:00:00.000","2024-2025","0","0"
"Rensselaer","COUNTY","2024-09-24T00:00:00.000","2024-2025","1651","2707"
"Richmond","COUNTY","2024-09-24T00:00:00.000","2024-2025","0","0"
"Rockland","COUNTY","2024-09-24T00:00:00.000","2024-2025","1752","4512"
"Saratoga","COUNTY","2024-09-24T00:00:00.000","2024-2025","2805","4799"
"Schenectady","COUNTY","2024-09-24T00:00:00.000","2024-2025","1729","3105"
"Schoharie","COUNTY","2024-09-24T00:00:00.000","2024-2025","218","538"
"Schuyler","COUNTY","2024-09-24T00:00:00.000","2024-2025","207","322"
"Seneca","COUNTY","2024-09-24T00:00:00.000","2024-2025","264","499"
"St. Lawrence","COUNTY","2024-09-24T00:00:00.000","2024-2025","909","1853"
"Steuben","COUNTY","2024-09-24T00:00:00.000","2024-2025","753","1539"
"Suffolk","COUNTY","2024-09-24T00:00:00.000","2024-2025","8924","21313"
"Sullivan","COUNTY","2024-09-24T00:00:00.000","2024-2025","436","1007"
"Tioga","COUNTY","2024-09-24T00:00:00.000","2024-2025","324","734"
"Tompkins","COUNTY","2024-09-24T00:00:00.000","2024-2025","1829","2559"
"Ulster","COUNTY","2024-09-24T00:00:00.000","2024-2025","1891","3264"
"Warren","COUNTY","2024-09-24T00:00:00.000","2024-2025","756","1491"
"Washington","COUNTY","2024-09-24T00:00:00.000","2024-2025","592","974"
"Wayne","COUNTY","2024-09-24T00:00:00.000","2024-2025","1048","1864"
"Westchester","COUNTY","2024-09-24T00:00:00.000","2024-2025","8084","16009"
"Wyoming","COUNTY","2024-09-24T00:00:00.000","2024-2025","296","744"
"Yates","COUNTY","2024-09-24T00:00:00.000","2024-2025","303","509"
"Capital Region","REGION","2024-09-24T00:00:00.000","2024-2025","11975","20354"
"Central New York","REGION","2024-09-24T00:00:00.000","2024-2025","8903","14692"
"Finger Lakes","REGION","2024-09-24T00:00:00.000","2024-2025","15154","27117"
"Long Island","REGION","2024-09-24T00:00:00.000","2024-2025","16968","43209"
"Mid-Hudson","REGION","2024-09-24T00:00:00.000","2024-2025","17666","36891"
"Mohawk Valley","REGION","2024-09-24T00:00:00.000","2024-2025","4084","7475"
"New York City","REGION","2024-09-24T00:00:00.000","2024-2025","0","0"
"North Country","REGION","2024-09-24T00:00:00.000","2024-2025","3628","6605"
"Southern Tier","REGION","2024-09-24T00:00:00.000","2024-2025","6277","11610"
"Western New York","REGION","2024-09-24T00:00:00.000","2024-2025","13814","29088"
"ROS","REST OF STATE","2024-09-24T00:00:00.000","2024-2025","98469","197041"
"Albany","COUNTY","2024-10-01T00:00:00.000","2024-2025","3886","6205"
"Allegany","COUNTY","2024-10-01T00:00:00.000","2024-2025","376","747"
"Bronx","COUNTY","2024-10-01T00:00:00.000","2024-2025","0","0"
"Broome","COUNTY","2024-10-01T00:00:00.000","2024-2025","2119","4474"
"Cattaraugus","COUNTY","2024-10-01T00:00:00.000","2024-2025","578","1301"
"Cayuga","COUNTY","2024-10-01T00:00:00.000","2024-2025","642","1511"
"Chautauqua","COUNTY","2024-10-01T00:00:00.000","2024-2025","1219","2411"
"Chemung","COUNTY","2024-10-01T00:00:00.000","2024-2025","746","1708"
"Chenango","COUNTY","2024-10-01T00:00:00.000","2024-2025","436","945"
"Clinton","COUNTY","2024-10-01T00:00:00.000","2024-2025","997","1776"
"Columbia","COUNTY","2024-10-01T00:00:00.000","2024-2025","736","1260"
"Cortland","COUNTY","2024-10-01T00:00:00.000","2024-2025","585","1054"
"Delaware","COUNTY","2024-10-01T00:00:00.000","2024-2025","418","848"
"Dutchess","COUNTY","2024-10-01T00:00:00.000","2024-2025","2882","5668"
"Erie","COUNTY","2024-10-01T00:00:00.000","2024-2025","11388","24329"
"Essex","COUNTY","2024-10-01T00:00:00.000","2024-2025","443","904"
"Franklin","COUNTY","2024-10-01T00:00:00.000","2024-2025","478","848"
"Fulton","COUNTY","2024-10-01T00:00:00.000","2024-2025","380","781"
"Genesee","COUNTY","2024-10-01T00:00:00.000","2024-2025","495","1437"
"Greene","COUNTY","2024-10-01T00:00:00.000","2024-2025","419","880"
"Hamilton","COUNTY","2024-10-01T00:00:00.000","2024-2025","39","85"
"Herkimer","COUNTY","2024-10-01T00:00:00.000","2024-2025","430","1109"
"Jefferson","COUNTY","2024-10-01T00:00:00.000","2024-2025","774","2044"
"Kings","COUNTY","2024-10-01T00:00:00.000","2024-2025","0","0"
"Lewis","COUNTY","2024-10-01T00:00:00.000","2024-2025","206","508"
"Livingston","COUNTY","2024-10-01T00:00:00.000","2024-2025","764","1678"
"Madison","COUNTY","2024-10-01T00:00:00.000","2024-2025","937","1722"
"Monroe","COUNTY","2024-10-01T00:00:00.000","2024-2025","11509","22217"
"Montgomery","COUNTY","2024-10-01T00:00:00.000","2024-2025","343","875"
"Nassau","COUNTY","2024-10-01T00:00:00.000","2024-2025","8989","27541"
"New York","COUNTY","2024-10-01T00:00:00.000","2024-2025","0","0"
"Niagara","COUNTY","2024-10-01T00:00:00.000","2024-2025","2068","4722"
"Oneida","COUNTY","2024-10-01T00:00:00.000","2024-2025","2228","4867"
"Onondaga","COUNTY","2024-10-01T00:00:00.000","2024-2025","6902","12241"
"Ontario","COUNTY","2024-10-01T00:00:00.000","2024-2025","1875","3753"
"Orange","COUNTY","2024-10-01T00:00:00.000","2024-2025","2355","6942"
"Orleans","COUNTY","2024-10-01T00:00:00.000","2024-2025","263","702"
"Oswego","COUNTY","2024-10-01T00:00:00.000","2024-2025","996","2193"
"Otsego","COUNTY","2024-10-01T00:00:00.000","2024-2025","765","1429"
"Putnam","COUNTY","2024-10-01T00:00:00.000","2024-2025","866","2146"
"Queens","COUNTY","2024-10-01T00:00:00.000","2024-2025","0","0"
"Rensselaer","COUNTY","2024-10-01T00:00:00.000","2024-2025","1692","3119"
"Richmond","COUNTY","2024-10-01T00:00:00.000","2024-2025","0","0"
"Rockland","COUNTY","2024-10-01T00:00:00.000","2024-2025","1968","6034"
"Saratoga","COUNTY","2024-10-01T00:00:00.000","2024-2025","3008","5836"
"Schenectady","COUNTY","2024-10-01T00:00:00.000","2024-2025","2033","3568"
"Schoharie","COUNTY","2024-10-01T00:00:00.000","2024-2025","285","628"
"Schuyler","COUNTY","2024-10-01T00:00:00.000","2024-2025","221","362"
"Seneca","COUNTY","2024-10-01T00:00:00.000","2024-2025","312","727"
"St. Lawrence","COUNTY","2024-10-01T00:00:00.000","2024-2025","1161","2434"
"Steuben","COUNTY","2024-10-01T00:00:00.000","2024-2025","809","1858"
"Suffolk","COUNTY","2024-10-01T00:00:00.000","2024-2025","9778","26538"
"Sullivan","COUNTY","2024-10-01T00:00:00.000","2024-2025","418","1403"
"Tioga","COUNTY","2024-10-01T00:00:00.000","2024-2025","429","952"
"Tompkins","COUNTY","2024-10-01T00:00:00.000","2024-2025","2009","3642"
"Ulster","COUNTY","2024-10-01T00:00:00.000","2024-2025","2082","3750"
"Warren","COUNTY","2024-10-01T00:00:00.000","2024-2025","815","2030"
"Washington","COUNTY","2024-10-01T00:00:00.000","2024-2025","658","1372"
"Wayne","COUNTY","2024-10-01T00:00:00.000","2024-2025","1178","2387"
"Westchester","COUNTY","2024-10-01T00:00:00.000","2024-2025","9891","21932"
"Wyoming","COUNTY","2024-10-01T00:00:00.000","2024-2025","319","855"
"Yates","COUNTY","2024-10-01T00:00:00.000","2024-2025","320","574"
"Capital Region","REGION","2024-10-01T00:00:00.000","2024-2025","13247","24270"
"Central New York","REGION","2024-10-01T00:00:00.000","2024-2025","10062","18721"
"Finger Lakes","REGION","2024-10-01T00:00:00.000","2024-2025","17035","34330"
"Long Island","REGION","2024-10-01T00:00:00.000","2024-2025","18767","54079"
"Mid-Hudson","REGION","2024-10-01T00:00:00.000","2024-2025","20462","47875"
"Mohawk Valley","REGION","2024-10-01T00:00:00.000","2024-2025","4431","9689"
"New York City","REGION","2024-10-01T00:00:00.000","2024-2025","0","0"
"North Country","REGION","2024-10-01T00:00:00.000","2024-2025","4098","8599"
"Southern Tier","REGION","2024-10-01T00:00:00.000","2024-2025","7187","14789"
"Western New York","REGION","2024-10-01T00:00:00.000","2024-2025","15629","33510"
"ROS","REST OF STATE","2024-10-01T00:00:00.000","2024-2025","110918","245862"
"Albany","COUNTY","2024-10-08T00:00:00.000","2024-2025","3965","7614"
"Allegany","COUNTY","2024-10-08T00:00:00.000","2024-2025","324","966"
"Bronx","COUNTY","2024-10-08T00:00:00.000","2024-2025","0","0"
"Broome","COUNTY","2024-10-08T00:00:00.000","2024-2025","2058","4905"
"Cattaraugus","COUNTY","2024-10-08T00:00:00.000","2024-2025","603","1530"
"Cayuga","COUNTY","2024-10-08T00:00:00.000","2024-2025","753","1707"
"Chautauqua","COUNTY","2024-10-08T00:00:00.000","2024-2025","1212","3078"
"Chemung","COUNTY","2024-10-08T00:00:00.000","2024-2025","795","1930"
"Chenango","COUNTY","2024-10-08T00:00:00.000","2024-2025","406","1104"
"Clinton","COUNTY","2024-10-08T00:00:00.000","2024-2025","1093","2406"
"Columbia","COUNTY","2024-10-08T00:00:00.000","2024-2025","730","1503"
"Cortland","COUNTY","2024-10-08T00:00:00.000","2024-2025","600","1211"
"Delaware","COUNTY","2024-10-08T00:00:00.000","2024-2025","384","877"
"Dutchess","COUNTY","2024-10-08T00:00:00.000","2024-2025","3019","6640"
"Erie","COUNTY","2024-10-08T00:00:00.000","2024-2025","11950","27131"
"Essex","COUNTY","2024-10-08T00:00:00.000","2024-2025","446","943"
"Franklin","COUNTY","2024-10-08T00:00:00.000","2024-2025","462","1063"
"Fulton","COUNTY","2024-10-08T00:00:00.000","2024-2025","391","1020"
"Genesee","COUNTY","2024-10-08T00:00:00.000","2024-2025","586","1581"
"Greene","COUNTY","2024-10-08T00:00:00.000","2024-2025","367","950"
"Hamilton","COUNTY","2024-10-08T00:00:00.000","2024-2025","57","121"
"Herkimer","COUNTY","2024-10-08T00:00:00.000","2024-2025","453","1315"
"Jefferson","COUNTY","2024-10-08T00:00:00.000","2024-2025","758","2312"
"Kings","COUNTY","2024-10-08T00:00:00.000","2024-2025","0","0"
"Lewis","COUNTY","2024-10-08T00:00:00.000","2024-2025","189","681"
"Livingston","COUNTY","2024-10-08T00:00:00.000","2024-2025","700","1721"
"Madison","COUNTY","2024-10-08T00:00:00.000","2024-2025","962","2030"
"Monroe","COUNTY","2024-10-08T00:00:00.000","2024-2025","11175","25286"
"Montgomery","COUNTY","2024-10-08T00:00:00.000","2024-2025","414","1112"
"Nassau","COUNTY","2024-10-08T00:00:00.000","2024-2025","9566","31909"
"New York","COUNTY","2024-10-08T00:00:00.000","2024-2025","0","0"
"Niagara","COUNTY","2024-10-08T00:00:00.000","2024-2025","1970","4875"
"Oneida","COUNTY","2024-10-08T00:00:00.000","2024-2025","2154","5825"
"Onondaga","COUNTY","2024-10-08T00:00:00.000","2024-2025","6939","13973"
"Ontario","COUNTY","2024-10-08T00:00:00.000","2024-2025","1774","3822"
"Orange","COUNTY","2024-10-08T00:00:00.000","2024-2025","2384","6511"
"Orleans","COUNTY","2024-10-08T00:00:00.000","2024-2025","277","809"
"Oswego","COUNTY","2024-10-08T00:00:00.000","2024-2025","1229","3057"
"Otsego","COUNTY","2024-10-08T00:00:00.000","2024-2025","705","1585"
"Putnam","COUNTY","2024-10-08T00:00:00.000","2024-2025","823","2458"
"Queens","COUNTY","2024-10-08T00:00:00.000","2024-2025","0","0"
"Rensselaer","COUNTY","2024-10-08T00:00:00.000","2024-2025","1773","3370"
"Richmond","COUNTY","2024-10-08T00:00:00.000","2024-2025","0","0"
"Rockland","COUNTY","2024-10-08T00:00:00.000","2024-2025","2010","6159"
"Saratoga","COUNTY","2024-10-08T00:00:00.000","2024-2025","3261","6795"
"Schenectady","COUNTY","2024-10-08T00:00:00.000","2024-2025","1882","4046"
"Schoharie","COUNTY","2024-10-08T00:00:00.000","2024-2025","240","636"
"Schuyler","COUNTY","2024-10-08T00:00:00.000","2024-2025","184","352"
"Seneca","COUNTY","2024-10-08T00:00:00.000","2024-2025","361","708"
"St. Lawrence","COUNTY","2024-10-08T00:00:00.000","2024-2025","977","2502"
"Steuben","COUNTY","2024-10-08T00:00:00.000","2024-2025","952","2165"
"Suffolk","COUNTY","2024-10-08T00:00:00.000","2024-2025","10249","30270"
"Sullivan","COUNTY","2024-10-08T00:00:00.000","2024-2025","487","1150"
"Tioga","COUNTY","2024-10-08T00:00:00.000","2024-2025","428","958"
"Tompkins","COUNTY","2024-10-08T00:00:00.000","2024-2025","2105","3338"
"Ulster","COUNTY","2024-10-08T00:00:00.000","2024-2025","2174","4288"
"Warren","COUNTY","2024-10-08T00:00:00.000","2024-2025","878","2069"
"Washington","COUNTY","2024-10-08T00:00:00.000","2024-2025","608","1487"
"Wayne","COUNTY","2024-10-08T00:00:00.000","2024-2025","1216","2909"
"Westchester","COUNTY","2024-10-08T00:00:00.000","2024-2025","10235","24961"
"Wyoming","COUNTY","2024-10-08T00:00:00.000","2024-2025","324","1019"
"Yates","COUNTY","2024-10-08T00:00:00.000","2024-2025","262","625"
"Capital Region","REGION","2024-10-08T00:00:00.000","2024-2025","13464","27834"
"Central New York","REGION","2024-10-08T00:00:00.000","2024-2025","10483","21978"
"Finger Lakes","REGION","2024-10-08T00:00:00.000","2024-2025","16675","38480"
"Long Island","REGION","2024-10-08T00:00:00.000","2024-2025","19815","62179"
"Mid-Hudson","REGION","2024-10-08T00:00:00.000","2024-2025","21132","52167"
"Mohawk Valley","REGION","2024-10-08T00:00:00.000","2024-2025","4357","11493"
"New York City","REGION","2024-10-08T00:00:00.000","2024-2025","0","0"
"North Country","REGION","2024-10-08T00:00:00.000","2024-2025","3982","10028"
"Southern Tier","REGION","2024-10-08T00:00:00.000","2024-2025","7312","15629"
"Western New York","REGION","2024-10-08T00:00:00.000","2024-2025","16059","37580"
"ROS","REST OF STATE","2024-10-08T00:00:00.000","2024-2025","113279","277368"
"Albany","COUNTY","2024-10-15T00:00:00.000","2024-2025","3698","7156"
"Allegany","COUNTY","2024-10-15T00:00:00.000","2024-2025","270","874"
"Bronx","COUNTY","2024-10-15T00:00:00.000","2024-2025","0","0"
"Broome","COUNTY","2024-10-15T00:00:00.000","2024-2025","1916","5229"
"Cattaraugus","COUNTY","2024-10-15T00:00:00.000","2024-2025","585","1646"
"Cayuga","COUNTY","2024-10-15T00:00:00.000","2024-2025","653","1769"
"Chautauqua","COUNTY","2024-10-15T00:00:00.000","2024-2025","1167","2879"
"Chemung","COUNTY","2024-10-15T00:00:00.000","2024-2025","818","1982"
"Chenango","COUNTY","2024-10-15T00:00:00.000","2024-2025","396","1258"
"Clinton","COUNTY","2024-10-15T00:00:00.000","2024-2025","852","3453"
"Columbia","COUNTY","2024-10-15T00:00:00.000","2024-2025","719","1654"
"Cortland","COUNTY","2024-10-15T00:00:00.000","2024-2025","494","1057"
"Delaware","COUNTY","2024-10-15T00:00:00.000","2024-2025","364","854"
"Dutchess","COUNTY","2024-10-15T00:00:00.000","2024-2025","2847","6764"
"Erie","COUNTY","2024-10-15T00:00:00.000","2024-2025","10763","27028"
"Essex","COUNTY","2024-10-15T00:00:00.000","2024-2025","464","1124"
"Franklin","COUNTY","2024-10-15T00:00:00.000","2024-2025","417","950"
"Fulton","COUNTY","2024-10-15T00:00:00.000","2024-2025","372","1048"
"Genesee","COUNTY","2024-10-15T00:00:00.000","2024-2025","582","1558"
"Greene","COUNTY","2024-10-15T00:00:00.000","2024-2025","397","994"
"Hamilton","COUNTY","2024-10-15T00:00:00.000","2024-2025","50","127"
"Herkimer","COUNTY","2024-10-15T00:00:00.000","2024-2025","422","1463"
"Jefferson","COUNTY","2024-10-15T00:00:00.000","2024-2025","581","2284"
"Kings","COUNTY","2024-10-15T00:00:00.000","2024-2025","0","0"
"Lewis","COUNTY","2024-10-15T00:00:00.000","2024-2025","177","642"
"Livingston","COUNTY","2024-10-15T00:00:00.000","2024-2025","877","2171"
"Madison","COUNTY","2024-10-15T00:00:00.000","2024-2025","795","2012"
"Monroe","COUNTY","2024-10-15T00:00:00.000","2024-2025","10656","24382"
"Montgomery","COUNTY","2024-10-15T00:00:00.000","2024-2025","412","1180"
"Nassau","COUNTY","2024-10-15T00:00:00.000","2024-2025","9131","34376"
"New York","COUNTY","2024-10-15T00:00:00.000","2024-2025","0","0"
"Niagara","COUNTY","2024-10-15T00:00:00.000","2024-2025","1848","4876"
"Oneida","COUNTY","2024-10-15T00:00:00.000","2024-2025","2044","5894"
"Onondaga","COUNTY","2024-10-15T00:00:00.000","2024-2025","5967","12738"
"Ontario","COUNTY","2024-10-15T00:00:00.000","2024-2025","1569","3562"
"Orange","COUNTY","2024-10-15T00:00:00.000","2024-2025","2287","6524"
"Orleans","COUNTY","2024-10-15T00:00:00.000","2024-2025","303","793"
"Oswego","COUNTY","2024-10-15T00:00:00.000","2024-2025","950","2779"
"Otsego","COUNTY","2024-10-15T00:00:00.000","2024-2025","668","1680"
"Putnam","COUNTY","2024-10-15T00:00:00.000","2024-2025","796","2684"
"Queens","COUNTY","2024-10-15T00:00:00.000","2024-2025","0","0"
"Rensselaer","COUNTY","2024-10-15T00:00:00.000","2024-2025","1735","3368"
"Richmond","COUNTY","2024-10-15T00:00:00.000","2024-2025","0","0"
"Rockland","COUNTY","2024-10-15T00:00:00.000","2024-2025","1817","6786"
"Saratoga","COUNTY","2024-10-15T00:00:00.000","2024-2025","3034","6852"
"Schenectady","COUNTY","2024-10-15T00:00:00.000","2024-2025","1883","4184"
"Schoharie","COUNTY","2024-10-15T00:00:00.000","2024-2025","238","783"
"Schuyler","COUNTY","2024-10-15T00:00:00.000","2024-2025","174","396"
"Seneca","COUNTY","2024-10-15T00:00:00.000","2024-2025","290","696"
"St. Lawrence","COUNTY","2024-10-15T00:00:00.000","2024-2025","732","2173"
"Steuben","COUNTY","2024-10-15T00:00:00.000","2024-2025","904","2401"
"Suffolk","COUNTY","2024-10-15T00:00:00.000","2024-2025","9551","30419"
"Sullivan","COUNTY","2024-10-15T00:00:00.000","2024-2025","372","1338"
"Tioga","COUNTY","2024-10-15T00:00:00.000","2024-2025","523","1103"
"Tompkins","COUNTY","2024-10-15T00:00:00.000","2024-2025","1615","3600"
"Ulster","COUNTY","2024-10-15T00:00:00.000","2024-2025","2006","4144"
"Warren","COUNTY","2024-10-15T00:00:00.000","2024-2025","783","2109"
"Washington","COUNTY","2024-10-15T00:00:00.000","2024-2025","590","1640"
"Wayne","COUNTY","2024-10-15T00:00:00.000","2024-2025","1058","2661"
"Westchester","COUNTY","2024-10-15T00:00:00.000","2024-2025","10188","26736"
"Wyoming","COUNTY","2024-10-15T00:00:00.000","2024-2025","349","948"
"Yates","COUNTY","2024-10-15T00:00:00.000","2024-2025","251","663"
"Capital Region","REGION","2024-10-15T00:00:00.000","2024-2025","12839","27957"
"Central New York","REGION","2024-10-15T00:00:00.000","2024-2025","8859","20355"
"Finger Lakes","REGION","2024-10-15T00:00:00.000","2024-2025","15935","37434"
"Long Island","REGION","2024-10-15T00:00:00.000","2024-2025","18682","64795"
"Mid-Hudson","REGION","2024-10-15T00:00:00.000","2024-2025","20313","54976"
"Mohawk Valley","REGION","2024-10-15T00:00:00.000","2024-2025","4156","12048"
"New York City","REGION","2024-10-15T00:00:00.000","2024-2025","0","0"
"North Country","REGION","2024-10-15T00:00:00.000","2024-2025","3273","10753"
"Southern Tier","REGION","2024-10-15T00:00:00.000","2024-2025","6710","16823"
"Western New York","REGION","2024-10-15T00:00:00.000","2024-2025","14633","37303"
"ROS","REST OF STATE","2024-10-15T00:00:00.000","2024-2025","105400","282444"
"Albany","COUNTY","2024-10-22T00:00:00.000","2024-2025","3085","5771"
"Allegany","COUNTY","2024-10-22T00:00:00.000","2024-2025","267","775"
"Bronx","COUNTY","2024-10-22T00:00:00.000","2024-2025","0","0"
"Broome","COUNTY","2024-10-22T00:00:00.000","2024-2025","1573","4233"
"Cattaraugus","COUNTY","2024-10-22T00:00:00.000","2024-2025","539","1421"
"Cayuga","COUNTY","2024-10-22T00:00:00.000","2024-2025","634","1422"
"Chautauqua","COUNTY","2024-10-22T00:00:00.000","2024-2025","944","2708"
"Chemung","COUNTY","2024-10-22T00:00:00.000","2024-2025","504","1604"
"Chenango","COUNTY","2024-10-22T00:00:00.000","2024-2025","400","1204"
"Clinton","COUNTY","2024-10-22T00:00:00.000","2024-2025","884","2112"
"Columbia","COUNTY","2024-10-22T00:00:00.000","2024-2025","484","1277"
"Cortland","COUNTY","2024-10-22T00:00:00.000","2024-2025","470","968"
"Delaware","COUNTY","2024-10-22T00:00:00.000","2024-2025","365","914"
"Dutchess","COUNTY","2024-10-22T00:00:00.000","2024-2025","2237","5628"
"Erie","COUNTY","2024-10-22T00:00:00.000","2024-2025","8475","22501"
"Essex","COUNTY","2024-10-22T00:00:00.000","2024-2025","498","1179"
"Franklin","COUNTY","2024-10-22T00:00:00.000","2024-2025","490","1140"
"Fulton","COUNTY","2024-10-22T00:00:00.000","2024-2025","283","850"
"Genesee","COUNTY","2024-10-22T00:00:00.000","2024-2025","391","1257"
"Greene","COUNTY","2024-10-22T00:00:00.000","2024-2025","335","901"
"Hamilton","COUNTY","2024-10-22T00:00:00.000","2024-2025","39","152"
"Herkimer","COUNTY","2024-10-22T00:00:00.000","2024-2025","406","1558"
"Jefferson","COUNTY","2024-10-22T00:00:00.000","2024-2025","769","3017"
"Kings","COUNTY","2024-10-22T00:00:00.000","2024-2025","0","0"
"Lewis","COUNTY","2024-10-22T00:00:00.000","2024-2025","191","724"
"Livingston","COUNTY","2024-10-22T00:00:00.000","2024-2025","596","1771"
"Madison","COUNTY","2024-10-22T00:00:00.000","2024-2025","684","1784"
"Monroe","COUNTY","2024-10-22T00:00:00.000","2024-2025","8281","21119"
"Montgomery","COUNTY","2024-10-22T00:00:00.000","2024-2025","332","952"
"Nassau","COUNTY","2024-10-22T00:00:00.000","2024-2025","7328","29193"
"New York","COUNTY","2024-10-22T00:00:00.000","2024-2025","0","0"
"Niagara","COUNTY","2024-10-22T00:00:00.000","2024-2025","1589","4659"
"Oneida","COUNTY","2024-10-22T00:00:00.000","2024-2025","1704","5414"
"Onondaga","COUNTY","2024-10-22T00:00:00.000","2024-2025","5286","12080"
"Ontario","COUNTY","2024-10-22T00:00:00.000","2024-2025","1271","3146"
"Orange","COUNTY","2024-10-22T00:00:00.000","2024-2025","1892","5667"
"Orleans","COUNTY","2024-10-22T00:00:00.000","2024-2025","244","700"
"Oswego","COUNTY","2024-10-22T00:00:00.000","2024-2025","1071","2907"
"Otsego","COUNTY","2024-10-22T00:00:00.000","2024-2025","683","1614"
"Putnam","COUNTY","2024-10-22T00:00:00.000","2024-2025","669","2217"
"Queens","COUNTY","2024-10-22T00:00:00.000","2024-2025","0","0"
"Rensselaer","COUNTY","2024-10-22T00:00:00.000","2024-2025","1313","2817"
"Richmond","COUNTY","2024-10-22T00:00:00.000","2024-2025","0","0"
"Rockland","COUNTY","2024-10-22T00:00:00.000","2024-2025","1496","5354"
"Saratoga","COUNTY","2024-10-22T00:00:00.000","2024-2025","2431","5641"
"Schenectady","COUNTY","2024-10-22T00:00:00.000","2024-2025","1477","3354"
"Schoharie","COUNTY","2024-10-22T00:00:00.000","2024-2025","207","661"
"Schuyler","COUNTY","2024-10-22T00:00:00.000","2024-2025","151","351"
"Seneca","COUNTY","2024-10-22T00:00:00.000","2024-2025","235","617"
"St. Lawrence","COUNTY","2024-10-22T00:00:00.000","2024-2025","871","2401"
"Steuben","COUNTY","2024-10-22T00:00:00.000","2024-2025","692","2095"
"Suffolk","COUNTY","2024-10-22T00:00:00.000","2024-2025","7743","26769"
"Sullivan","COUNTY","2024-10-22T00:00:00.000","2024-2025","411","1081"
"Tioga","COUNTY","2024-10-22T00:00:00.000","2024-2025","327","849"
"Tompkins","COUNTY","2024-10-22T00:00:00.000","2024-2025","1496","2853"
"Ulster","COUNTY","2024-10-22T00:00:00.000","2024-2025","1714","3785"
"Warren","COUNTY","2024-10-22T00:00:00.000","2024-2025","643","1819"
"Washington","COUNTY","2024-10-22T00:00:00.000","2024-2025","488","1466"
"Wayne","COUNTY","2024-10-22T00:00:00.000","2024-2025","824","2377"
"Westchester","COUNTY","2024-10-22T00:00:00.000","2024-2025","7934","21970"
"Wyoming","COUNTY","2024-10-22T00:00:00.000","2024-2025","241","729"
"Yates","COUNTY","2024-10-22T00:00:00.000","2024-2025","213","480"
"Capital Region","REGION","2024-10-22T00:00:00.000","2024-2025","10256","23046"
"Central New York","REGION","2024-10-22T00:00:00.000","2024-2025","8145","19161"
"Finger Lakes","REGION","2024-10-22T00:00:00.000","2024-2025","12296","32196"
"Long Island","REGION","2024-10-22T00:00:00.000","2024-2025","15071","55962"
"Mid-Hudson","REGION","2024-10-22T00:00:00.000","2024-2025","16353","45702"
"Mohawk Valley","REGION","2024-10-22T00:00:00.000","2024-2025","3615","11049"
"New York City","REGION","2024-10-22T00:00:00.000","2024-2025","0","0"
"North Country","REGION","2024-10-22T00:00:00.000","2024-2025","3742","10725"
"Southern Tier","REGION","2024-10-22T00:00:00.000","2024-2025","5508","14103"
"Western New York","REGION","2024-10-22T00:00:00.000","2024-2025","11814","32064"
"ROS","REST OF STATE","2024-10-22T00:00:00.000","2024-2025","86800","244008"
"Albany","COUNTY","2024-10-29T00:00:00.000","2024-2025","2708","4976"
"Allegany","COUNTY","2024-10-29T00:00:00.000","2024-2025","251","893"
"Bronx","COUNTY","2024-10-29T00:00:00.000","2024-2025","0","0"
"Broome","COUNTY","2024-10-29T00:00:00.000","2024-2025","1429","4336"
"Cattaraugus","COUNTY","2024-10-29T00:00:00.000","2024-2025","448","1321"
"Cayuga","COUNTY","2024-10-29T00:00:00.000","2024-2025","472","1337"
"Chautauqua","COUNTY","2024-10-29T00:00:00.000","2024-2025","799","2407"
"Chemung","COUNTY","2024-10-29T00:00:00.000","2024-2025","607","1717"
"Chenango","COUNTY","2024-10-29T00:00:00.000","2024-2025","331","1077"
"Clinton","COUNTY","2024-10-29T00:00:00.000","2024-2025","948","1927"
"Columbia","COUNTY","2024-10-29T00:00:00.000","2024-2025","478","1202"
"Cortland","COUNTY","2024-10-29T00:00:00.000","2024-2025","382","881"
"Delaware","COUNTY","2024-10-29T00:00:00.000","2024-2025","308","783"
"Dutchess","COUNTY","2024-10-29T00:00:00.000","2024-2025","1874","5069"
"Erie","COUNTY","2024-10-29T00:00:00.000","2024-2025","8013","20783"
"Essex","COUNTY","2024-10-29T00:00:00.000","2024-2025","531","1187"
"Franklin","COUNTY","2024-10-29T00:00:00.000","2024-2025","401","923"
"Fulton","COUNTY","2024-10-29T00:00:00.000","2024-2025","369","935"
"Genesee","COUNTY","2024-10-29T00:00:00.000","2024-2025","393","1167"
"Greene","COUNTY","2024-10-29T00:00:00.000","2024-2025","303","826"
"Hamilton","COUNTY","2024-10-29T00:00:00.000","2024-2025","47","94"
"Herkimer","COUNTY","2024-10-29T00:00:00.000","2024-2025","404","1187"
"Jefferson","COUNTY","2024-10-29T00:00:00.000","2024-2025","734","2490"
"Kings","COUNTY","2024-10-29T00:00:00.000","2024-2025","0","0"
"Lewis","COUNTY","2024-10-29T00:00:00.000","2024-2025","144","612"
"Livingston","COUNTY","2024-10-29T00:00:00.000","2024-2025","531","1463"
"Madison","COUNTY","2024-10-29T00:00:00.000","2024-2025","686","1698"
"Monroe","COUNTY","2024-10-29T00:00:00.000","2024-2025","7960","19524"
"Montgomery","COUNTY","2024-10-29T00:00:00.000","2024-2025","364","1125"
"Nassau","COUNTY","2024-10-29T00:00:00.000","2024-2025","6783","27164"
"New York","COUNTY","2024-10-29T00:00:00.000","2024-2025","0","0"
"Niagara","COUNTY","2024-10-29T00:00:00.000","2024-2025","1483","4021"
"Oneida","COUNTY","2024-10-29T00:00:00.000","2024-2025","1571","4724"
"Onondaga","COUNTY","2024-10-29T00:00:00.000","2024-2025","4617","10478"
"Ontario","COUNTY","2024-10-29T00:00:00.000","2024-2025","1171","3100"
"Orange","COUNTY","2024-10-29T00:00:00.000","2024-2025","1702","5506"
"Orleans","COUNTY","2024-10-29T00:00:00.000","2024-2025","201","599"
"Oswego","COUNTY","2024-10-29T00:00:00.000","2024-2025","993","2558"
"Otsego","COUNTY","2024-10-29T00:00:00.000","2024-2025","594","1459"
"Putnam","COUNTY","2024-10-29T00:00:00.000","2024-2025","685","2179"
"Queens","COUNTY","2024-10-29T00:00:00.000","2024-2025","0","0"
"Rensselaer","COUNTY","2024-10-29T00:00:00.000","2024-2025","1235","2596"
"Richmond","COUNTY","2024-10-29T00:00:00.000","2024-2025","0","0"
"Rockland","COUNTY","2024-10-29T00:00:00.000","2024-2025","1246","5155"
"Saratoga","COUNTY","2024-10-29T00:00:00.000","2024-2025","2242","5453"
"Schenectady","COUNTY","2024-10-29T00:00:00.000","2024-2025","1386","2886"
"Schoharie","COUNTY","2024-10-29T00:00:00.000","2024-2025","220","540"
"Schuyler","COUNTY","2024-10-29T00:00:00.000","2024-2025","130","326"
"Seneca","COUNTY","2024-10-29T00:00:00.000","2024-2025","251","681"
"St. Lawrence","COUNTY","2024-10-29T00:00:00.000","2024-2025","755","2240"
"Steuben","COUNTY","2024-10-29T00:00:00.000","2024-2025","628","1800"
"Suffolk","COUNTY","2024-10-29T00:00:00.000","2024-2025","7080","24384"
"Sullivan","COUNTY","2024-10-29T00:00:00.000","2024-2025","372","1132"
"Tioga","COUNTY","2024-10-29T00:00:00.000","2024-2025","319","812"
"Tompkins","COUNTY","2024-10-29T00:00:00.000","2024-2025","1249","2359"
"Ulster","COUNTY","2024-10-29T00:00:00.000","2024-2025","1533","3493"
"Warren","COUNTY","2024-10-29T00:00:00.000","2024-2025","686","1689"
"Washington","COUNTY","2024-10-29T00:00:00.000","2024-2025","446","1328"
"Wayne","COUNTY","2024-10-29T00:00:00.000","2024-2025","764","2061"
"Westchester","COUNTY","2024-10-29T00:00:00.000","2024-2025","7290","20868"
"Wyoming","COUNTY","2024-10-29T00:00:00.000","2024-2025","253","799"
"Yates","COUNTY","2024-10-29T00:00:00.000","2024-2025","195","594"
"Capital Region","REGION","2024-10-29T00:00:00.000","2024-2025","9484","20956"
"Central New York","REGION","2024-10-29T00:00:00.000","2024-2025","7150","16952"
"Finger Lakes","REGION","2024-10-29T00:00:00.000","2024-2025","11719","29988"
"Long Island","REGION","2024-10-29T00:00:00.000","2024-2025","13863","51548"
"Mid-Hudson","REGION","2024-10-29T00:00:00.000","2024-2025","14702","43402"
"Mohawk Valley","REGION","2024-10-29T00:00:00.000","2024-2025","3522","9970"
"New York City","REGION","2024-10-29T00:00:00.000","2024-2025","0","0"
"North Country","REGION","2024-10-29T00:00:00.000","2024-2025","3560","9473"
"Southern Tier","REGION","2024-10-29T00:00:00.000","2024-2025","5001","13210"
"Western New York","REGION","2024-10-29T00:00:00.000","2024-2025","10994","29425"
"ROS","REST OF STATE","2024-10-29T00:00:00.000","2024-2025","79995","224924"
"Albany","COUNTY","2024-11-05T00:00:00.000","2024-2025","2347","4550"
"Allegany","COUNTY","2024-11-05T00:00:00.000","2024-2025","196","693"
"Bronx","COUNTY","2024-11-05T00:00:00.000","2024-2025","0","0"
"Broome","COUNTY","2024-11-05T00:00:00.000","2024-2025","1131","3828"
"Cattaraugus","COUNTY","2024-11-05T00:00:00.000","2024-2025","356","1055"
"Cayuga","COUNTY","2024-11-05T00:00:00.000","2024-2025","362","1006"
"Chautauqua","COUNTY","2024-11-05T00:00:00.000","2024-2025","731","1934"
"Chemung","COUNTY","2024-11-05T00:00:00.000","2024-2025","388","1306"
"Chenango","COUNTY","2024-11-05T00:00:00.000","2024-2025","336","889"
"Clinton","COUNTY","2024-11-05T00:00:00.000","2024-2025","574","1512"
"Columbia","COUNTY","2024-11-05T00:00:00.000","2024-2025","351","880"
"Cortland","COUNTY","2024-11-05T00:00:00.000","2024-2025","283","751"
"Delaware","COUNTY","2024-11-05T00:00:00.000","2024-2025","294","700"
"Dutchess","COUNTY","2024-11-05T00:00:00.000","2024-2025","1754","4506"
"Erie","COUNTY","2024-11-05T00:00:00.000","2024-2025","6290","17574"
"Essex","COUNTY","2024-11-05T00:00:00.000","2024-2025","363","816"
"Franklin","COUNTY","2024-11-05T00:00:00.000","2024-2025","340","782"
"Fulton","COUNTY","2024-11-05T00:00:00.000","2024-2025","243","803"
"Genesee","COUNTY","2024-11-05T00:00:00.000","2024-2025","323","941"
"Greene","COUNTY","2024-11-05T00:00:00.000","2024-2025","260","748"
"Hamilton","COUNTY","2024-11-05T00:00:00.000","2024-2025","35","76"
"Herkimer","COUNTY","2024-11-05T00:00:00.000","2024-2025","317","961"
"Jefferson","COUNTY","2024-11-05T00:00:00.000","2024-2025","451","2156"
"Kings","COUNTY","2024-11-05T00:00:00.000","2024-2025","0","0"
"Lewis","COUNTY","2024-11-05T00:00:00.000","2024-2025","80","417"
"Livingston","COUNTY","2024-11-05T00:00:00.000","2024-2025","389","1169"
"Madison","COUNTY","2024-11-05T00:00:00.000","2024-2025","537","1397"
"Monroe","COUNTY","2024-11-05T00:00:00.000","2024-2025","6225","14671"
"Montgomery","COUNTY","2024-11-05T00:00:00.000","2024-2025","228","884"
"Nassau","COUNTY","2024-11-05T00:00:00.000","2024-2025","5679","23926"
"New York","COUNTY","2024-11-05T00:00:00.000","2024-2025","0","0"
"Niagara","COUNTY","2024-11-05T00:00:00.000","2024-2025","1118","3330"
"Oneida","COUNTY","2024-11-05T00:00:00.000","2024-2025","1332","3898"
"Onondaga","COUNTY","2024-11-05T00:00:00.000","2024-2025","3525","8127"
"Ontario","COUNTY","2024-11-05T00:00:00.000","2024-2025","919","2288"
"Orange","COUNTY","2024-11-05T00:00:00.000","2024-2025","1304","4769"
"Orleans","COUNTY","2024-11-05T00:00:00.000","2024-2025","139","454"
"Oswego","COUNTY","2024-11-05T00:00:00.000","2024-2025","601","1819"
"Otsego","COUNTY","2024-11-05T00:00:00.000","2024-2025","490","1314"
"Putnam","COUNTY","2024-11-05T00:00:00.000","2024-2025","433","1766"
"Queens","COUNTY","2024-11-05T00:00:00.000","2024-2025","0","0"
"Rensselaer","COUNTY","2024-11-05T00:00:00.000","2024-2025","1002","2212"
"Richmond","COUNTY","2024-11-05T00:00:00.000","2024-2025","0","0"
"Rockland","COUNTY","2024-11-05T00:00:00.000","2024-2025","1143","4891"
"Saratoga","COUNTY","2024-11-05T00:00:00.000","2024-2025","1781","8082"
"Schenectady","COUNTY","2024-11-05T00:00:00.000","2024-2025","1130","2757"
"Schoharie","COUNTY","2024-11-05T00:00:00.000","2024-2025","162","470"
"Schuyler","COUNTY","2024-11-05T00:00:00.000","2024-2025","98","253"
"Seneca","COUNTY","2024-11-05T00:00:00.000","2024-2025","213","553"
"St. Lawrence","COUNTY","2024-11-05T00:00:00.000","2024-2025","607","1899"
"Steuben","COUNTY","2024-11-05T00:00:00.000","2024-2025","569","1541"
"Suffolk","COUNTY","2024-11-05T00:00:00.000","2024-2025","5681","20532"
"Sullivan","COUNTY","2024-11-05T00:00:00.000","2024-2025","223","934"
"Tioga","COUNTY","2024-11-05T00:00:00.000","2024-2025","247","756"
"Tompkins","COUNTY","2024-11-05T00:00:00.000","2024-2025","1066","2112"
"Ulster","COUNTY","2024-11-05T00:00:00.000","2024-2025","1385","3219"
"Warren","COUNTY","2024-11-05T00:00:00.000","2024-2025","529","1936"
"Washington","COUNTY","2024-11-05T00:00:00.000","2024-2025","333","1563"
"Wayne","COUNTY","2024-11-05T00:00:00.000","2024-2025","650","1691"
"Westchester","COUNTY","2024-11-05T00:00:00.000","2024-2025","6206","19011"
"Wyoming","COUNTY","2024-11-05T00:00:00.000","2024-2025","219","637"
"Yates","COUNTY","2024-11-05T00:00:00.000","2024-2025","143","388"
"Capital Region","REGION","2024-11-05T00:00:00.000","2024-2025","7733","22728"
"Central New York","REGION","2024-11-05T00:00:00.000","2024-2025","5308","13100"
"Finger Lakes","REGION","2024-11-05T00:00:00.000","2024-2025","9220","22792"
"Long Island","REGION","2024-11-05T00:00:00.000","2024-2025","11360","44458"
"Mid-Hudson","REGION","2024-11-05T00:00:00.000","2024-2025","12448","39096"
"Mohawk Valley","REGION","2024-11-05T00:00:00.000","2024-2025","2772","8330"
"New York City","REGION","2024-11-05T00:00:00.000","2024-2025","0","0"
"North Country","REGION","2024-11-05T00:00:00.000","2024-2025","2450","7658"
"Southern Tier","REGION","2024-11-05T00:00:00.000","2024-2025","4129","11385"
"Western New York","REGION","2024-11-05T00:00:00.000","2024-2025","8691","24586"
"ROS","REST OF STATE","2024-11-05T00:00:00.000","2024-2025","64111","194133"
"Albany","COUNTY","2024-11-12T00:00:00.000","2024-2025","1978","3602"
"Allegany","COUNTY","2024-11-12T00:00:00.000","2024-2025","187","574"
"Bronx","COUNTY","2024-11-12T00:00:00.000","2024-2025","0","0"
"Broome","COUNTY","2024-11-12T00:00:00.000","2024-2025","1019","2744"
"Cattaraugus","COUNTY","2024-11-12T00:00:00.000","2024-2025","293","886"
"Cayuga","COUNTY","2024-11-12T00:00:00.000","2024-2025","341","971"
"Chautauqua","COUNTY","2024-11-12T00:00:00.000","2024-2025","570","1649"
"Chemung","COUNTY","2024-11-12T00:00:00.000","2024-2025","397","1273"
"Chenango","COUNTY","2024-11-12T00:00:00.000","2024-2025","243","629"
"Clinton","COUNTY","2024-11-12T00:00:00.000","2024-2025","461","1177"
"Columbia","COUNTY","2024-11-12T00:00:00.000","2024-2025","284","607"
"Cortland","COUNTY","2024-11-12T00:00:00.000","2024-2025","280","620"
"Delaware","COUNTY","2024-11-12T00:00:00.000","2024-2025","221","564"
"Dutchess","COUNTY","2024-11-12T00:00:00.000","2024-2025","1550","3950"
"Erie","COUNTY","2024-11-12T00:00:00.000","2024-2025","5223","14238"
"Essex","COUNTY","2024-11-12T00:00:00.000","2024-2025","269","649"
"Franklin","COUNTY","2024-11-12T00:00:00.000","2024-2025","296","611"
"Fulton","COUNTY","2024-11-12T00:00:00.000","2024-2025","222","571"
"Genesee","COUNTY","2024-11-12T00:00:00.000","2024-2025","261","907"
"Greene","COUNTY","2024-11-12T00:00:00.000","2024-2025","215","509"
"Hamilton","COUNTY","2024-11-12T00:00:00.000","2024-2025","31","97"
"Herkimer","COUNTY","2024-11-12T00:00:00.000","2024-2025","270","846"
"Jefferson","COUNTY","2024-11-12T00:00:00.000","2024-2025","440","1910"
"Kings","COUNTY","2024-11-12T00:00:00.000","2024-2025","0","0"
"Lewis","COUNTY","2024-11-12T00:00:00.000","2024-2025","88","428"
"Livingston","COUNTY","2024-11-12T00:00:00.000","2024-2025","385","1107"
"Madison","COUNTY","2024-11-12T00:00:00.000","2024-2025","498","1141"
"Monroe","COUNTY","2024-11-12T00:00:00.000","2024-2025","5528","13375"
"Montgomery","COUNTY","2024-11-12T00:00:00.000","2024-2025","210","681"
"Nassau","COUNTY","2024-11-12T00:00:00.000","2024-2025","4786","20033"
"New York","COUNTY","2024-11-12T00:00:00.000","2024-2025","0","0"
"Niagara","COUNTY","2024-11-12T00:00:00.000","2024-2025","844","2839"
"Oneida","COUNTY","2024-11-12T00:00:00.000","2024-2025","1139","3497"
"Onondaga","COUNTY","2024-11-12T00:00:00.000","2024-2025","3628","7381"
"Ontario","COUNTY","2024-11-12T00:00:00.000","2024-2025","838","2044"
"Orange","COUNTY","2024-11-12T00:00:00.000","2024-2025","1223","4207"
"Orleans","COUNTY","2024-11-12T00:00:00.000","2024-2025","154","440"
"Oswego","COUNTY","2024-11-12T00:00:00.000","2024-2025","629","1612"
"Otsego","COUNTY","2024-11-12T00:00:00.000","2024-2025","397","1146"
"Putnam","COUNTY","2024-11-12T00:00:00.000","2024-2025","518","1534"
"Queens","COUNTY","2024-11-12T00:00:00.000","2024-2025","0","0"
"Rensselaer","COUNTY","2024-11-12T00:00:00.000","2024-2025","846","1872"
"Richmond","COUNTY","2024-11-12T00:00:00.000","2024-2025","0","0"
"Rockland","COUNTY","2024-11-12T00:00:00.000","2024-2025","996","4168"
"Saratoga","COUNTY","2024-11-12T00:00:00.000","2024-2025","1566","3302"
"Schenectady","COUNTY","2024-11-12T00:00:00.000","2024-2025","940","2116"
"Schoharie","COUNTY","2024-11-12T00:00:00.000","2024-2025","190","430"
"Schuyler","COUNTY","2024-11-12T00:00:00.000","2024-2025","97","223"
"Seneca","COUNTY","2024-11-12T00:00:00.000","2024-2025","196","443"
"St. Lawrence","COUNTY","2024-11-12T00:00:00.000","2024-2025","479","1465"
"Steuben","COUNTY","2024-11-12T00:00:00.000","2024-2025","438","1210"
"Suffolk","COUNTY","2024-11-12T00:00:00.000","2024-2025","5020","17834"
"Sullivan","COUNTY","2024-11-12T00:00:00.000","2024-2025","280","823"
"Tioga","COUNTY","2024-11-12T00:00:00.000","2024-2025","253","544"
"Tompkins","COUNTY","2024-11-12T00:00:00.000","2024-2025","955","1889"
"Ulster","COUNTY","2024-11-12T00:00:00.000","2024-2025","1180","2668"
"Warren","COUNTY","2024-11-12T00:00:00.000","2024-2025","409","1164"
"Washington","COUNTY","2024-11-12T00:00:00.000","2024-2025","310","807"
"Wayne","COUNTY","2024-11-12T00:00:00.000","2024-2025","535","1458"
"Westchester","COUNTY","2024-11-12T00:00:00.000","2024-2025","5286","15060"
"Wyoming","COUNTY","2024-11-12T00:00:00.000","2024-2025","160","456"
"Yates","COUNTY","2024-11-12T00:00:00.000","2024-2025","143","282"
"Capital Region","REGION","2024-11-12T00:00:00.000","2024-2025","6548","13979"
"Central New York","REGION","2024-11-12T00:00:00.000","2024-2025","5376","11725"
"Finger Lakes","REGION","2024-11-12T00:00:00.000","2024-2025","8200","20512"
"Long Island","REGION","2024-11-12T00:00:00.000","2024-2025","9806","37867"
"Mid-Hudson","REGION","2024-11-12T00:00:00.000","2024-2025","11033","32410"
"Mohawk Valley","REGION","2024-11-12T00:00:00.000","2024-2025","2428","7171"
"New York City","REGION","2024-11-12T00:00:00.000","2024-2025","0","0"
"North Country","REGION","2024-11-12T00:00:00.000","2024-2025","2064","6337"
"Southern Tier","REGION","2024-11-12T00:00:00.000","2024-2025","3623","9076"
"Western New York","REGION","2024-11-12T00:00:00.000","2024-2025","7117","20186"
"ROS","REST OF STATE","2024-11-12T00:00:00.000","2024-2025","56195","159263"
"Albany","COUNTY","2024-11-19T00:00:00.000","2024-2025","1651","3193"
"Allegany","COUNTY","2024-11-19T00:00:00.000","2024-2025","184","512"
"Bronx","COUNTY","2024-11-19T00:00:00.000","2024-2025","0","0"
"Broome","COUNTY","2024-11-19T00:00:00.000","2024-2025","851","2317"
"Cattaraugus","COUNTY","2024-11-19T00:00:00.000","2024-2025","237","736"
"Cayuga","COUNTY","2024-11-19T00:00:00.000","2024-2025","359","886"
"Chautauqua","COUNTY","2024-11-19T00:00:00.000","2024-2025","559","1583"
"Chemung","COUNTY","2024-11-19T00:00:00.000","2024-2025","309","892"
"Chenango","COUNTY","2024-11-19T00:00:00.000","2024-2025","211","588"
"Clinton","COUNTY","2024-11-19T00:00:00.000","2024-2025","430","1093"
"Columbia","COUNTY","2024-11-19T00:00:00.000","2024-2025","319","694"
"Cortland","COUNTY","2024-11-19T00:00:00.000","2024-2025","222","549"
"Delaware","COUNTY","2024-11-19T00:00:00.000","2024-2025","205","489"
"Dutchess","COUNTY","2024-11-19T00:00:00.000","2024-2025","1320","3412"
"Erie","COUNTY","2024-11-19T00:00:00.000","2024-2025","4553","13076"
"Essex","COUNTY","2024-11-19T00:00:00.000","2024-2025","224","585"
"Franklin","COUNTY","2024-11-19T00:00:00.000","2024-2025","227","491"
"Fulton","COUNTY","2024-11-19T00:00:00.000","2024-2025","221","518"
"Genesee","COUNTY","2024-11-19T00:00:00.000","2024-2025","225","694"
"Greene","COUNTY","2024-11-19T00:00:00.000","2024-2025","221","490"
"Hamilton","COUNTY","2024-11-19T00:00:00.000","2024-2025","29","68"
"Herkimer","COUNTY","2024-11-19T00:00:00.000","2024-2025","224","792"
"Jefferson","COUNTY","2024-11-19T00:00:00.000","2024-2025","356","1714"
"Kings","COUNTY","2024-11-19T00:00:00.000","2024-2025","0","0"
"Lewis","COUNTY","2024-11-19T00:00:00.000","2024-2025","89","446"
"Livingston","COUNTY","2024-11-19T00:00:00.000","2024-2025","338","930"
"Madison","COUNTY","2024-11-19T00:00:00.000","2024-2025","359","947"
"Monroe","COUNTY","2024-11-19T00:00:00.000","2024-2025","4734","11416"
"Montgomery","COUNTY","2024-11-19T00:00:00.000","2024-2025","182","619"
"Nassau","COUNTY","2024-11-19T00:00:00.000","2024-2025","4579","17155"
"New York","COUNTY","2024-11-19T00:00:00.000","2024-2025","0","0"
"Niagara","COUNTY","2024-11-19T00:00:00.000","2024-2025","752","2488"
"Oneida","COUNTY","2024-11-19T00:00:00.000","2024-2025","1027","2976"
"Onondaga","COUNTY","2024-11-19T00:00:00.000","2024-2025","3008","5930"
"Ontario","COUNTY","2024-11-19T00:00:00.000","2024-2025","698","1625"
"Orange","COUNTY","2024-11-19T00:00:00.000","2024-2025","1109","3782"
"Orleans","COUNTY","2024-11-19T00:00:00.000","2024-2025","111","351"
"Oswego","COUNTY","2024-11-19T00:00:00.000","2024-2025","517","1597"
"Otsego","COUNTY","2024-11-19T00:00:00.000","2024-2025","367","1036"
"Putnam","COUNTY","2024-11-19T00:00:00.000","2024-2025","431","1352"
"Queens","COUNTY","2024-11-19T00:00:00.000","2024-2025","0","0"
"Rensselaer","COUNTY","2024-11-19T00:00:00.000","2024-2025","763","1568"
"Richmond","COUNTY","2024-11-19T00:00:00.000","2024-2025","0","0"
"Rockland","COUNTY","2024-11-19T00:00:00.000","2024-2025","878","3660"
"Saratoga","COUNTY","2024-11-19T00:00:00.000","2024-2025","1462","2845"
"Schenectady","COUNTY","2024-11-19T00:00:00.000","2024-2025","836","1887"
"Schoharie","COUNTY","2024-11-19T00:00:00.000","2024-2025","109","351"
"Schuyler","COUNTY","2024-11-19T00:00:00.000","2024-2025","98","193"
"Seneca","COUNTY","2024-11-19T00:00:00.000","2024-2025","134","371"
"St. Lawrence","COUNTY","2024-11-19T00:00:00.000","2024-2025","454","1344"
"Steuben","COUNTY","2024-11-19T00:00:00.000","2024-2025","418","1124"
"Suffolk","COUNTY","2024-11-19T00:00:00.000","2024-2025","4774","15816"
"Sullivan","COUNTY","2024-11-19T00:00:00.000","2024-2025","231","756"
"Tioga","COUNTY","2024-11-19T00:00:00.000","2024-2025","196","482"
"Tompkins","COUNTY","2024-11-19T00:00:00.000","2024-2025","853","1747"
"Ulster","COUNTY","2024-11-19T00:00:00.000","2024-2025","1066","2285"
"Warren","COUNTY","2024-11-19T00:00:00.000","2024-2025","443","1088"
"Washington","COUNTY","2024-11-19T00:00:00.000","2024-2025","260","867"
"Wayne","COUNTY","2024-11-19T00:00:00.000","2024-2025","455","1287"
"Westchester","COUNTY","2024-11-19T00:00:00.000","2024-2025","4754","13197"
"Wyoming","COUNTY","2024-11-19T00:00:00.000","2024-2025","166","461"
"Yates","COUNTY","2024-11-19T00:00:00.000","2024-2025","98","236"
"Capital Region","REGION","2024-11-19T00:00:00.000","2024-2025","5955","12632"
"Central New York","REGION","2024-11-19T00:00:00.000","2024-2025","4465","9909"
"Finger Lakes","REGION","2024-11-19T00:00:00.000","2024-2025","6959","17371"
"Long Island","REGION","2024-11-19T00:00:00.000","2024-2025","9353","32971"
"Mid-Hudson","REGION","2024-11-19T00:00:00.000","2024-2025","9789","28444"
"Mohawk Valley","REGION","2024-11-19T00:00:00.000","2024-2025","2130","6292"
"New York City","REGION","2024-11-19T00:00:00.000","2024-2025","0","0"
"North Country","REGION","2024-11-19T00:00:00.000","2024-2025","1809","5741"
"Southern Tier","REGION","2024-11-19T00:00:00.000","2024-2025","3141","7832"
"Western New York","REGION","2024-11-19T00:00:00.000","2024-2025","6285","18395"
"ROS","REST OF STATE","2024-11-19T00:00:00.000","2024-2025","49886","139587"
"Albany","COUNTY","2024-11-26T00:00:00.000","2024-2025","1416","2674"
"Allegany","COUNTY","2024-11-26T00:00:00.000","2024-2025","154","506"
"Bronx","COUNTY","2024-11-26T00:00:00.000","2024-2025","0","0"
"Broome","COUNTY","2024-11-26T00:00:00.000","2024-2025","693","1918"
"Cattaraugus","COUNTY","2024-11-26T00:00:00.000","2024-2025","190","630"
"Cayuga","COUNTY","2024-11-26T00:00:00.000","2024-2025","243","675"
"Chautauqua","COUNTY","2024-11-26T00:00:00.000","2024-2025","420","1243"
"Chemung","COUNTY","2024-11-26T00:00:00.000","2024-2025","241","795"
"Chenango","COUNTY","2024-11-26T00:00:00.000","2024-2025","155","430"
"Clinton","COUNTY","2024-11-26T00:00:00.000","2024-2025","316","977"
"Columbia","COUNTY","2024-11-26T00:00:00.000","2024-2025","221","690"
"Cortland","COUNTY","2024-11-26T00:00:00.000","2024-2025","155","404"
"Delaware","COUNTY","2024-11-26T00:00:00.000","2024-2025","151","384"
"Dutchess","COUNTY","2024-11-26T00:00:00.000","2024-2025","992","2755"
"Erie","COUNTY","2024-11-26T00:00:00.000","2024-2025","3774","11513"
"Essex","COUNTY","2024-11-26T00:00:00.000","2024-2025","148","394"
"Franklin","COUNTY","2024-11-26T00:00:00.000","2024-2025","164","431"
"Fulton","COUNTY","2024-11-26T00:00:00.000","2024-2025","186","441"
"Genesee","COUNTY","2024-11-26T00:00:00.000","2024-2025","195","671"
"Greene","COUNTY","2024-11-26T00:00:00.000","2024-2025","154","455"
"Hamilton","COUNTY","2024-11-26T00:00:00.000","2024-2025","23","56"
"Herkimer","COUNTY","2024-11-26T00:00:00.000","2024-2025","190","520"
"Jefferson","COUNTY","2024-11-26T00:00:00.000","2024-2025","296","1376"
"Kings","COUNTY","2024-11-26T00:00:00.000","2024-2025","0","0"
"Lewis","COUNTY","2024-11-26T00:00:00.000","2024-2025","125","320"
"Livingston","COUNTY","2024-11-26T00:00:00.000","2024-2025","211","707"
"Madison","COUNTY","2024-11-26T00:00:00.000","2024-2025","318","711"
"Monroe","COUNTY","2024-11-26T00:00:00.000","2024-2025","3887","9954"
"Montgomery","COUNTY","2024-11-26T00:00:00.000","2024-2025","170","582"
"Nassau","COUNTY","2024-11-26T00:00:00.000","2024-2025","3242","13581"
"New York","COUNTY","2024-11-26T00:00:00.000","2024-2025","0","0"
"Niagara","COUNTY","2024-11-26T00:00:00.000","2024-2025","582","1987"
"Oneida","COUNTY","2024-11-26T00:00:00.000","2024-2025","781","2368"
"Onondaga","COUNTY","2024-11-26T00:00:00.000","2024-2025","2383","5074"
"Ontario","COUNTY","2024-11-26T00:00:00.000","2024-2025","574","1398"
"Orange","COUNTY","2024-11-26T00:00:00.000","2024-2025","879","3145"
"Orleans","COUNTY","2024-11-26T00:00:00.000","2024-2025","95","313"
"Oswego","COUNTY","2024-11-26T00:00:00.000","2024-2025","408","1384"
"Otsego","COUNTY","2024-11-26T00:00:00.000","2024-2025","340","787"
"Putnam","COUNTY","2024-11-26T00:00:00.000","2024-2025","282","1006"
"Queens","COUNTY","2024-11-26T00:00:00.000","2024-2025","0","0"
"Rensselaer","COUNTY","2024-11-26T00:00:00.000","2024-2025","580","1221"
"Richmond","COUNTY","2024-11-26T00:00:00.000","2024-2025","0","0"
"Rockland","COUNTY","2024-11-26T00:00:00.000","2024-2025","708","3099"
"Saratoga","COUNTY","2024-11-26T00:00:00.000","2024-2025","1116","2653"
"Schenectady","COUNTY","2024-11-26T00:00:00.000","2024-2025","769","1500"
"Schoharie","COUNTY","2024-11-26T00:00:00.000","2024-2025","111","296"
"Schuyler","COUNTY","2024-11-26T00:00:00.000","2024-2025","52","149"
"Seneca","COUNTY","2024-11-26T00:00:00.000","2024-2025","112","333"
"St. Lawrence","COUNTY","2024-11-26T00:00:00.000","2024-2025","387","1175"
"Steuben","COUNTY","2024-11-26T00:00:00.000","2024-2025","302","857"
"Suffolk","COUNTY","2024-11-26T00:00:00.000","2024-2025","3623","12872"
"Sullivan","COUNTY","2024-11-26T00:00:00.000","2024-2025","178","508"
"Tioga","COUNTY","2024-11-26T00:00:00.000","2024-2025","140","413"
"Tompkins","COUNTY","2024-11-26T00:00:00.000","2024-2025","797","1312"
"Ulster","COUNTY","2024-11-26T00:00:00.000","2024-2025","902","1909"
"Warren","COUNTY","2024-11-26T00:00:00.000","2024-2025","287","829"
"Washington","COUNTY","2024-11-26T00:00:00.000","2024-2025","223","697"
"Wayne","COUNTY","2024-11-26T00:00:00.000","2024-2025","392","1109"
"Westchester","COUNTY","2024-11-26T00:00:00.000","2024-2025","3839","11092"
"Wyoming","COUNTY","2024-11-26T00:00:00.000","2024-2025","152","385"
"Yates","COUNTY","2024-11-26T00:00:00.000","2024-2025","103","249"
"Capital Region","REGION","2024-11-26T00:00:00.000","2024-2025","4766","10719"
"Central New York","REGION","2024-11-26T00:00:00.000","2024-2025","3507","8248"
"Finger Lakes","REGION","2024-11-26T00:00:00.000","2024-2025","5721","15119"
"Long Island","REGION","2024-11-26T00:00:00.000","2024-2025","6865","26453"
"Mid-Hudson","REGION","2024-11-26T00:00:00.000","2024-2025","7780","23514"
"Mohawk Valley","REGION","2024-11-26T00:00:00.000","2024-2025","1778","4994"
"New York City","REGION","2024-11-26T00:00:00.000","2024-2025","0","0"
"North Country","REGION","2024-11-26T00:00:00.000","2024-2025","1459","4729"
"Southern Tier","REGION","2024-11-26T00:00:00.000","2024-2025","2531","6258"
"Western New York","REGION","2024-11-26T00:00:00.000","2024-2025","5120","15879"
"ROS","REST OF STATE","2024-11-26T00:00:00.000","2024-2025","39527","115913"
"Albany","COUNTY","2024-12-03T00:00:00.000","2024-2025","677","1423"
"Allegany","COUNTY","2024-12-03T00:00:00.000","2024-2025","46","198"
"Bronx","COUNTY","2024-12-03T00:00:00.000","2024-2025","0","0"
"Broome","COUNTY","2024-12-03T00:00:00.000","2024-2025","349","1052"
"Cattaraugus","COUNTY","2024-12-03T00:00:00.000","2024-2025","72","313"
"Cayuga","COUNTY","2024-12-03T00:00:00.000","2024-2025","126","380"
"Chautauqua","COUNTY","2024-12-03T00:00:00.000","2024-2025","153","517"
"Chemung","COUNTY","2024-12-03T00:00:00.000","2024-2025","130","419"
"Chenango","COUNTY","2024-12-03T00:00:00.000","2024-2025","79","273"
"Clinton","COUNTY","2024-12-03T00:00:00.000","2024-2025","147","417"
"Columbia","COUNTY","2024-12-03T00:00:00.000","2024-2025","105","331"
"Cortland","COUNTY","2024-12-03T00:00:00.000","2024-2025","92","219"
"Delaware","COUNTY","2024-12-03T00:00:00.000","2024-2025","93","226"
"Dutchess","COUNTY","2024-12-03T00:00:00.000","2024-2025","566","1527"
"Erie","COUNTY","2024-12-03T00:00:00.000","2024-2025","1804","6061"
"Essex","COUNTY","2024-12-03T00:00:00.000","2024-2025","82","218"
"Franklin","COUNTY","2024-12-03T00:00:00.000","2024-2025","82","190"
"Fulton","COUNTY","2024-12-03T00:00:00.000","2024-2025","64","271"
"Genesee","COUNTY","2024-12-03T00:00:00.000","2024-2025","75","282"
"Greene","COUNTY","2024-12-03T00:00:00.000","2024-2025","72","221"
"Hamilton","COUNTY","2024-12-03T00:00:00.000","2024-2025","9","30"
"Herkimer","COUNTY","2024-12-03T00:00:00.000","2024-2025","110","348"
"Jefferson","COUNTY","2024-12-03T00:00:00.000","2024-2025","110","694"
"Kings","COUNTY","2024-12-03T00:00:00.000","2024-2025","0","0"
"Lewis","COUNTY","2024-12-03T00:00:00.000","2024-2025","18","144"
"Livingston","COUNTY","2024-12-03T00:00:00.000","2024-2025","121","358"
"Madison","COUNTY","2024-12-03T00:00:00.000","2024-2025","139","430"
"Monroe","COUNTY","2024-12-03T00:00:00.000","2024-2025","1987","5258"
"Montgomery","COUNTY","2024-12-03T00:00:00.000","2024-2025","65","284"
"Nassau","COUNTY","2024-12-03T00:00:00.000","2024-2025","1996","8628"
"New York","COUNTY","2024-12-03T00:00:00.000","2024-2025","0","0"
"Niagara","COUNTY","2024-12-03T00:00:00.000","2024-2025","307","1149"
"Oneida","COUNTY","2024-12-03T00:00:00.000","2024-2025","344","1125"
"Onondaga","COUNTY","2024-12-03T00:00:00.000","2024-2025","1162","2461"
"Ontario","COUNTY","2024-12-03T00:00:00.000","2024-2025","302","779"
"Orange","COUNTY","2024-12-03T00:00:00.000","2024-2025","488","1716"
"Orleans","COUNTY","2024-12-03T00:00:00.000","2024-2025","58","160"
"Oswego","COUNTY","2024-12-03T00:00:00.000","2024-2025","188","794"
"Otsego","COUNTY","2024-12-03T00:00:00.000","2024-2025","172","453"
"Putnam","COUNTY","2024-12-03T00:00:00.000","2024-2025","193","671"
"Queens","COUNTY","2024-12-03T00:00:00.000","2024-2025","0","0"
"Rensselaer","COUNTY","2024-12-03T00:00:00.000","2024-2025","318","724"
"Richmond","COUNTY","2024-12-03T00:00:00.000","2024-2025","0","0"
"Rockland","COUNTY","2024-12-03T00:00:00.000","2024-2025","385","2032"
"Saratoga","COUNTY","2024-12-03T00:00:00.000","2024-2025","623","1440"
"Schenectady","COUNTY","2024-12-03T00:00:00.000","2024-2025","374","853"
"Schoharie","COUNTY","2024-12-03T00:00:00.000","2024-2025","59","156"
"Schuyler","COUNTY","2024-12-03T00:00:00.000","2024-2025","31","94"
"Seneca","COUNTY","2024-12-03T00:00:00.000","2024-2025","62","171"
"St. Lawrence","COUNTY","2024-12-03T00:00:00.000","2024-2025","214","598"
"Steuben","COUNTY","2024-12-03T00:00:00.000","2024-2025","178","476"
"Suffolk","COUNTY","2024-12-03T00:00:00.000","2024-2025","2095","7558"
"Sullivan","COUNTY","2024-12-03T00:00:00.000","2024-2025","97","322"
"Tioga","COUNTY","2024-12-03T00:00:00.000","2024-2025","77","226"
"Tompkins","COUNTY","2024-12-03T00:00:00.000","2024-2025","362","636"
"Ulster","COUNTY","2024-12-03T00:00:00.000","2024-2025","438","987"
"Warren","COUNTY","2024-12-03T00:00:00.000","2024-2025","207","486"
"Washington","COUNTY","2024-12-03T00:00:00.000","2024-2025","146","444"
"Wayne","COUNTY","2024-12-03T00:00:00.000","2024-2025","207","584"
"Westchester","COUNTY","2024-12-03T00:00:00.000","2024-2025","2254","6416"
"Wyoming","COUNTY","2024-12-03T00:00:00.000","2024-2025","37","168"
"Yates","COUNTY","2024-12-03T00:00:00.000","2024-2025","38","106"
"Capital Region","REGION","2024-12-03T00:00:00.000","2024-2025","2522","5922"
"Central New York","REGION","2024-12-03T00:00:00.000","2024-2025","1707","4284"
"Finger Lakes","REGION","2024-12-03T00:00:00.000","2024-2025","2887","7866"
"Long Island","REGION","2024-12-03T00:00:00.000","2024-2025","4091","16186"
"Mid-Hudson","REGION","2024-12-03T00:00:00.000","2024-2025","4421","13671"
"Mohawk Valley","REGION","2024-12-03T00:00:00.000","2024-2025","814","2637"
"New York City","REGION","2024-12-03T00:00:00.000","2024-2025","0","0"
"North Country","REGION","2024-12-03T00:00:00.000","2024-2025","662","2291"
"Southern Tier","REGION","2024-12-03T00:00:00.000","2024-2025","1299","3402"
"Western New York","REGION","2024-12-03T00:00:00.000","2024-2025","2382","8238"
"ROS","REST OF STATE","2024-12-03T00:00:00.000","2024-2025","20785","64497"
"Albany","COUNTY","2024-12-10T00:00:00.000","2024-2025","821","1645"
"Allegany","COUNTY","2024-12-10T00:00:00.000","2024-2025","58","289"
"Bronx","COUNTY","2024-12-10T00:00:00.000","2024-2025","0","0"
"Broome","COUNTY","2024-12-10T00:00:00.000","2024-2025","468","1289"
"Cattaraugus","COUNTY","2024-12-10T00:00:00.000","2024-2025","91","406"
"Cayuga","COUNTY","2024-12-10T00:00:00.000","2024-2025","142","530"
"Chautauqua","COUNTY","2024-12-10T00:00:00.000","2024-2025","219","686"
"Chemung","COUNTY","2024-12-10T00:00:00.000","2024-2025","143","511"
"Chenango","COUNTY","2024-12-10T00:00:00.000","2024-2025","106","293"
"Clinton","COUNTY","2024-12-10T00:00:00.000","2024-2025","189","532"
"Columbia","COUNTY","2024-12-10T00:00:00.000","2024-2025","149","418"
"Cortland","COUNTY","2024-12-10T00:00:00.000","2024-2025","120","254"
"Delaware","COUNTY","2024-12-10T00:00:00.000","2024-2025","101","254"
"Dutchess","COUNTY","2024-12-10T00:00:00.000","2024-2025","668","1749"
"Erie","COUNTY","2024-12-10T00:00:00.000","2024-2025","2094","6560"
"Essex","COUNTY","2024-12-10T00:00:00.000","2024-2025","115","285"
"Franklin","COUNTY","2024-12-10T00:00:00.000","2024-2025","102","250"
"Fulton","COUNTY","2024-12-10T00:00:00.000","2024-2025","75","266"
"Genesee","COUNTY","2024-12-10T00:00:00.000","2024-2025","118","330"
"Greene","COUNTY","2024-12-10T00:00:00.000","2024-2025","83","321"
"Hamilton","COUNTY","2024-12-10T00:00:00.000","2024-2025","13","32"
"Herkimer","COUNTY","2024-12-10T00:00:00.000","2024-2025","125","400"
"Jefferson","COUNTY","2024-12-10T00:00:00.000","2024-2025","138","874"
"Kings","COUNTY","2024-12-10T00:00:00.000","2024-2025","0","0"
"Lewis","COUNTY","2024-12-10T00:00:00.000","2024-2025","63","237"
"Livingston","COUNTY","2024-12-10T00:00:00.000","2024-2025","139","435"
"Madison","COUNTY","2024-12-10T00:00:00.000","2024-2025","208","544"
"Monroe","COUNTY","2024-12-10T00:00:00.000","2024-2025","2542","6218"
"Montgomery","COUNTY","2024-12-10T00:00:00.000","2024-2025","84","331"
"Nassau","COUNTY","2024-12-10T00:00:00.000","2024-2025","2341","9404"
"New York","COUNTY","2024-12-10T00:00:00.000","2024-2025","0","0"
"Niagara","COUNTY","2024-12-10T00:00:00.000","2024-2025","345","1333"
"Oneida","COUNTY","2024-12-10T00:00:00.000","2024-2025","503","1712"
"Onondaga","COUNTY","2024-12-10T00:00:00.000","2024-2025","1646","3381"
"Ontario","COUNTY","2024-12-10T00:00:00.000","2024-2025","340","879"
"Orange","COUNTY","2024-12-10T00:00:00.000","2024-2025","616","2222"
"Orleans","COUNTY","2024-12-10T00:00:00.000","2024-2025","74","227"
"Oswego","COUNTY","2024-12-10T00:00:00.000","2024-2025","246","1010"
"Otsego","COUNTY","2024-12-10T00:00:00.000","2024-2025","247","512"
"Putnam","COUNTY","2024-12-10T00:00:00.000","2024-2025","179","669"
"Queens","COUNTY","2024-12-10T00:00:00.000","2024-2025","0","0"
"Rensselaer","COUNTY","2024-12-10T00:00:00.000","2024-2025","310","748"
"Richmond","COUNTY","2024-12-10T00:00:00.000","2024-2025","0","0"
"Rockland","COUNTY","2024-12-10T00:00:00.000","2024-2025","562","2400"
"Saratoga","COUNTY","2024-12-10T00:00:00.000","2024-2025","647","1544"
"Schenectady","COUNTY","2024-12-10T00:00:00.000","2024-2025","384","1026"
"Schoharie","COUNTY","2024-12-10T00:00:00.000","2024-2025","68","205"
"Schuyler","COUNTY","2024-12-10T00:00:00.000","2024-2025","47","112"
"Seneca","COUNTY","2024-12-10T00:00:00.000","2024-2025","86","246"
"St. Lawrence","COUNTY","2024-12-10T00:00:00.000","2024-2025","198","722"
"Steuben","COUNTY","2024-12-10T00:00:00.000","2024-2025","184","618"
"Suffolk","COUNTY","2024-12-10T00:00:00.000","2024-2025","2485","9083"
"Sullivan","COUNTY","2024-12-10T00:00:00.000","2024-2025","141","395"
"Tioga","COUNTY","2024-12-10T00:00:00.000","2024-2025","87","268"
"Tompkins","COUNTY","2024-12-10T00:00:00.000","2024-2025","475","764"
"Ulster","COUNTY","2024-12-10T00:00:00.000","2024-2025","626","1353"
"Warren","COUNTY","2024-12-10T00:00:00.000","2024-2025","187","586"
"Washington","COUNTY","2024-12-10T00:00:00.000","2024-2025","130","537"
"Wayne","COUNTY","2024-12-10T00:00:00.000","2024-2025","247","668"
"Westchester","COUNTY","2024-12-10T00:00:00.000","2024-2025","2523","7407"
"Wyoming","COUNTY","2024-12-10T00:00:00.000","2024-2025","60","201"
"Yates","COUNTY","2024-12-10T00:00:00.000","2024-2025","52","146"
"Capital Region","REGION","2024-12-10T00:00:00.000","2024-2025","2711","6825"
"Central New York","REGION","2024-12-10T00:00:00.000","2024-2025","2362","5719"
"Finger Lakes","REGION","2024-12-10T00:00:00.000","2024-2025","3658","9350"
"Long Island","REGION","2024-12-10T00:00:00.000","2024-2025","4826","18487"
"Mid-Hudson","REGION","2024-12-10T00:00:00.000","2024-2025","5315","16195"
"Mohawk Valley","REGION","2024-12-10T00:00:00.000","2024-2025","1102","3426"
"New York City","REGION","2024-12-10T00:00:00.000","2024-2025","0","0"
"North Country","REGION","2024-12-10T00:00:00.000","2024-2025","818","2932"
"Southern Tier","REGION","2024-12-10T00:00:00.000","2024-2025","1611","4109"
"Western New York","REGION","2024-12-10T00:00:00.000","2024-2025","2807","9274"
"ROS","REST OF STATE","2024-12-10T00:00:00.000","2024-2025","25210","76317"
"Albany","COUNTY","2024-12-17T00:00:00.000","2024-2025","736","1380"
"Allegany","COUNTY","2024-12-17T00:00:00.000","2024-2025","98","266"
"Bronx","COUNTY","2024-12-17T00:00:00.000","2024-2025","0","0"
"Broome","COUNTY","2024-12-17T00:00:00.000","2024-2025","345","1078"
"Cattaraugus","COUNTY","2024-12-17T00:00:00.000","2024-2025","103","349"
"Cayuga","COUNTY","2024-12-17T00:00:00.000","2024-2025","154","516"
"Chautauqua","COUNTY","2024-12-17T00:00:00.000","2024-2025","226","742"
"Chemung","COUNTY","2024-12-17T00:00:00.000","2024-2025","146","429"
"Chenango","COUNTY","2024-12-17T00:00:00.000","2024-2025","92","260"
"Clinton","COUNTY","2024-12-17T00:00:00.000","2024-2025","156","498"
"Columbia","COUNTY","2024-12-17T00:00:00.000","2024-2025","124","404"
"Cortland","COUNTY","2024-12-17T00:00:00.000","2024-2025","103","242"
"Delaware","COUNTY","2024-12-17T00:00:00.000","2024-2025","99","219"
"Dutchess","COUNTY","2024-12-17T00:00:00.000","2024-2025","573","1486"
"Erie","COUNTY","2024-12-17T00:00:00.000","2024-2025","1944","5657"
"Essex","COUNTY","2024-12-17T00:00:00.000","2024-2025","92","254"
"Franklin","COUNTY","2024-12-17T00:00:00.000","2024-2025","75","222"
"Fulton","COUNTY","2024-12-17T00:00:00.000","2024-2025","64","219"
"Genesee","COUNTY","2024-12-17T00:00:00.000","2024-2025","82","288"
"Greene","COUNTY","2024-12-17T00:00:00.000","2024-2025","69","212"
"Hamilton","COUNTY","2024-12-17T00:00:00.000","2024-2025","8","28"
"Herkimer","COUNTY","2024-12-17T00:00:00.000","2024-2025","97","313"
"Jefferson","COUNTY","2024-12-17T00:00:00.000","2024-2025","126","702"
"Kings","COUNTY","2024-12-17T00:00:00.000","2024-2025","0","0"
"Lewis","COUNTY","2024-12-17T00:00:00.000","2024-2025","22","184"
"Livingston","COUNTY","2024-12-17T00:00:00.000","2024-2025","130","406"
"Madison","COUNTY","2024-12-17T00:00:00.000","2024-2025","168","467"
"Monroe","COUNTY","2024-12-17T00:00:00.000","2024-2025","2141","5378"
"Montgomery","COUNTY","2024-12-17T00:00:00.000","2024-2025","69","289"
"Nassau","COUNTY","2024-12-17T00:00:00.000","2024-2025","1757","7912"
"New York","COUNTY","2024-12-17T00:00:00.000","2024-2025","0","0"
"Niagara","COUNTY","2024-12-17T00:00:00.000","2024-2025","343","1103"
"Oneida","COUNTY","2024-12-17T00:00:00.000","2024-2025","397","1190"
"Onondaga","COUNTY","2024-12-17T00:00:00.000","2024-2025","1353","3058"
"Ontario","COUNTY","2024-12-17T00:00:00.000","2024-2025","291","764"
"Orange","COUNTY","2024-12-17T00:00:00.000","2024-2025","444","1836"
"Orleans","COUNTY","2024-12-17T00:00:00.000","2024-2025","82","159"
"Oswego","COUNTY","2024-12-17T00:00:00.000","2024-2025","189","742"
"Otsego","COUNTY","2024-12-17T00:00:00.000","2024-2025","249","464"
"Putnam","COUNTY","2024-12-17T00:00:00.000","2024-2025","141","496"
"Queens","COUNTY","2024-12-17T00:00:00.000","2024-2025","0","0"
"Rensselaer","COUNTY","2024-12-17T00:00:00.000","2024-2025","317","690"
"Richmond","COUNTY","2024-12-17T00:00:00.000","2024-2025","0","0"
"Rockland","COUNTY","2024-12-17T00:00:00.000","2024-2025","416","2084"
"Saratoga","COUNTY","2024-12-17T00:00:00.000","2024-2025","519","1433"
"Schenectady","COUNTY","2024-12-17T00:00:00.000","2024-2025","342","867"
"Schoharie","COUNTY","2024-12-17T00:00:00.000","2024-2025","73","189"
"Schuyler","COUNTY","2024-12-17T00:00:00.000","2024-2025","34","70"
"Seneca","COUNTY","2024-12-17T00:00:00.000","2024-2025","59","191"
"St. Lawrence","COUNTY","2024-12-17T00:00:00.000","2024-2025","191","645"
"Steuben","COUNTY","2024-12-17T00:00:00.000","2024-2025","153","482"
"Suffolk","COUNTY","2024-12-17T00:00:00.000","2024-2025","2031","7807"
"Sullivan","COUNTY","2024-12-17T00:00:00.000","2024-2025","79","285"
"Tioga","COUNTY","2024-12-17T00:00:00.000","2024-2025","92","259"
"Tompkins","COUNTY","2024-12-17T00:00:00.000","2024-2025","436","752"
"Ulster","COUNTY","2024-12-17T00:00:00.000","2024-2025","489","1094"
"Warren","COUNTY","2024-12-17T00:00:00.000","2024-2025","155","512"
"Washington","COUNTY","2024-12-17T00:00:00.000","2024-2025","113","458"
"Wayne","COUNTY","2024-12-17T00:00:00.000","2024-2025","240","564"
"Westchester","COUNTY","2024-12-17T00:00:00.000","2024-2025","2123","6278"
"Wyoming","COUNTY","2024-12-17T00:00:00.000","2024-2025","77","189"
"Yates","COUNTY","2024-12-17T00:00:00.000","2024-2025","47","145"
"Capital Region","REGION","2024-12-17T00:00:00.000","2024-2025","2375","5956"
"Central New York","REGION","2024-12-17T00:00:00.000","2024-2025","1967","5025"
"Finger Lakes","REGION","2024-12-17T00:00:00.000","2024-2025","3149","8084"
"Long Island","REGION","2024-12-17T00:00:00.000","2024-2025","3788","15719"
"Mid-Hudson","REGION","2024-12-17T00:00:00.000","2024-2025","4265","13559"
"Mohawk Valley","REGION","2024-12-17T00:00:00.000","2024-2025","949","2664"
"New York City","REGION","2024-12-17T00:00:00.000","2024-2025","0","0"
"North Country","REGION","2024-12-17T00:00:00.000","2024-2025","670","2533"
"Southern Tier","REGION","2024-12-17T00:00:00.000","2024-2025","1397","3549"
"Western New York","REGION","2024-12-17T00:00:00.000","2024-2025","2714","8117"
"ROS","REST OF STATE","2024-12-17T00:00:00.000","2024-2025","21274","65206"
"Albany","COUNTY","2024-12-24T00:00:00.000","2024-2025","452","995"
"Allegany","COUNTY","2024-12-24T00:00:00.000","2024-2025","45","216"
"Bronx","COUNTY","2024-12-24T00:00:00.000","2024-2025","0","0"
"Broome","COUNTY","2024-12-24T00:00:00.000","2024-2025","247","783"
"Cattaraugus","COUNTY","2024-12-24T00:00:00.000","2024-2025","55","277"
"Cayuga","COUNTY","2024-12-24T00:00:00.000","2024-2025","68","305"
"Chautauqua","COUNTY","2024-12-24T00:00:00.000","2024-2025","174","625"
"Chemung","COUNTY","2024-12-24T00:00:00.000","2024-2025","72","319"
"Chenango","COUNTY","2024-12-24T00:00:00.000","2024-2025","53","182"
"Clinton","COUNTY","2024-12-24T00:00:00.000","2024-2025","134","387"
"Columbia","COUNTY","2024-12-24T00:00:00.000","2024-2025","98","263"
"Cortland","COUNTY","2024-12-24T00:00:00.000","2024-2025","69","185"
"Delaware","COUNTY","2024-12-24T00:00:00.000","2024-2025","61","170"
"Dutchess","COUNTY","2024-12-24T00:00:00.000","2024-2025","367","1116"
"Erie","COUNTY","2024-12-24T00:00:00.000","2024-2025","1314","4548"
"Essex","COUNTY","2024-12-24T00:00:00.000","2024-2025","64","193"
"Franklin","COUNTY","2024-12-24T00:00:00.000","2024-2025","60","166"
"Fulton","COUNTY","2024-12-24T00:00:00.000","2024-2025","36","181"
"Genesee","COUNTY","2024-12-24T00:00:00.000","2024-2025","52","208"
"Greene","COUNTY","2024-12-24T00:00:00.000","2024-2025","41","185"
"Hamilton","COUNTY","2024-12-24T00:00:00.000","2024-2025","8","31"
"Herkimer","COUNTY","2024-12-24T00:00:00.000","2024-2025","74","255"
"Jefferson","COUNTY","2024-12-24T00:00:00.000","2024-2025","104","664"
"Kings","COUNTY","2024-12-24T00:00:00.000","2024-2025","0","0"
"Lewis","COUNTY","2024-12-24T00:00:00.000","2024-2025","17","139"
"Livingston","COUNTY","2024-12-24T00:00:00.000","2024-2025","102","274"
"Madison","COUNTY","2024-12-24T00:00:00.000","2024-2025","112","341"
"Monroe","COUNTY","2024-12-24T00:00:00.000","2024-2025","1426","3815"
"Montgomery","COUNTY","2024-12-24T00:00:00.000","2024-2025","44","249"
"Nassau","COUNTY","2024-12-24T00:00:00.000","2024-2025","1364","6220"
"New York","COUNTY","2024-12-24T00:00:00.000","2024-2025","0","0"
"Niagara","COUNTY","2024-12-24T00:00:00.000","2024-2025","176","843"
"Oneida","COUNTY","2024-12-24T00:00:00.000","2024-2025","235","896"
"Onondaga","COUNTY","2024-12-24T00:00:00.000","2024-2025","873","2248"
"Ontario","COUNTY","2024-12-24T00:00:00.000","2024-2025","168","604"
"Orange","COUNTY","2024-12-24T00:00:00.000","2024-2025","317","1459"
"Orleans","COUNTY","2024-12-24T00:00:00.000","2024-2025","34","137"
"Oswego","COUNTY","2024-12-24T00:00:00.000","2024-2025","116","603"
"Otsego","COUNTY","2024-12-24T00:00:00.000","2024-2025","128","267"
"Putnam","COUNTY","2024-12-24T00:00:00.000","2024-2025","128","454"
"Queens","COUNTY","2024-12-24T00:00:00.000","2024-2025","0","0"
"Rensselaer","COUNTY","2024-12-24T00:00:00.000","2024-2025","185","537"
"Richmond","COUNTY","2024-12-24T00:00:00.000","2024-2025","0","0"
"Rockland","COUNTY","2024-12-24T00:00:00.000","2024-2025","267","1522"
"Saratoga","COUNTY","2024-12-24T00:00:00.000","2024-2025","340","1010"
"Schenectady","COUNTY","2024-12-24T00:00:00.000","2024-2025","232","607"
"Schoharie","COUNTY","2024-12-24T00:00:00.000","2024-2025","37","105"
"Schuyler","COUNTY","2024-12-24T00:00:00.000","2024-2025","23","50"
"Seneca","COUNTY","2024-12-24T00:00:00.000","2024-2025","31","144"
"St. Lawrence","COUNTY","2024-12-24T00:00:00.000","2024-2025","99","363"
"Steuben","COUNTY","2024-12-24T00:00:00.000","2024-2025","115","361"
"Suffolk","COUNTY","2024-12-24T00:00:00.000","2024-2025","1442","5717"
"Sullivan","COUNTY","2024-12-24T00:00:00.000","2024-2025","85","254"
"Tioga","COUNTY","2024-12-24T00:00:00.000","2024-2025","49","153"
"Tompkins","COUNTY","2024-12-24T00:00:00.000","2024-2025","333","645"
"Ulster","COUNTY","2024-12-24T00:00:00.000","2024-2025","338","834"
"Warren","COUNTY","2024-12-24T00:00:00.000","2024-2025","94","374"
"Washington","COUNTY","2024-12-24T00:00:00.000","2024-2025","86","332"
"Wayne","COUNTY","2024-12-24T00:00:00.000","2024-2025","165","366"
"Westchester","COUNTY","2024-12-24T00:00:00.000","2024-2025","1553","4720"
"Wyoming","COUNTY","2024-12-24T00:00:00.000","2024-2025","43","177"
"Yates","COUNTY","2024-12-24T00:00:00.000","2024-2025","38","111"
"Capital Region","REGION","2024-12-24T00:00:00.000","2024-2025","1528","4303"
"Central New York","REGION","2024-12-24T00:00:00.000","2024-2025","1238","3682"
"Finger Lakes","REGION","2024-12-24T00:00:00.000","2024-2025","2059","5836"
"Long Island","REGION","2024-12-24T00:00:00.000","2024-2025","2806","11937"
"Mid-Hudson","REGION","2024-12-24T00:00:00.000","2024-2025","3055","10359"
"Mohawk Valley","REGION","2024-12-24T00:00:00.000","2024-2025","554","1953"
"New York City","REGION","2024-12-24T00:00:00.000","2024-2025","0","0"
"North Country","REGION","2024-12-24T00:00:00.000","2024-2025","486","1943"
"Southern Tier","REGION","2024-12-24T00:00:00.000","2024-2025","953","2663"
"Western New York","REGION","2024-12-24T00:00:00.000","2024-2025","1764","6509"
"ROS","REST OF STATE","2024-12-24T00:00:00.000","2024-2025","14443","49185"
"Albany","COUNTY","2024-12-31T00:00:00.000","2024-2025","324","679"
"Allegany","COUNTY","2024-12-31T00:00:00.000","2024-2025","22","103"
"Bronx","COUNTY","2024-12-31T00:00:00.000","2024-2025","0","0"
"Broome","COUNTY","2024-12-31T00:00:00.000","2024-2025","194","587"
"Cattaraugus","COUNTY","2024-12-31T00:00:00.000","2024-2025","59","170"
"Cayuga","COUNTY","2024-12-31T00:00:00.000","2024-2025","53","174"
"Chautauqua","COUNTY","2024-12-31T00:00:00.000","2024-2025","109","332"
"Chemung","COUNTY","2024-12-31T00:00:00.000","2024-2025","70","220"
"Chenango","COUNTY","2024-12-31T00:00:00.000","2024-2025","53","141"
"Clinton","COUNTY","2024-12-31T00:00:00.000","2024-2025","66","220"
"Columbia","COUNTY","2024-12-31T00:00:00.000","2024-2025","69","166"
"Cortland","COUNTY","2024-12-31T00:00:00.000","2024-2025","52","111"
"Delaware","COUNTY","2024-12-31T00:00:00.000","2024-2025","53","113"
"Dutchess","COUNTY","2024-12-31T00:00:00.000","2024-2025","270","770"
"Erie","COUNTY","2024-12-31T00:00:00.000","2024-2025","940","2819"
"Essex","COUNTY","2024-12-31T00:00:00.000","2024-2025","35","114"
"Franklin","COUNTY","2024-12-31T00:00:00.000","2024-2025","30","94"
"Fulton","COUNTY","2024-12-31T00:00:00.000","2024-2025","23","157"
"Genesee","COUNTY","2024-12-31T00:00:00.000","2024-2025","59","147"
"Greene","COUNTY","2024-12-31T00:00:00.000","2024-2025","25","123"
"Hamilton","COUNTY","2024-12-31T00:00:00.000","2024-2025","7","16"
"Herkimer","COUNTY","2024-12-31T00:00:00.000","2024-2025","49","134"
"Jefferson","COUNTY","2024-12-31T00:00:00.000","2024-2025","74","319"
"Kings","COUNTY","2024-12-31T00:00:00.000","2024-2025","0","0"
"Lewis","COUNTY","2024-12-31T00:00:00.000","2024-2025","14","103"
"Livingston","COUNTY","2024-12-31T00:00:00.000","2024-2025","62","193"
"Madison","COUNTY","2024-12-31T00:00:00.000","2024-2025","79","197"
"Monroe","COUNTY","2024-12-31T00:00:00.000","2024-2025","1134","2521"
"Montgomery","COUNTY","2024-12-31T00:00:00.000","2024-2025","44","158"
"Nassau","COUNTY","2024-12-31T00:00:00.000","2024-2025","1128","4564"
"New York","COUNTY","2024-12-31T00:00:00.000","2024-2025","0","0"
"Niagara","COUNTY","2024-12-31T00:00:00.000","2024-2025","143","552"
"Oneida","COUNTY","2024-12-31T00:00:00.000","2024-2025","188","586"
"Onondaga","COUNTY","2024-12-31T00:00:00.000","2024-2025","572","1328"
"Ontario","COUNTY","2024-12-31T00:00:00.000","2024-2025","132","368"
"Orange","COUNTY","2024-12-31T00:00:00.000","2024-2025","226","912"
"Orleans","COUNTY","2024-12-31T00:00:00.000","2024-2025","40","67"
"Oswego","COUNTY","2024-12-31T00:00:00.000","2024-2025","94","363"
"Otsego","COUNTY","2024-12-31T00:00:00.000","2024-2025","103","183"
"Putnam","COUNTY","2024-12-31T00:00:00.000","2024-2025","88","304"
"Queens","COUNTY","2024-12-31T00:00:00.000","2024-2025","0","0"
"Rensselaer","COUNTY","2024-12-31T00:00:00.000","2024-2025","160","336"
"Richmond","COUNTY","2024-12-31T00:00:00.000","2024-2025","0","0"
"Rockland","COUNTY","2024-12-31T00:00:00.000","2024-2025","244","1220"
"Saratoga","COUNTY","2024-12-31T00:00:00.000","2024-2025","308","746"
"Schenectady","COUNTY","2024-12-31T00:00:00.000","2024-2025","180","435"
"Schoharie","COUNTY","2024-12-31T00:00:00.000","2024-2025","27","85"
"Schuyler","COUNTY","2024-12-31T00:00:00.000","2024-2025","17","41"
"Seneca","COUNTY","2024-12-31T00:00:00.000","2024-2025","21","77"
"St. Lawrence","COUNTY","2024-12-31T00:00:00.000","2024-2025","54","186"
"Steuben","COUNTY","2024-12-31T00:00:00.000","2024-2025","63","207"
"Suffolk","COUNTY","2024-12-31T00:00:00.000","2024-2025","1163","4291"
"Sullivan","COUNTY","2024-12-31T00:00:00.000","2024-2025","59","149"
"Tioga","COUNTY","2024-12-31T00:00:00.000","2024-2025","53","134"
"Tompkins","COUNTY","2024-12-31T00:00:00.000","2024-2025","210","335"
"Ulster","COUNTY","2024-12-31T00:00:00.000","2024-2025","230","548"
"Warren","COUNTY","2024-12-31T00:00:00.000","2024-2025","44","229"
"Washington","COUNTY","2024-12-31T00:00:00.000","2024-2025","56","199"
"Wayne","COUNTY","2024-12-31T00:00:00.000","2024-2025","85","240"
"Westchester","COUNTY","2024-12-31T00:00:00.000","2024-2025","1140","3035"
"Wyoming","COUNTY","2024-12-31T00:00:00.000","2024-2025","33","109"
"Yates","COUNTY","2024-12-31T00:00:00.000","2024-2025","17","56"
"Capital Region","REGION","2024-12-31T00:00:00.000","2024-2025","1166","2913"
"Central New York","REGION","2024-12-31T00:00:00.000","2024-2025","850","2173"
"Finger Lakes","REGION","2024-12-31T00:00:00.000","2024-2025","1583","3778"
"Long Island","REGION","2024-12-31T00:00:00.000","2024-2025","2291","8855"
"Mid-Hudson","REGION","2024-12-31T00:00:00.000","2024-2025","2257","6938"
"Mohawk Valley","REGION","2024-12-31T00:00:00.000","2024-2025","434","1303"
"New York City","REGION","2024-12-31T00:00:00.000","2024-2025","0","0"
"North Country","REGION","2024-12-31T00:00:00.000","2024-2025","280","1052"
"Southern Tier","REGION","2024-12-31T00:00:00.000","2024-2025","713","1778"
"Western New York","REGION","2024-12-31T00:00:00.000","2024-2025","1273","3976"
"ROS","REST OF STATE","2024-12-31T00:00:00.000","2024-2025","10847","32766"
"Albany","COUNTY","2025-01-07T00:00:00.000","2024-2025","452","874"
"Allegany","COUNTY","2025-01-07T00:00:00.000","2024-2025","44","127"
"Bronx","COUNTY","2025-01-07T00:00:00.000","2024-2025","0","0"
"Broome","COUNTY","2025-01-07T00:00:00.000","2024-2025","289","792"
"Cattaraugus","COUNTY","2025-01-07T00:00:00.000","2024-2025","47","195"
"Cayuga","COUNTY","2025-01-07T00:00:00.000","2024-2025","62","196"
"Chautauqua","COUNTY","2025-01-07T00:00:00.000","2024-2025","164","423"
"Chemung","COUNTY","2025-01-07T00:00:00.000","2024-2025","77","318"
"Chenango","COUNTY","2025-01-07T00:00:00.000","2024-2025","59","141"
"Clinton","COUNTY","2025-01-07T00:00:00.000","2024-2025","86","260"
"Columbia","COUNTY","2025-01-07T00:00:00.000","2024-2025","66","210"
"Cortland","COUNTY","2025-01-07T00:00:00.000","2024-2025","71","147"
"Delaware","COUNTY","2025-01-07T00:00:00.000","2024-2025","56","151"
"Dutchess","COUNTY","2025-01-07T00:00:00.000","2024-2025","329","969"
"Erie","COUNTY","2025-01-07T00:00:00.000","2024-2025","1213","3547"
"Essex","COUNTY","2025-01-07T00:00:00.000","2024-2025","58","137"
"Franklin","COUNTY","2025-01-07T00:00:00.000","2024-2025","28","101"
"Fulton","COUNTY","2025-01-07T00:00:00.000","2024-2025","22","142"
"Genesee","COUNTY","2025-01-07T00:00:00.000","2024-2025","45","137"
"Greene","COUNTY","2025-01-07T00:00:00.000","2024-2025","59","141"
"Hamilton","COUNTY","2025-01-07T00:00:00.000","2024-2025","7","17"
"Herkimer","COUNTY","2025-01-07T00:00:00.000","2024-2025","59","197"
"Jefferson","COUNTY","2025-01-07T00:00:00.000","2024-2025","84","442"
"Kings","COUNTY","2025-01-07T00:00:00.000","2024-2025","0","0"
"Lewis","COUNTY","2025-01-07T00:00:00.000","2024-2025","25","103"
"Livingston","COUNTY","2025-01-07T00:00:00.000","2024-2025","77","197"
"Madison","COUNTY","2025-01-07T00:00:00.000","2024-2025","75","266"
"Monroe","COUNTY","2025-01-07T00:00:00.000","2024-2025","1340","2960"
"Montgomery","COUNTY","2025-01-07T00:00:00.000","2024-2025","35","153"
"Nassau","COUNTY","2025-01-07T00:00:00.000","2024-2025","1242","5542"
"New York","COUNTY","2025-01-07T00:00:00.000","2024-2025","0","0"
"Niagara","COUNTY","2025-01-07T00:00:00.000","2024-2025","190","699"
"Oneida","COUNTY","2025-01-07T00:00:00.000","2024-2025","182","646"
"Onondaga","COUNTY","2025-01-07T00:00:00.000","2024-2025","747","1754"
"Ontario","COUNTY","2025-01-07T00:00:00.000","2024-2025","181","442"
"Orange","COUNTY","2025-01-07T00:00:00.000","2024-2025","280","1253"
"Orleans","COUNTY","2025-01-07T00:00:00.000","2024-2025","33","109"
"Oswego","COUNTY","2025-01-07T00:00:00.000","2024-2025","105","409"
"Otsego","COUNTY","2025-01-07T00:00:00.000","2024-2025","129","273"
"Putnam","COUNTY","2025-01-07T00:00:00.000","2024-2025","117","395"
"Queens","COUNTY","2025-01-07T00:00:00.000","2024-2025","0","0"
"Rensselaer","COUNTY","2025-01-07T00:00:00.000","2024-2025","209","429"
"Richmond","COUNTY","2025-01-07T00:00:00.000","2024-2025","0","0"
"Rockland","COUNTY","2025-01-07T00:00:00.000","2024-2025","247","1326"
"Saratoga","COUNTY","2025-01-07T00:00:00.000","2024-2025","371","849"
"Schenectady","COUNTY","2025-01-07T00:00:00.000","2024-2025","186","516"
"Schoharie","COUNTY","2025-01-07T00:00:00.000","2024-2025","33","114"
"Schuyler","COUNTY","2025-01-07T00:00:00.000","2024-2025","18","51"
"Seneca","COUNTY","2025-01-07T00:00:00.000","2024-2025","35","102"
"St. Lawrence","COUNTY","2025-01-07T00:00:00.000","2024-2025","60","242"
"Steuben","COUNTY","2025-01-07T00:00:00.000","2024-2025","115","290"
"Suffolk","COUNTY","2025-01-07T00:00:00.000","2024-2025","1409","5373"
"Sullivan","COUNTY","2025-01-07T00:00:00.000","2024-2025","75","202"
"Tioga","COUNTY","2025-01-07T00:00:00.000","2024-2025","42","163"
"Tompkins","COUNTY","2025-01-07T00:00:00.000","2024-2025","271","430"
"Ulster","COUNTY","2025-01-07T00:00:00.000","2024-2025","284","640"
"Warren","COUNTY","2025-01-07T00:00:00.000","2024-2025","106","318"
"Washington","COUNTY","2025-01-07T00:00:00.000","2024-2025","58","249"
"Wayne","COUNTY","2025-01-07T00:00:00.000","2024-2025","106","292"
"Westchester","COUNTY","2025-01-07T00:00:00.000","2024-2025","1300","3893"
"Wyoming","COUNTY","2025-01-07T00:00:00.000","2024-2025","40","113"
"Yates","COUNTY","2025-01-07T00:00:00.000","2024-2025","21","77"
"Capital Region","REGION","2025-01-07T00:00:00.000","2024-2025","1507","3586"
"Central New York","REGION","2025-01-07T00:00:00.000","2024-2025","1060","2772"
"Finger Lakes","REGION","2025-01-07T00:00:00.000","2024-2025","1878","4429"
"Long Island","REGION","2025-01-07T00:00:00.000","2024-2025","2651","10915"
"Mid-Hudson","REGION","2025-01-07T00:00:00.000","2024-2025","2632","8678"
"Mohawk Valley","REGION","2025-01-07T00:00:00.000","2024-2025","460","1525"
"New York City","REGION","2025-01-07T00:00:00.000","2024-2025","0","0"
"North Country","REGION","2025-01-07T00:00:00.000","2024-2025","348","1302"
"Southern Tier","REGION","2025-01-07T00:00:00.000","2024-2025","927","2336"
"Western New York","REGION","2025-01-07T00:00:00.000","2024-2025","1658","4991"
"ROS","REST OF STATE","2025-01-07T00:00:00.000","2024-2025","13121","40534"
"Albany","COUNTY","2025-01-14T00:00:00.000","2024-2025","453","1115"
"Allegany","COUNTY","2025-01-14T00:00:00.000","2024-2025","43","111"
"Bronx","COUNTY","2025-01-14T00:00:00.000","2024-2025","0","0"
"Broome","COUNTY","2025-01-14T00:00:00.000","2024-2025","247","794"
"Cattaraugus","COUNTY","2025-01-14T00:00:00.000","2024-2025","76","214"
"Cayuga","COUNTY","2025-01-14T00:00:00.000","2024-2025","96","263"
"Chautauqua","COUNTY","2025-01-14T00:00:00.000","2024-2025","199","515"
"Chemung","COUNTY","2025-01-14T00:00:00.000","2024-2025","92","324"
"Chenango","COUNTY","2025-01-14T00:00:00.000","2024-2025","59","193"
"Clinton","COUNTY","2025-01-14T00:00:00.000","2024-2025","125","310"
"Columbia","COUNTY","2025-01-14T00:00:00.000","2024-2025","73","216"
"Cortland","COUNTY","2025-01-14T00:00:00.000","2024-2025","63","172"
"Delaware","COUNTY","2025-01-14T00:00:00.000","2024-2025","52","129"
"Dutchess","COUNTY","2025-01-14T00:00:00.000","2024-2025","366","1068"
"Erie","COUNTY","2025-01-14T00:00:00.000","2024-2025","1282","4075"
"Essex","COUNTY","2025-01-14T00:00:00.000","2024-2025","50","133"
"Franklin","COUNTY","2025-01-14T00:00:00.000","2024-2025","46","123"
"Fulton","COUNTY","2025-01-14T00:00:00.000","2024-2025","32","205"
"Genesee","COUNTY","2025-01-14T00:00:00.000","2024-2025","52","189"
"Greene","COUNTY","2025-01-14T00:00:00.000","2024-2025","54","163"
"Hamilton","COUNTY","2025-01-14T00:00:00.000","2024-2025","3","14"
"Herkimer","COUNTY","2025-01-14T00:00:00.000","2024-2025","65","257"
"Jefferson","COUNTY","2025-01-14T00:00:00.000","2024-2025","99","555"
"Kings","COUNTY","2025-01-14T00:00:00.000","2024-2025","0","0"
"Lewis","COUNTY","2025-01-14T00:00:00.000","2024-2025","22","99"
"Livingston","COUNTY","2025-01-14T00:00:00.000","2024-2025","84","204"
"Madison","COUNTY","2025-01-14T00:00:00.000","2024-2025","93","295"
"Monroe","COUNTY","2025-01-14T00:00:00.000","2024-2025","1496","3464"
"Montgomery","COUNTY","2025-01-14T00:00:00.000","2024-2025","40","204"
"Nassau","COUNTY","2025-01-14T00:00:00.000","2024-2025","1146","5646"
"New York","COUNTY","2025-01-14T00:00:00.000","2024-2025","0","0"
"Niagara","COUNTY","2025-01-14T00:00:00.000","2024-2025","216","798"
"Oneida","COUNTY","2025-01-14T00:00:00.000","2024-2025","241","866"
"Onondaga","COUNTY","2025-01-14T00:00:00.000","2024-2025","863","1936"
"Ontario","COUNTY","2025-01-14T00:00:00.000","2024-2025","165","446"
"Orange","COUNTY","2025-01-14T00:00:00.000","2024-2025","268","1362"
"Orleans","COUNTY","2025-01-14T00:00:00.000","2024-2025","45","96"
"Oswego","COUNTY","2025-01-14T00:00:00.000","2024-2025","117","517"
"Otsego","COUNTY","2025-01-14T00:00:00.000","2024-2025","129","279"
"Putnam","COUNTY","2025-01-14T00:00:00.000","2024-2025","115","445"
"Queens","COUNTY","2025-01-14T00:00:00.000","2024-2025","0","0"
"Rensselaer","COUNTY","2025-01-14T00:00:00.000","2024-2025","204","510"
"Richmond","COUNTY","2025-01-14T00:00:00.000","2024-2025","0","0"
"Rockland","COUNTY","2025-01-14T00:00:00.000","2024-2025","230","1461"
"Saratoga","COUNTY","2025-01-14T00:00:00.000","2024-2025","418","1038"
"Schenectady","COUNTY","2025-01-14T00:00:00.000","2024-2025","267","701"
"Schoharie","COUNTY","2025-01-14T00:00:00.000","2024-2025","49","145"
"Schuyler","COUNTY","2025-01-14T00:00:00.000","2024-2025","23","73"
"Seneca","COUNTY","2025-01-14T00:00:00.000","2024-2025","42","124"
"St. Lawrence","COUNTY","2025-01-14T00:00:00.000","2024-2025","74","354"
"Steuben","COUNTY","2025-01-14T00:00:00.000","2024-2025","116","338"
"Suffolk","COUNTY","2025-01-14T00:00:00.000","2024-2025","1328","5670"
"Sullivan","COUNTY","2025-01-14T00:00:00.000","2024-2025","69","245"
"Tioga","COUNTY","2025-01-14T00:00:00.000","2024-2025","75","178"
"Tompkins","COUNTY","2025-01-14T00:00:00.000","2024-2025","255","565"
"Ulster","COUNTY","2025-01-14T00:00:00.000","2024-2025","280","699"
"Warren","COUNTY","2025-01-14T00:00:00.000","2024-2025","106","337"
"Washington","COUNTY","2025-01-14T00:00:00.000","2024-2025","82","300"
"Wayne","COUNTY","2025-01-14T00:00:00.000","2024-2025","134","345"
"Westchester","COUNTY","2025-01-14T00:00:00.000","2024-2025","1318","4307"
"Wyoming","COUNTY","2025-01-14T00:00:00.000","2024-2025","34","107"
"Yates","COUNTY","2025-01-14T00:00:00.000","2024-2025","25","79"
"Capital Region","REGION","2025-01-14T00:00:00.000","2024-2025","1657","4380"
"Central New York","REGION","2025-01-14T00:00:00.000","2024-2025","1232","3183"
"Finger Lakes","REGION","2025-01-14T00:00:00.000","2024-2025","2077","5054"
"Long Island","REGION","2025-01-14T00:00:00.000","2024-2025","2474","11316"
"Mid-Hudson","REGION","2025-01-14T00:00:00.000","2024-2025","2646","9587"
"Mohawk Valley","REGION","2025-01-14T00:00:00.000","2024-2025","556","1956"
"New York City","REGION","2025-01-14T00:00:00.000","2024-2025","0","0"
"North Country","REGION","2025-01-14T00:00:00.000","2024-2025","419","1588"
"Southern Tier","REGION","2025-01-14T00:00:00.000","2024-2025","919","2594"
"Western New York","REGION","2025-01-14T00:00:00.000","2024-2025","1816","5713"
"ROS","REST OF STATE","2025-01-14T00:00:00.000","2024-2025","13796","45371"
"Albany","COUNTY","2025-01-21T00:00:00.000","2024-2025","383","789"
"Allegany","COUNTY","2025-01-21T00:00:00.000","2024-2025","23","108"
"Bronx","COUNTY","2025-01-21T00:00:00.000","2024-2025","0","0"
"Broome","COUNTY","2025-01-21T00:00:00.000","2024-2025","155","693"
"Cattaraugus","COUNTY","2025-01-21T00:00:00.000","2024-2025","47","158"
"Cayuga","COUNTY","2025-01-21T00:00:00.000","2024-2025","53","231"
"Chautauqua","COUNTY","2025-01-21T00:00:00.000","2024-2025","150","373"
"Chemung","COUNTY","2025-01-21T00:00:00.000","2024-2025","63","274"
"Chenango","COUNTY","2025-01-21T00:00:00.000","2024-2025","54","163"
"Clinton","COUNTY","2025-01-21T00:00:00.000","2024-2025","91","254"
"Columbia","COUNTY","2025-01-21T00:00:00.000","2024-2025","58","208"
"Cortland","COUNTY","2025-01-21T00:00:00.000","2024-2025","59","139"
"Delaware","COUNTY","2025-01-21T00:00:00.000","2024-2025","62","131"
"Dutchess","COUNTY","2025-01-21T00:00:00.000","2024-2025","255","752"
"Erie","COUNTY","2025-01-21T00:00:00.000","2024-2025","904","3056"
"Essex","COUNTY","2025-01-21T00:00:00.000","2024-2025","48","126"
"Franklin","COUNTY","2025-01-21T00:00:00.000","2024-2025","43","92"
"Fulton","COUNTY","2025-01-21T00:00:00.000","2024-2025","18","135"
"Genesee","COUNTY","2025-01-21T00:00:00.000","2024-2025","55","136"
"Greene","COUNTY","2025-01-21T00:00:00.000","2024-2025","39","112"
"Hamilton","COUNTY","2025-01-21T00:00:00.000","2024-2025","5","12"
"Herkimer","COUNTY","2025-01-21T00:00:00.000","2024-2025","52","165"
"Jefferson","COUNTY","2025-01-21T00:00:00.000","2024-2025","69","440"
"Kings","COUNTY","2025-01-21T00:00:00.000","2024-2025","0","0"
"Lewis","COUNTY","2025-01-21T00:00:00.000","2024-2025","14","80"
"Livingston","COUNTY","2025-01-21T00:00:00.000","2024-2025","73","179"
"Madison","COUNTY","2025-01-21T00:00:00.000","2024-2025","89","238"
"Monroe","COUNTY","2025-01-21T00:00:00.000","2024-2025","1199","2714"
"Montgomery","COUNTY","2025-01-21T00:00:00.000","2024-2025","42","176"
"Nassau","COUNTY","2025-01-21T00:00:00.000","2024-2025","914","4638"
"New York","COUNTY","2025-01-21T00:00:00.000","2024-2025","0","0"
"Niagara","COUNTY","2025-01-21T00:00:00.000","2024-2025","140","621"
"Oneida","COUNTY","2025-01-21T00:00:00.000","2024-2025","183","693"
"Onondaga","COUNTY","2025-01-21T00:00:00.000","2024-2025","654","1632"
"Ontario","COUNTY","2025-01-21T00:00:00.000","2024-2025","144","347"
"Orange","COUNTY","2025-01-21T00:00:00.000","2024-2025","195","1033"
"Orleans","COUNTY","2025-01-21T00:00:00.000","2024-2025","16","63"
"Oswego","COUNTY","2025-01-21T00:00:00.000","2024-2025","92","437"
"Otsego","COUNTY","2025-01-21T00:00:00.000","2024-2025","111","238"
"Putnam","COUNTY","2025-01-21T00:00:00.000","2024-2025","81","312"
"Queens","COUNTY","2025-01-21T00:00:00.000","2024-2025","0","0"
"Rensselaer","COUNTY","2025-01-21T00:00:00.000","2024-2025","177","381"
"Richmond","COUNTY","2025-01-21T00:00:00.000","2024-2025","0","0"
"Rockland","COUNTY","2025-01-21T00:00:00.000","2024-2025","186","1299"
"Saratoga","COUNTY","2025-01-21T00:00:00.000","2024-2025","275","790"
"Schenectady","COUNTY","2025-01-21T00:00:00.000","2024-2025","199","545"
"Schoharie","COUNTY","2025-01-21T00:00:00.000","2024-2025","25","98"
"Schuyler","COUNTY","2025-01-21T00:00:00.000","2024-2025","14","47"
"Seneca","COUNTY","2025-01-21T00:00:00.000","2024-2025","17","91"
"St. Lawrence","COUNTY","2025-01-21T00:00:00.000","2024-2025","41","281"
"Steuben","COUNTY","2025-01-21T00:00:00.000","2024-2025","63","253"
"Suffolk","COUNTY","2025-01-21T00:00:00.000","2024-2025","987","4223"
"Sullivan","COUNTY","2025-01-21T00:00:00.000","2024-2025","46","176"
"Tioga","COUNTY","2025-01-21T00:00:00.000","2024-2025","60","179"
"Tompkins","COUNTY","2025-01-21T00:00:00.000","2024-2025","271","472"
"Ulster","COUNTY","2025-01-21T00:00:00.000","2024-2025","201","584"
"Warren","COUNTY","2025-01-21T00:00:00.000","2024-2025","69","285"
"Washington","COUNTY","2025-01-21T00:00:00.000","2024-2025","66","256"
"Wayne","COUNTY","2025-01-21T00:00:00.000","2024-2025","84","300"
"Westchester","COUNTY","2025-01-21T00:00:00.000","2024-2025","926","3362"
"Wyoming","COUNTY","2025-01-21T00:00:00.000","2024-2025","25","78"
"Yates","COUNTY","2025-01-21T00:00:00.000","2024-2025","25","63"
"Capital Region","REGION","2025-01-21T00:00:00.000","2024-2025","1266","3366"
"Central New York","REGION","2025-01-21T00:00:00.000","2024-2025","947","2677"
"Finger Lakes","REGION","2025-01-21T00:00:00.000","2024-2025","1638","3971"
"Long Island","REGION","2025-01-21T00:00:00.000","2024-2025","1901","8861"
"Mid-Hudson","REGION","2025-01-21T00:00:00.000","2024-2025","1890","7518"
"Mohawk Valley","REGION","2025-01-21T00:00:00.000","2024-2025","431","1505"
"New York City","REGION","2025-01-21T00:00:00.000","2024-2025","0","0"
"North Country","REGION","2025-01-21T00:00:00.000","2024-2025","311","1285"
"Southern Tier","REGION","2025-01-21T00:00:00.000","2024-2025","742","2212"
"Western New York","REGION","2025-01-21T00:00:00.000","2024-2025","1264","4316"
"ROS","REST OF STATE","2025-01-21T00:00:00.000","2024-2025","10390","35711"
"Albany","COUNTY","2025-01-28T00:00:00.000","2024-2025","273","673"
"Allegany","COUNTY","2025-01-28T00:00:00.000","2024-2025","33","99"
"Bronx","COUNTY","2025-01-28T00:00:00.000","2024-2025","0","0"
"Broome","COUNTY","2025-01-28T00:00:00.000","2024-2025","132","539"
"Cattaraugus","COUNTY","2025-01-28T00:00:00.000","2024-2025","40","147"
"Cayuga","COUNTY","2025-01-28T00:00:00.000","2024-2025","44","212"
"Chautauqua","COUNTY","2025-01-28T00:00:00.000","2024-2025","160","364"
"Chemung","COUNTY","2025-01-28T00:00:00.000","2024-2025","55","202"
"Chenango","COUNTY","2025-01-28T00:00:00.000","2024-2025","43","121"
"Clinton","COUNTY","2025-01-28T00:00:00.000","2024-2025","71","260"
"Columbia","COUNTY","2025-01-28T00:00:00.000","2024-2025","36","167"
"Cortland","COUNTY","2025-01-28T00:00:00.000","2024-2025","44","112"
"Delaware","COUNTY","2025-01-28T00:00:00.000","2024-2025","43","111"
"Dutchess","COUNTY","2025-01-28T00:00:00.000","2024-2025","220","691"
"Erie","COUNTY","2025-01-28T00:00:00.000","2024-2025","773","2851"
"Essex","COUNTY","2025-01-28T00:00:00.000","2024-2025","37","114"
"Franklin","COUNTY","2025-01-28T00:00:00.000","2024-2025","38","90"
"Fulton","COUNTY","2025-01-28T00:00:00.000","2024-2025","27","125"
"Genesee","COUNTY","2025-01-28T00:00:00.000","2024-2025","35","119"
"Greene","COUNTY","2025-01-28T00:00:00.000","2024-2025","24","98"
"Hamilton","COUNTY","2025-01-28T00:00:00.000","2024-2025","5","20"
"Herkimer","COUNTY","2025-01-28T00:00:00.000","2024-2025","31","166"
"Jefferson","COUNTY","2025-01-28T00:00:00.000","2024-2025","33","325"
"Kings","COUNTY","2025-01-28T00:00:00.000","2024-2025","0","0"
"Lewis","COUNTY","2025-01-28T00:00:00.000","2024-2025","8","56"
"Livingston","COUNTY","2025-01-28T00:00:00.000","2024-2025","58","153"
"Madison","COUNTY","2025-01-28T00:00:00.000","2024-2025","58","212"
"Monroe","COUNTY","2025-01-28T00:00:00.000","2024-2025","912","2381"
"Montgomery","COUNTY","2025-01-28T00:00:00.000","2024-2025","30","138"
"Nassau","COUNTY","2025-01-28T00:00:00.000","2024-2025","659","3884"
"New York","COUNTY","2025-01-28T00:00:00.000","2024-2025","0","0"
"Niagara","COUNTY","2025-01-28T00:00:00.000","2024-2025","103","514"
"Oneida","COUNTY","2025-01-28T00:00:00.000","2024-2025","150","630"
"Onondaga","COUNTY","2025-01-28T00:00:00.000","2024-2025","567","1329"
"Ontario","COUNTY","2025-01-28T00:00:00.000","2024-2025","116","322"
"Orange","COUNTY","2025-01-28T00:00:00.000","2024-2025","204","985"
"Orleans","COUNTY","2025-01-28T00:00:00.000","2024-2025","24","82"
"Oswego","COUNTY","2025-01-28T00:00:00.000","2024-2025","66","355"
"Otsego","COUNTY","2025-01-28T00:00:00.000","2024-2025","101","194"
"Putnam","COUNTY","2025-01-28T00:00:00.000","2024-2025","66","311"
"Queens","COUNTY","2025-01-28T00:00:00.000","2024-2025","0","0"
"Rensselaer","COUNTY","2025-01-28T00:00:00.000","2024-2025","109","358"
"Richmond","COUNTY","2025-01-28T00:00:00.000","2024-2025","0","0"
"Rockland","COUNTY","2025-01-28T00:00:00.000","2024-2025","163","1187"
"Saratoga","COUNTY","2025-01-28T00:00:00.000","2024-2025","201","620"
"Schenectady","COUNTY","2025-01-28T00:00:00.000","2024-2025","149","470"
"Schoharie","COUNTY","2025-01-28T00:00:00.000","2024-2025","14","97"
"Schuyler","COUNTY","2025-01-28T00:00:00.000","2024-2025","15","39"
"Seneca","COUNTY","2025-01-28T00:00:00.000","2024-2025","19","86"
"St. Lawrence","COUNTY","2025-01-28T00:00:00.000","2024-2025","34","235"
"Steuben","COUNTY","2025-01-28T00:00:00.000","2024-2025","72","182"
"Suffolk","COUNTY","2025-01-28T00:00:00.000","2024-2025","769","3826"
"Sullivan","COUNTY","2025-01-28T00:00:00.000","2024-2025","32","147"
"Tioga","COUNTY","2025-01-28T00:00:00.000","2024-2025","28","112"
"Tompkins","COUNTY","2025-01-28T00:00:00.000","2024-2025","184","340"
"Ulster","COUNTY","2025-01-28T00:00:00.000","2024-2025","183","453"
"Warren","COUNTY","2025-01-28T00:00:00.000","2024-2025","60","246"
"Washington","COUNTY","2025-01-28T00:00:00.000","2024-2025","49","207"
"Wayne","COUNTY","2025-01-28T00:00:00.000","2024-2025","83","231"
"Westchester","COUNTY","2025-01-28T00:00:00.000","2024-2025","718","3101"
"Wyoming","COUNTY","2025-01-28T00:00:00.000","2024-2025","19","103"
"Yates","COUNTY","2025-01-28T00:00:00.000","2024-2025","13","45"
"Capital Region","REGION","2025-01-28T00:00:00.000","2024-2025","901","2839"
"Central New York","REGION","2025-01-28T00:00:00.000","2024-2025","779","2220"
"Finger Lakes","REGION","2025-01-28T00:00:00.000","2024-2025","1279","3522"
"Long Island","REGION","2025-01-28T00:00:00.000","2024-2025","1428","7710"
"Mid-Hudson","REGION","2025-01-28T00:00:00.000","2024-2025","1586","6875"
"Mohawk Valley","REGION","2025-01-28T00:00:00.000","2024-2025","353","1350"
"New York City","REGION","2025-01-28T00:00:00.000","2024-2025","0","0"
"North Country","REGION","2025-01-28T00:00:00.000","2024-2025","226","1100"
"Southern Tier","REGION","2025-01-28T00:00:00.000","2024-2025","572","1646"
"Western New York","REGION","2025-01-28T00:00:00.000","2024-2025","1109","3975"
"ROS","REST OF STATE","2025-01-28T00:00:00.000","2024-2025","8233","31237"
"Albany","COUNTY","2025-02-04T00:00:00.000","2024-2025","234","622"
"Allegany","COUNTY","2025-02-04T00:00:00.000","2024-2025","23","85"
"Bronx","COUNTY","2025-02-04T00:00:00.000","2024-2025","0","0"
"Broome","COUNTY","2025-02-04T00:00:00.000","2024-2025","122","501"
"Cattaraugus","COUNTY","2025-02-04T00:00:00.000","2024-2025","33","138"
"Cayuga","COUNTY","2025-02-04T00:00:00.000","2024-2025","42","155"
"Chautauqua","COUNTY","2025-02-04T00:00:00.000","2024-2025","113","374"
"Chemung","COUNTY","2025-02-04T00:00:00.000","2024-2025","47","171"
"Chenango","COUNTY","2025-02-04T00:00:00.000","2024-2025","27","128"
"Clinton","COUNTY","2025-02-04T00:00:00.000","2024-2025","60","189"
"Columbia","COUNTY","2025-02-04T00:00:00.000","2024-2025","37","142"
"Cortland","COUNTY","2025-02-04T00:00:00.000","2024-2025","46","95"
"Delaware","COUNTY","2025-02-04T00:00:00.000","2024-2025","29","72"
"Dutchess","COUNTY","2025-02-04T00:00:00.000","2024-2025","165","588"
"Erie","COUNTY","2025-02-04T00:00:00.000","2024-2025","748","2795"
"Essex","COUNTY","2025-02-04T00:00:00.000","2024-2025","16","85"
"Franklin","COUNTY","2025-02-04T00:00:00.000","2024-2025","31","92"
"Fulton","COUNTY","2025-02-04T00:00:00.000","2024-2025","25","111"
"Genesee","COUNTY","2025-02-04T00:00:00.000","2024-2025","33","108"
"Greene","COUNTY","2025-02-04T00:00:00.000","2024-2025","12","102"
"Hamilton","COUNTY","2025-02-04T00:00:00.000","2024-2025","0","8"
"Herkimer","COUNTY","2025-02-04T00:00:00.000","2024-2025","34","121"
"Jefferson","COUNTY","2025-02-04T00:00:00.000","2024-2025","25","348"
"Kings","COUNTY","2025-02-04T00:00:00.000","2024-2025","0","0"
"Lewis","COUNTY","2025-02-04T00:00:00.000","2024-2025","4","41"
"Livingston","COUNTY","2025-02-04T00:00:00.000","2024-2025","58","162"
"Madison","COUNTY","2025-02-04T00:00:00.000","2024-2025","49","165"
"Monroe","COUNTY","2025-02-04T00:00:00.000","2024-2025","740","2238"
"Montgomery","COUNTY","2025-02-04T00:00:00.000","2024-2025","20","120"
"Nassau","COUNTY","2025-02-04T00:00:00.000","2024-2025","556","3496"
"New York","COUNTY","2025-02-04T00:00:00.000","2024-2025","0","0"
"Niagara","COUNTY","2025-02-04T00:00:00.000","2024-2025","106","500"
"Oneida","COUNTY","2025-02-04T00:00:00.000","2024-2025","117","440"
"Onondaga","COUNTY","2025-02-04T00:00:00.000","2024-2025","448","1279"
"Ontario","COUNTY","2025-02-04T00:00:00.000","2024-2025","97","267"
"Orange","COUNTY","2025-02-04T00:00:00.000","2024-2025","122","841"
"Orleans","COUNTY","2025-02-04T00:00:00.000","2024-2025","25","56"
"Oswego","COUNTY","2025-02-04T00:00:00.000","2024-2025","60","330"
"Otsego","COUNTY","2025-02-04T00:00:00.000","2024-2025","80","172"
"Putnam","COUNTY","2025-02-04T00:00:00.000","2024-2025","49","235"
"Queens","COUNTY","2025-02-04T00:00:00.000","2024-2025","0","0"
"Rensselaer","COUNTY","2025-02-04T00:00:00.000","2024-2025","82","287"
"Richmond","COUNTY","2025-02-04T00:00:00.000","2024-2025","0","0"
"Rockland","COUNTY","2025-02-04T00:00:00.000","2024-2025","131","921"
"Saratoga","COUNTY","2025-02-04T00:00:00.000","2024-2025","161","550"
"Schenectady","COUNTY","2025-02-04T00:00:00.000","2024-2025","99","400"
"Schoharie","COUNTY","2025-02-04T00:00:00.000","2024-2025","18","103"
"Schuyler","COUNTY","2025-02-04T00:00:00.000","2024-2025","5","28"
"Seneca","COUNTY","2025-02-04T00:00:00.000","2024-2025","14","77"
"St. Lawrence","COUNTY","2025-02-04T00:00:00.000","2024-2025","32","192"
"Steuben","COUNTY","2025-02-04T00:00:00.000","2024-2025","56","163"
"Suffolk","COUNTY","2025-02-04T00:00:00.000","2024-2025","641","3573"
"Sullivan","COUNTY","2025-02-04T00:00:00.000","2024-2025","24","141"
"Tioga","COUNTY","2025-02-04T00:00:00.000","2024-2025","26","100"
"Tompkins","COUNTY","2025-02-04T00:00:00.000","2024-2025","144","287"
"Ulster","COUNTY","2025-02-04T00:00:00.000","2024-2025","172","394"
"Warren","COUNTY","2025-02-04T00:00:00.000","2024-2025","42","249"
"Washington","COUNTY","2025-02-04T00:00:00.000","2024-2025","37","231"
"Wayne","COUNTY","2025-02-04T00:00:00.000","2024-2025","59","221"
"Westchester","COUNTY","2025-02-04T00:00:00.000","2024-2025","612","2729"
"Wyoming","COUNTY","2025-02-04T00:00:00.000","2024-2025","14","76"
"Yates","COUNTY","2025-02-04T00:00:00.000","2024-2025","10","45"
"Capital Region","REGION","2025-02-04T00:00:00.000","2024-2025","704","2583"
"Central New York","REGION","2025-02-04T00:00:00.000","2024-2025","645","2024"
"Finger Lakes","REGION","2025-02-04T00:00:00.000","2024-2025","1050","3250"
"Long Island","REGION","2025-02-04T00:00:00.000","2024-2025","1197","7069"
"Mid-Hudson","REGION","2025-02-04T00:00:00.000","2024-2025","1275","5849"
"Mohawk Valley","REGION","2025-02-04T00:00:00.000","2024-2025","294","1067"
"New York City","REGION","2025-02-04T00:00:00.000","2024-2025","0","0"
"North Country","REGION","2025-02-04T00:00:00.000","2024-2025","168","955"
"Southern Tier","REGION","2025-02-04T00:00:00.000","2024-2025","456","1450"
"Western New York","REGION","2025-02-04T00:00:00.000","2024-2025","1023","3892"
"ROS","REST OF STATE","2025-02-04T00:00:00.000","2024-2025","6812","28139"
"Albany","COUNTY","2025-02-11T00:00:00.000","2024-2025","193","580"
"Allegany","COUNTY","2025-02-11T00:00:00.000","2024-2025","20","107"
"Bronx","COUNTY","2025-02-11T00:00:00.000","2024-2025","0","0"
"Broome","COUNTY","2025-02-11T00:00:00.000","2024-2025","96","448"
"Cattaraugus","COUNTY","2025-02-11T00:00:00.000","2024-2025","31","154"
"Cayuga","COUNTY","2025-02-11T00:00:00.000","2024-2025","28","164"
"Chautauqua","COUNTY","2025-02-11T00:00:00.000","2024-2025","70","290"
"Chemung","COUNTY","2025-02-11T00:00:00.000","2024-2025","41","166"
"Chenango","COUNTY","2025-02-11T00:00:00.000","2024-2025","20","127"
"Clinton","COUNTY","2025-02-11T00:00:00.000","2024-2025","55","192"
"Columbia","COUNTY","2025-02-11T00:00:00.000","2024-2025","22","125"
"Cortland","COUNTY","2025-02-11T00:00:00.000","2024-2025","33","124"
"Delaware","COUNTY","2025-02-11T00:00:00.000","2024-2025","35","93"
"Dutchess","COUNTY","2025-02-11T00:00:00.000","2024-2025","118","507"
"Erie","COUNTY","2025-02-11T00:00:00.000","2024-2025","651","2824"
"Essex","COUNTY","2025-02-11T00:00:00.000","2024-2025","26","77"
"Franklin","COUNTY","2025-02-11T00:00:00.000","2024-2025","19","92"
"Fulton","COUNTY","2025-02-11T00:00:00.000","2024-2025","19","100"
"Genesee","COUNTY","2025-02-11T00:00:00.000","2024-2025","34","103"
"Greene","COUNTY","2025-02-11T00:00:00.000","2024-2025","19","88"
"Hamilton","COUNTY","2025-02-11T00:00:00.000","2024-2025","2","10"
"Herkimer","COUNTY","2025-02-11T00:00:00.000","2024-2025","25","111"
"Jefferson","COUNTY","2025-02-11T00:00:00.000","2024-2025","31","318"
"Kings","COUNTY","2025-02-11T00:00:00.000","2024-2025","0","0"
"Lewis","COUNTY","2025-02-11T00:00:00.000","2024-2025","6","40"
"Livingston","COUNTY","2025-02-11T00:00:00.000","2024-2025","41","134"
"Madison","COUNTY","2025-02-11T00:00:00.000","2024-2025","34","199"
"Monroe","COUNTY","2025-02-11T00:00:00.000","2024-2025","725","2409"
"Montgomery","COUNTY","2025-02-11T00:00:00.000","2024-2025","10","92"
"Nassau","COUNTY","2025-02-11T00:00:00.000","2024-2025","509","3439"
"New York","COUNTY","2025-02-11T00:00:00.000","2024-2025","0","0"
"Niagara","COUNTY","2025-02-11T00:00:00.000","2024-2025","93","495"
"Oneida","COUNTY","2025-02-11T00:00:00.000","2024-2025","104","540"
"Onondaga","COUNTY","2025-02-11T00:00:00.000","2024-2025","335","1244"
"Ontario","COUNTY","2025-02-11T00:00:00.000","2024-2025","76","290"
"Orange","COUNTY","2025-02-11T00:00:00.000","2024-2025","104","742"
"Orleans","COUNTY","2025-02-11T00:00:00.000","2024-2025","16","81"
"Oswego","COUNTY","2025-02-11T00:00:00.000","2024-2025","52","267"
"Otsego","COUNTY","2025-02-11T00:00:00.000","2024-2025","78","157"
"Putnam","COUNTY","2025-02-11T00:00:00.000","2024-2025","37","159"
"Queens","COUNTY","2025-02-11T00:00:00.000","2024-2025","0","0"
"Rensselaer","COUNTY","2025-02-11T00:00:00.000","2024-2025","79","260"
"Richmond","COUNTY","2025-02-11T00:00:00.000","2024-2025","0","0"
"Rockland","COUNTY","2025-02-11T00:00:00.000","2024-2025","92","820"
"Saratoga","COUNTY","2025-02-11T00:00:00.000","2024-2025","125","536"
"Schenectady","COUNTY","2025-02-11T00:00:00.000","2024-2025","71","351"
"Schoharie","COUNTY","2025-02-11T00:00:00.000","2024-2025","20","88"
"Schuyler","COUNTY","2025-02-11T00:00:00.000","2024-2025","9","24"
"Seneca","COUNTY","2025-02-11T00:00:00.000","2024-2025","12","58"
"St. Lawrence","COUNTY","2025-02-11T00:00:00.000","2024-2025","19","191"
"Steuben","COUNTY","2025-02-11T00:00:00.000","2024-2025","49","169"
"Suffolk","COUNTY","2025-02-11T00:00:00.000","2024-2025","531","3427"
"Sullivan","COUNTY","2025-02-11T00:00:00.000","2024-2025","21","132"
"Tioga","COUNTY","2025-02-11T00:00:00.000","2024-2025","29","99"
"Tompkins","COUNTY","2025-02-11T00:00:00.000","2024-2025","148","366"
"Ulster","COUNTY","2025-02-11T00:00:00.000","2024-2025","132","346"
"Warren","COUNTY","2025-02-11T00:00:00.000","2024-2025","40","188"
"Washington","COUNTY","2025-02-11T00:00:00.000","2024-2025","33","177"
"Wayne","COUNTY","2025-02-11T00:00:00.000","2024-2025","54","208"
"Westchester","COUNTY","2025-02-11T00:00:00.000","2024-2025","528","2408"
"Wyoming","COUNTY","2025-02-11T00:00:00.000","2024-2025","23","84"
"Yates","COUNTY","2025-02-11T00:00:00.000","2024-2025","14","53"
"Capital Region","REGION","2025-02-11T00:00:00.000","2024-2025","582","2305"
"Central New York","REGION","2025-02-11T00:00:00.000","2024-2025","482","1998"
"Finger Lakes","REGION","2025-02-11T00:00:00.000","2024-2025","995","3420"
"Long Island","REGION","2025-02-11T00:00:00.000","2024-2025","1040","6866"
"Mid-Hudson","REGION","2025-02-11T00:00:00.000","2024-2025","1032","5114"
"Mohawk Valley","REGION","2025-02-11T00:00:00.000","2024-2025","256","1088"
"New York City","REGION","2025-02-11T00:00:00.000","2024-2025","0","0"
"North Country","REGION","2025-02-11T00:00:00.000","2024-2025","158","920"
"Southern Tier","REGION","2025-02-11T00:00:00.000","2024-2025","427","1492"
"Western New York","REGION","2025-02-11T00:00:00.000","2024-2025","865","3870"
"ROS","REST OF STATE","2025-02-11T00:00:00.000","2024-2025","5837","27073"
"Albany","COUNTY","2025-02-18T00:00:00.000","2024-2025","177","569"
"Allegany","COUNTY","2025-02-18T00:00:00.000","2024-2025","19","65"
"Bronx","COUNTY","2025-02-18T00:00:00.000","2024-2025","0","0"
"Broome","COUNTY","2025-02-18T00:00:00.000","2024-2025","98","406"
"Cattaraugus","COUNTY","2025-02-18T00:00:00.000","2024-2025","17","124"
"Cayuga","COUNTY","2025-02-18T00:00:00.000","2024-2025","19","124"
"Chautauqua","COUNTY","2025-02-18T00:00:00.000","2024-2025","77","306"
"Chemung","COUNTY","2025-02-18T00:00:00.000","2024-2025","29","153"
"Chenango","COUNTY","2025-02-18T00:00:00.000","2024-2025","24","69"
"Clinton","COUNTY","2025-02-18T00:00:00.000","2024-2025","38","164"
"Columbia","COUNTY","2025-02-18T00:00:00.000","2024-2025","28","129"
"Cortland","COUNTY","2025-02-18T00:00:00.000","2024-2025","26","90"
"Delaware","COUNTY","2025-02-18T00:00:00.000","2024-2025","29","74"
"Dutchess","COUNTY","2025-02-18T00:00:00.000","2024-2025","123","479"
"Erie","COUNTY","2025-02-18T00:00:00.000","2024-2025","525","2216"
"Essex","COUNTY","2025-02-18T00:00:00.000","2024-2025","17","55"
"Franklin","COUNTY","2025-02-18T00:00:00.000","2024-2025","25","67"
"Fulton","COUNTY","2025-02-18T00:00:00.000","2024-2025","13","72"
"Genesee","COUNTY","2025-02-18T00:00:00.000","2024-2025","38","116"
"Greene","COUNTY","2025-02-18T00:00:00.000","2024-2025","25","112"
"Hamilton","COUNTY","2025-02-18T00:00:00.000","2024-2025","4","5"
"Herkimer","COUNTY","2025-02-18T00:00:00.000","2024-2025","26","108"
"Jefferson","COUNTY","2025-02-18T00:00:00.000","2024-2025","28","249"
"Kings","COUNTY","2025-02-18T00:00:00.000","2024-2025","0","0"
"Lewis","COUNTY","2025-02-18T00:00:00.000","2024-2025","2","37"
"Livingston","COUNTY","2025-02-18T00:00:00.000","2024-2025","32","114"
"Madison","COUNTY","2025-02-18T00:00:00.000","2024-2025","19","150"
"Monroe","COUNTY","2025-02-18T00:00:00.000","2024-2025","554","1843"
"Montgomery","COUNTY","2025-02-18T00:00:00.000","2024-2025","20","70"
"Nassau","COUNTY","2025-02-18T00:00:00.000","2024-2025","375","2701"
"New York","COUNTY","2025-02-18T00:00:00.000","2024-2025","0","0"
"Niagara","COUNTY","2025-02-18T00:00:00.000","2024-2025","68","365"
"Oneida","COUNTY","2025-02-18T00:00:00.000","2024-2025","53","296"
"Onondaga","COUNTY","2025-02-18T00:00:00.000","2024-2025","300","945"
"Ontario","COUNTY","2025-02-18T00:00:00.000","2024-2025","70","259"
"Orange","COUNTY","2025-02-18T00:00:00.000","2024-2025","110","705"
"Orleans","COUNTY","2025-02-18T00:00:00.000","2024-2025","34","57"
"Oswego","COUNTY","2025-02-18T00:00:00.000","2024-2025","29","150"
"Otsego","COUNTY","2025-02-18T00:00:00.000","2024-2025","64","139"
"Putnam","COUNTY","2025-02-18T00:00:00.000","2024-2025","33","174"
"Queens","COUNTY","2025-02-18T00:00:00.000","2024-2025","0","0"
"Rensselaer","COUNTY","2025-02-18T00:00:00.000","2024-2025","62","264"
"Richmond","COUNTY","2025-02-18T00:00:00.000","2024-2025","0","0"
"Rockland","COUNTY","2025-02-18T00:00:00.000","2024-2025","99","794"
"Saratoga","COUNTY","2025-02-18T00:00:00.000","2024-2025","114","486"
"Schenectady","COUNTY","2025-02-18T00:00:00.000","2024-2025","76","364"
"Schoharie","COUNTY","2025-02-18T00:00:00.000","2024-2025","20","82"
"Schuyler","COUNTY","2025-02-18T00:00:00.000","2024-2025","9","44"
"Seneca","COUNTY","2025-02-18T00:00:00.000","2024-2025","13","73"
"St. Lawrence","COUNTY","2025-02-18T00:00:00.000","2024-2025","18","137"
"Steuben","COUNTY","2025-02-18T00:00:00.000","2024-2025","37","146"
"Suffolk","COUNTY","2025-02-18T00:00:00.000","2024-2025","424","2967"
"Sullivan","COUNTY","2025-02-18T00:00:00.000","2024-2025","21","119"
"Tioga","COUNTY","2025-02-18T00:00:00.000","2024-2025","19","70"
"Tompkins","COUNTY","2025-02-18T00:00:00.000","2024-2025","118","304"
"Ulster","COUNTY","2025-02-18T00:00:00.000","2024-2025","125","344"
"Warren","COUNTY","2025-02-18T00:00:00.000","2024-2025","30","165"
"Washington","COUNTY","2025-02-18T00:00:00.000","2024-2025","19","153"
"Wayne","COUNTY","2025-02-18T00:00:00.000","2024-2025","34","181"
"Westchester","COUNTY","2025-02-18T00:00:00.000","2024-2025","415","1981"
"Wyoming","COUNTY","2025-02-18T00:00:00.000","2024-2025","10","66"
"Yates","COUNTY","2025-02-18T00:00:00.000","2024-2025","8","39"
"Capital Region","REGION","2025-02-18T00:00:00.000","2024-2025","531","2242"
"Central New York","REGION","2025-02-18T00:00:00.000","2024-2025","393","1459"
"Finger Lakes","REGION","2025-02-18T00:00:00.000","2024-2025","793","2748"
"Long Island","REGION","2025-02-18T00:00:00.000","2024-2025","799","5668"
"Mid-Hudson","REGION","2025-02-18T00:00:00.000","2024-2025","926","4596"
"Mohawk Valley","REGION","2025-02-18T00:00:00.000","2024-2025","196","767"
"New York City","REGION","2025-02-18T00:00:00.000","2024-2025","0","0"
"North Country","REGION","2025-02-18T00:00:00.000","2024-2025","132","714"
"Southern Tier","REGION","2025-02-18T00:00:00.000","2024-2025","363","1266"
"Western New York","REGION","2025-02-18T00:00:00.000","2024-2025","706","3076"
"ROS","REST OF STATE","2025-02-18T00:00:00.000","2024-2025","4839","22536"
"Albany","COUNTY","2025-02-25T00:00:00.000","2024-2025","149","437"
"Allegany","COUNTY","2025-02-25T00:00:00.000","2024-2025","14","57"
"Bronx","COUNTY","2025-02-25T00:00:00.000","2024-2025","0","0"
"Broome","COUNTY","2025-02-25T00:00:00.000","2024-2025","75","345"
"Cattaraugus","COUNTY","2025-02-25T00:00:00.000","2024-2025","29","145"
"Cayuga","COUNTY","2025-02-25T00:00:00.000","2024-2025","40","149"
"Chautauqua","COUNTY","2025-02-25T00:00:00.000","2024-2025","64","245"
"Chemung","COUNTY","2025-02-25T00:00:00.000","2024-2025","19","115"
"Chenango","COUNTY","2025-02-25T00:00:00.000","2024-2025","18","88"
"Clinton","COUNTY","2025-02-25T00:00:00.000","2024-2025","40","159"
"Columbia","COUNTY","2025-02-25T00:00:00.000","2024-2025","25","87"
"Cortland","COUNTY","2025-02-25T00:00:00.000","2024-2025","22","101"
"Delaware","COUNTY","2025-02-25T00:00:00.000","2024-2025","29","92"
"Dutchess","COUNTY","2025-02-25T00:00:00.000","2024-2025","104","390"
"Erie","COUNTY","2025-02-25T00:00:00.000","2024-2025","531","2665"
"Essex","COUNTY","2025-02-25T00:00:00.000","2024-2025","19","66"
"Franklin","COUNTY","2025-02-25T00:00:00.000","2024-2025","7","65"
"Fulton","COUNTY","2025-02-25T00:00:00.000","2024-2025","11","85"
"Genesee","COUNTY","2025-02-25T00:00:00.000","2024-2025","24","95"
"Greene","COUNTY","2025-02-25T00:00:00.000","2024-2025","6","60"
"Hamilton","COUNTY","2025-02-25T00:00:00.000","2024-2025","1","10"
"Herkimer","COUNTY","2025-02-25T00:00:00.000","2024-2025","13","118"
"Jefferson","COUNTY","2025-02-25T00:00:00.000","2024-2025","35","211"
"Kings","COUNTY","2025-02-25T00:00:00.000","2024-2025","0","0"
"Lewis","COUNTY","2025-02-25T00:00:00.000","2024-2025","2","22"
"Livingston","COUNTY","2025-02-25T00:00:00.000","2024-2025","33","105"
"Madison","COUNTY","2025-02-25T00:00:00.000","2024-2025","19","130"
"Monroe","COUNTY","2025-02-25T00:00:00.000","2024-2025","477","1440"
"Montgomery","COUNTY","2025-02-25T00:00:00.000","2024-2025","18","80"
"Nassau","COUNTY","2025-02-25T00:00:00.000","2024-2025","346","2316"
"New York","COUNTY","2025-02-25T00:00:00.000","2024-2025","0","0"
"Niagara","COUNTY","2025-02-25T00:00:00.000","2024-2025","68","525"
"Oneida","COUNTY","2025-02-25T00:00:00.000","2024-2025","70","364"
"Onondaga","COUNTY","2025-02-25T00:00:00.000","2024-2025","294","987"
"Ontario","COUNTY","2025-02-25T00:00:00.000","2024-2025","68","218"
"Orange","COUNTY","2025-02-25T00:00:00.000","2024-2025","110","601"
"Orleans","COUNTY","2025-02-25T00:00:00.000","2024-2025","9","40"
"Oswego","COUNTY","2025-02-25T00:00:00.000","2024-2025","26","180"
"Otsego","COUNTY","2025-02-25T00:00:00.000","2024-2025","66","150"
"Putnam","COUNTY","2025-02-25T00:00:00.000","2024-2025","48","151"
"Queens","COUNTY","2025-02-25T00:00:00.000","2024-2025","0","0"
"Rensselaer","COUNTY","2025-02-25T00:00:00.000","2024-2025","77","211"
"Richmond","COUNTY","2025-02-25T00:00:00.000","2024-2025","0","0"
"Rockland","COUNTY","2025-02-25T00:00:00.000","2024-2025","82","740"
"Saratoga","COUNTY","2025-02-25T00:00:00.000","2024-2025","83","404"
"Schenectady","COUNTY","2025-02-25T00:00:00.000","2024-2025","63","304"
"Schoharie","COUNTY","2025-02-25T00:00:00.000","2024-2025","23","65"
"Schuyler","COUNTY","2025-02-25T00:00:00.000","2024-2025","8","20"
"Seneca","COUNTY","2025-02-25T00:00:00.000","2024-2025","13","50"
"St. Lawrence","COUNTY","2025-02-25T00:00:00.000","2024-2025","12","140"
"Steuben","COUNTY","2025-02-25T00:00:00.000","2024-2025","40","101"
"Suffolk","COUNTY","2025-02-25T00:00:00.000","2024-2025","386","2600"
"Sullivan","COUNTY","2025-02-25T00:00:00.000","2024-2025","27","121"
"Tioga","COUNTY","2025-02-25T00:00:00.000","2024-2025","28","73"
"Tompkins","COUNTY","2025-02-25T00:00:00.000","2024-2025","125","240"
"Ulster","COUNTY","2025-02-25T00:00:00.000","2024-2025","79","263"
"Warren","COUNTY","2025-02-25T00:00:00.000","2024-2025","32","143"
"Washington","COUNTY","2025-02-25T00:00:00.000","2024-2025","25","141"
"Wayne","COUNTY","2025-02-25T00:00:00.000","2024-2025","35","156"
"Westchester","COUNTY","2025-02-25T00:00:00.000","2024-2025","383","1815"
"Wyoming","COUNTY","2025-02-25T00:00:00.000","2024-2025","10","82"
"Yates","COUNTY","2025-02-25T00:00:00.000","2024-2025","9","36"
"Capital Region","REGION","2025-02-25T00:00:00.000","2024-2025","460","1787"
"Central New York","REGION","2025-02-25T00:00:00.000","2024-2025","401","1547"
"Finger Lakes","REGION","2025-02-25T00:00:00.000","2024-2025","678","2222"
"Long Island","REGION","2025-02-25T00:00:00.000","2024-2025","732","4916"
"Mid-Hudson","REGION","2025-02-25T00:00:00.000","2024-2025","833","4081"
"Mohawk Valley","REGION","2025-02-25T00:00:00.000","2024-2025","201","862"
"New York City","REGION","2025-02-25T00:00:00.000","2024-2025","0","0"
"North Country","REGION","2025-02-25T00:00:00.000","2024-2025","116","673"
"Southern Tier","REGION","2025-02-25T00:00:00.000","2024-2025","342","1074"
"Western New York","REGION","2025-02-25T00:00:00.000","2024-2025","706","3637"
"ROS","REST OF STATE","2025-02-25T00:00:00.000","2024-2025","4469","20799"
"Albany","COUNTY","2025-03-04T00:00:00.000","2024-2025","136","349"
"Allegany","COUNTY","2025-03-04T00:00:00.000","2024-2025","13","84"
"Bronx","COUNTY","2025-03-04T00:00:00.000","2024-2025","0","0"
"Broome","COUNTY","2025-03-04T00:00:00.000","2024-2025","88","329"
"Cattaraugus","COUNTY","2025-03-04T00:00:00.000","2024-2025","21","138"
"Cayuga","COUNTY","2025-03-04T00:00:00.000","2024-2025","24","136"
"Chautauqua","COUNTY","2025-03-04T00:00:00.000","2024-2025","59","194"
"Chemung","COUNTY","2025-03-04T00:00:00.000","2024-2025","24","80"
"Chenango","COUNTY","2025-03-04T00:00:00.000","2024-2025","22","78"
"Clinton","COUNTY","2025-03-04T00:00:00.000","2024-2025","35","127"
"Columbia","COUNTY","2025-03-04T00:00:00.000","2024-2025","22","85"
"Cortland","COUNTY","2025-03-04T00:00:00.000","2024-2025","31","86"
"Delaware","COUNTY","2025-03-04T00:00:00.000","2024-2025","27","65"
"Dutchess","COUNTY","2025-03-04T00:00:00.000","2024-2025","88","333"
"Erie","COUNTY","2025-03-04T00:00:00.000","2024-2025","463","2220"
"Essex","COUNTY","2025-03-04T00:00:00.000","2024-2025","13","50"
"Franklin","COUNTY","2025-03-04T00:00:00.000","2024-2025","14","67"
"Fulton","COUNTY","2025-03-04T00:00:00.000","2024-2025","9","73"
"Genesee","COUNTY","2025-03-04T00:00:00.000","2024-2025","14","100"
"Greene","COUNTY","2025-03-04T00:00:00.000","2024-2025","18","35"
"Hamilton","COUNTY","2025-03-04T00:00:00.000","2024-2025","1","3"
"Herkimer","COUNTY","2025-03-04T00:00:00.000","2024-2025","22","87"
"Jefferson","COUNTY","2025-03-04T00:00:00.000","2024-2025","25","218"
"Kings","COUNTY","2025-03-04T00:00:00.000","2024-2025","0","0"
"Lewis","COUNTY","2025-03-04T00:00:00.000","2024-2025","5","32"
"Livingston","COUNTY","2025-03-04T00:00:00.000","2024-2025","26","76"
"Madison","COUNTY","2025-03-04T00:00:00.000","2024-2025","26","130"
"Monroe","COUNTY","2025-03-04T00:00:00.000","2024-2025","428","1340"
"Montgomery","COUNTY","2025-03-04T00:00:00.000","2024-2025","12","69"
"Nassau","COUNTY","2025-03-04T00:00:00.000","2024-2025","301","1917"
"New York","COUNTY","2025-03-04T00:00:00.000","2024-2025","0","0"
"Niagara","COUNTY","2025-03-04T00:00:00.000","2024-2025","55","386"
"Oneida","COUNTY","2025-03-04T00:00:00.000","2024-2025","62","294"
"Onondaga","COUNTY","2025-03-04T00:00:00.000","2024-2025","254","821"
"Ontario","COUNTY","2025-03-04T00:00:00.000","2024-2025","50","169"
"Orange","COUNTY","2025-03-04T00:00:00.000","2024-2025","69","497"
"Orleans","COUNTY","2025-03-04T00:00:00.000","2024-2025","9","44"
"Oswego","COUNTY","2025-03-04T00:00:00.000","2024-2025","43","176"
"Otsego","COUNTY","2025-03-04T00:00:00.000","2024-2025","75","102"
"Putnam","COUNTY","2025-03-04T00:00:00.000","2024-2025","25","101"
"Queens","COUNTY","2025-03-04T00:00:00.000","2024-2025","0","0"
"Rensselaer","COUNTY","2025-03-04T00:00:00.000","2024-2025","61","165"
"Richmond","COUNTY","2025-03-04T00:00:00.000","2024-2025","0","0"
"Rockland","COUNTY","2025-03-04T00:00:00.000","2024-2025","90","614"
"Saratoga","COUNTY","2025-03-04T00:00:00.000","2024-2025","85","327"
"Schenectady","COUNTY","2025-03-04T00:00:00.000","2024-2025","61","233"
"Schoharie","COUNTY","2025-03-04T00:00:00.000","2024-2025","18","55"
"Schuyler","COUNTY","2025-03-04T00:00:00.000","2024-2025","8","19"
"Seneca","COUNTY","2025-03-04T00:00:00.000","2024-2025","9","66"
"St. Lawrence","COUNTY","2025-03-04T00:00:00.000","2024-2025","17","128"
"Steuben","COUNTY","2025-03-04T00:00:00.000","2024-2025","34","118"
"Suffolk","COUNTY","2025-03-04T00:00:00.000","2024-2025","321","2137"
"Sullivan","COUNTY","2025-03-04T00:00:00.000","2024-2025","28","81"
"Tioga","COUNTY","2025-03-04T00:00:00.000","2024-2025","21","62"
"Tompkins","COUNTY","2025-03-04T00:00:00.000","2024-2025","121","235"
"Ulster","COUNTY","2025-03-04T00:00:00.000","2024-2025","77","242"
"Warren","COUNTY","2025-03-04T00:00:00.000","2024-2025","28","135"
"Washington","COUNTY","2025-03-04T00:00:00.000","2024-2025","24","107"
"Wayne","COUNTY","2025-03-04T00:00:00.000","2024-2025","29","138"
"Westchester","COUNTY","2025-03-04T00:00:00.000","2024-2025","348","1463"
"Wyoming","COUNTY","2025-03-04T00:00:00.000","2024-2025","13","64"
"Yates","COUNTY","2025-03-04T00:00:00.000","2024-2025","5","20"
"Capital Region","REGION","2025-03-04T00:00:00.000","2024-2025","435","1436"
"Central New York","REGION","2025-03-04T00:00:00.000","2024-2025","378","1349"
"Finger Lakes","REGION","2025-03-04T00:00:00.000","2024-2025","583","2017"
"Long Island","REGION","2025-03-04T00:00:00.000","2024-2025","622","4054"
"Mid-Hudson","REGION","2025-03-04T00:00:00.000","2024-2025","725","3331"
"Mohawk Valley","REGION","2025-03-04T00:00:00.000","2024-2025","198","680"
"New York City","REGION","2025-03-04T00:00:00.000","2024-2025","0","0"
"North Country","REGION","2025-03-04T00:00:00.000","2024-2025","110","625"
"Southern Tier","REGION","2025-03-04T00:00:00.000","2024-2025","345","986"
"Western New York","REGION","2025-03-04T00:00:00.000","2024-2025","611","3022"
"ROS","REST OF STATE","2025-03-04T00:00:00.000","2024-2025","4007","17500"
"Albany","COUNTY","2025-03-11T00:00:00.000","2024-2025","107","289"
"Allegany","COUNTY","2025-03-11T00:00:00.000","2024-2025","11","52"
"Bronx","COUNTY","2025-03-11T00:00:00.000","2024-2025","0","0"
"Broome","COUNTY","2025-03-11T00:00:00.000","2024-2025","50","218"
"Cattaraugus","COUNTY","2025-03-11T00:00:00.000","2024-2025","15","81"
"Cayuga","COUNTY","2025-03-11T00:00:00.000","2024-2025","18","66"
"Chautauqua","COUNTY","2025-03-11T00:00:00.000","2024-2025","43","169"
"Chemung","COUNTY","2025-03-11T00:00:00.000","2024-2025","21","64"
"Chenango","COUNTY","2025-03-11T00:00:00.000","2024-2025","15","55"
"Clinton","COUNTY","2025-03-11T00:00:00.000","2024-2025","31","106"
"Columbia","COUNTY","2025-03-11T00:00:00.000","2024-2025","17","59"
"Cortland","COUNTY","2025-03-11T00:00:00.000","2024-2025","26","49"
"Delaware","COUNTY","2025-03-11T00:00:00.000","2024-2025","25","49"
"Dutchess","COUNTY","2025-03-11T00:00:00.000","2024-2025","83","262"
"Erie","COUNTY","2025-03-11T00:00:00.000","2024-2025","410","1636"
"Essex","COUNTY","2025-03-11T00:00:00.000","2024-2025","11","39"
"Franklin","COUNTY","2025-03-11T00:00:00.000","2024-2025","13","59"
"Fulton","COUNTY","2025-03-11T00:00:00.000","2024-2025","13","66"
"Genesee","COUNTY","2025-03-11T00:00:00.000","2024-2025","18","76"
"Greene","COUNTY","2025-03-11T00:00:00.000","2024-2025","14","40"
"Hamilton","COUNTY","2025-03-11T00:00:00.000","2024-2025","1","1"
"Herkimer","COUNTY","2025-03-11T00:00:00.000","2024-2025","15","63"
"Jefferson","COUNTY","2025-03-11T00:00:00.000","2024-2025","22","178"
"Kings","COUNTY","2025-03-11T00:00:00.000","2024-2025","0","0"
"Lewis","COUNTY","2025-03-11T00:00:00.000","2024-2025","1","12"
"Livingston","COUNTY","2025-03-11T00:00:00.000","2024-2025","15","54"
"Madison","COUNTY","2025-03-11T00:00:00.000","2024-2025","17","73"
"Monroe","COUNTY","2025-03-11T00:00:00.000","2024-2025","437","1026"
"Montgomery","COUNTY","2025-03-11T00:00:00.000","2024-2025","13","42"
"Nassau","COUNTY","2025-03-11T00:00:00.000","2024-2025","272","1478"
"New York","COUNTY","2025-03-11T00:00:00.000","2024-2025","0","0"
"Niagara","COUNTY","2025-03-11T00:00:00.000","2024-2025","40","293"
"Oneida","COUNTY","2025-03-11T00:00:00.000","2024-2025","74","244"
"Onondaga","COUNTY","2025-03-11T00:00:00.000","2024-2025","182","530"
"Ontario","COUNTY","2025-03-11T00:00:00.000","2024-2025","54","134"
"Orange","COUNTY","2025-03-11T00:00:00.000","2024-2025","58","382"
"Orleans","COUNTY","2025-03-11T00:00:00.000","2024-2025","12","59"
"Oswego","COUNTY","2025-03-11T00:00:00.000","2024-2025","25","164"
"Otsego","COUNTY","2025-03-11T00:00:00.000","2024-2025","35","91"
"Putnam","COUNTY","2025-03-11T00:00:00.000","2024-2025","25","71"
"Queens","COUNTY","2025-03-11T00:00:00.000","2024-2025","0","0"
"Rensselaer","COUNTY","2025-03-11T00:00:00.000","2024-2025","65","130"
"Richmond","COUNTY","2025-03-11T00:00:00.000","2024-2025","0","0"
"Rockland","COUNTY","2025-03-11T00:00:00.000","2024-2025","49","384"
"Saratoga","COUNTY","2025-03-11T00:00:00.000","2024-2025","80","239"
"Schenectady","COUNTY","2025-03-11T00:00:00.000","2024-2025","87","163"
"Schoharie","COUNTY","2025-03-11T00:00:00.000","2024-2025","18","28"
"Schuyler","COUNTY","2025-03-11T00:00:00.000","2024-2025","7","13"
"Seneca","COUNTY","2025-03-11T00:00:00.000","2024-2025","10","33"
"St. Lawrence","COUNTY","2025-03-11T00:00:00.000","2024-2025","18","122"
"Steuben","COUNTY","2025-03-11T00:00:00.000","2024-2025","28","77"
"Suffolk","COUNTY","2025-03-11T00:00:00.000","2024-2025","288","1594"
"Sullivan","COUNTY","2025-03-11T00:00:00.000","2024-2025","23","60"
"Tioga","COUNTY","2025-03-11T00:00:00.000","2024-2025","13","38"
"Tompkins","COUNTY","2025-03-11T00:00:00.000","2024-2025","84","148"
"Ulster","COUNTY","2025-03-11T00:00:00.000","2024-2025","60","143"
"Warren","COUNTY","2025-03-11T00:00:00.000","2024-2025","23","91"
"Washington","COUNTY","2025-03-11T00:00:00.000","2024-2025","15","86"
"Wayne","COUNTY","2025-03-11T00:00:00.000","2024-2025","26","80"
"Westchester","COUNTY","2025-03-11T00:00:00.000","2024-2025","285","1036"
"Wyoming","COUNTY","2025-03-11T00:00:00.000","2024-2025","8","51"
"Yates","COUNTY","2025-03-11T00:00:00.000","2024-2025","3","27"
"Capital Region","REGION","2025-03-11T00:00:00.000","2024-2025","408","1097"
"Central New York","REGION","2025-03-11T00:00:00.000","2024-2025","268","882"
"Finger Lakes","REGION","2025-03-11T00:00:00.000","2024-2025","583","1540"
"Long Island","REGION","2025-03-11T00:00:00.000","2024-2025","560","3072"
"Mid-Hudson","REGION","2025-03-11T00:00:00.000","2024-2025","583","2338"
"Mohawk Valley","REGION","2025-03-11T00:00:00.000","2024-2025","168","534"
"New York City","REGION","2025-03-11T00:00:00.000","2024-2025","0","0"
"North Country","REGION","2025-03-11T00:00:00.000","2024-2025","97","517"
"Southern Tier","REGION","2025-03-11T00:00:00.000","2024-2025","243","662"
"Western New York","REGION","2025-03-11T00:00:00.000","2024-2025","519","2231"
"ROS","REST OF STATE","2025-03-11T00:00:00.000","2024-2025","3429","12873"
"Albany","COUNTY","2025-03-18T00:00:00.000","2024-2025","110","235"
"Allegany","COUNTY","2025-03-18T00:00:00.000","2024-2025","14","22"
"Bronx","COUNTY","2025-03-18T00:00:00.000","2024-2025","0","0"
"Broome","COUNTY","2025-03-18T00:00:00.000","2024-2025","50","166"
"Cattaraugus","COUNTY","2025-03-18T00:00:00.000","2024-2025","21","58"
"Cayuga","COUNTY","2025-03-18T00:00:00.000","2024-2025","20","82"
"Chautauqua","COUNTY","2025-03-18T00:00:00.000","2024-2025","35","126"
"Chemung","COUNTY","2025-03-18T00:00:00.000","2024-2025","15","57"
"Chenango","COUNTY","2025-03-18T00:00:00.000","2024-2025","15","47"
"Clinton","COUNTY","2025-03-18T00:00:00.000","2024-2025","18","70"
"Columbia","COUNTY","2025-03-18T00:00:00.000","2024-2025","22","44"
"Cortland","COUNTY","2025-03-18T00:00:00.000","2024-2025","13","37"
"Delaware","COUNTY","2025-03-18T00:00:00.000","2024-2025","19","37"
"Dutchess","COUNTY","2025-03-18T00:00:00.000","2024-2025","73","174"
"Erie","COUNTY","2025-03-18T00:00:00.000","2024-2025","327","1259"
"Essex","COUNTY","2025-03-18T00:00:00.000","2024-2025","4","19"
"Franklin","COUNTY","2025-03-18T00:00:00.000","2024-2025","12","36"
"Fulton","COUNTY","2025-03-18T00:00:00.000","2024-2025","17","39"
"Genesee","COUNTY","2025-03-18T00:00:00.000","2024-2025","15","51"
"Greene","COUNTY","2025-03-18T00:00:00.000","2024-2025","12","19"
"Hamilton","COUNTY","2025-03-18T00:00:00.000","2024-2025","1","6"
"Herkimer","COUNTY","2025-03-18T00:00:00.000","2024-2025","9","37"
"Jefferson","COUNTY","2025-03-18T00:00:00.000","2024-2025","24","160"
"Kings","COUNTY","2025-03-18T00:00:00.000","2024-2025","0","0"
"Lewis","COUNTY","2025-03-18T00:00:00.000","2024-2025","3","15"
"Livingston","COUNTY","2025-03-18T00:00:00.000","2024-2025","13","44"
"Madison","COUNTY","2025-03-18T00:00:00.000","2024-2025","20","52"
"Monroe","COUNTY","2025-03-18T00:00:00.000","2024-2025","360","844"
"Montgomery","COUNTY","2025-03-18T00:00:00.000","2024-2025","16","35"
"Nassau","COUNTY","2025-03-18T00:00:00.000","2024-2025","230","1192"
"New York","COUNTY","2025-03-18T00:00:00.000","2024-2025","0","0"
"Niagara","COUNTY","2025-03-18T00:00:00.000","2024-2025","36","231"
"Oneida","COUNTY","2025-03-18T00:00:00.000","2024-2025","48","193"
"Onondaga","COUNTY","2025-03-18T00:00:00.000","2024-2025","214","482"
"Ontario","COUNTY","2025-03-18T00:00:00.000","2024-2025","46","87"
"Orange","COUNTY","2025-03-18T00:00:00.000","2024-2025","64","288"
"Orleans","COUNTY","2025-03-18T00:00:00.000","2024-2025","8","32"
"Oswego","COUNTY","2025-03-18T00:00:00.000","2024-2025","36","121"
"Otsego","COUNTY","2025-03-18T00:00:00.000","2024-2025","48","58"
"Putnam","COUNTY","2025-03-18T00:00:00.000","2024-2025","37","54"
"Queens","COUNTY","2025-03-18T00:00:00.000","2024-2025","0","0"
"Rensselaer","COUNTY","2025-03-18T00:00:00.000","2024-2025","42","102"
"Richmond","COUNTY","2025-03-18T00:00:00.000","2024-2025","0","0"
"Rockland","COUNTY","2025-03-18T00:00:00.000","2024-2025","46","316"
"Saratoga","COUNTY","2025-03-18T00:00:00.000","2024-2025","71","167"
"Schenectady","COUNTY","2025-03-18T00:00:00.000","2024-2025","62","134"
"Schoharie","COUNTY","2025-03-18T00:00:00.000","2024-2025","15","24"
"Schuyler","COUNTY","2025-03-18T00:00:00.000","2024-2025","8","6"
"Seneca","COUNTY","2025-03-18T00:00:00.000","2024-2025","10","19"
"St. Lawrence","COUNTY","2025-03-18T00:00:00.000","2024-2025","13","91"
"Steuben","COUNTY","2025-03-18T00:00:00.000","2024-2025","24","46"
"Suffolk","COUNTY","2025-03-18T00:00:00.000","2024-2025","284","1390"
"Sullivan","COUNTY","2025-03-18T00:00:00.000","2024-2025","16","62"
"Tioga","COUNTY","2025-03-18T00:00:00.000","2024-2025","20","40"
"Tompkins","COUNTY","2025-03-18T00:00:00.000","2024-2025","93","123"
"Ulster","COUNTY","2025-03-18T00:00:00.000","2024-2025","87","137"
"Warren","COUNTY","2025-03-18T00:00:00.000","2024-2025","19","41"
"Washington","COUNTY","2025-03-18T00:00:00.000","2024-2025","15","47"
"Wayne","COUNTY","2025-03-18T00:00:00.000","2024-2025","31","66"
"Westchester","COUNTY","2025-03-18T00:00:00.000","2024-2025","263","850"
"Wyoming","COUNTY","2025-03-18T00:00:00.000","2024-2025","12","48"
"Yates","COUNTY","2025-03-18T00:00:00.000","2024-2025","11","17"
"Capital Region","REGION","2025-03-18T00:00:00.000","2024-2025","353","789"
"Central New York","REGION","2025-03-18T00:00:00.000","2024-2025","303","774"
"Finger Lakes","REGION","2025-03-18T00:00:00.000","2024-2025","506","1208"
"Long Island","REGION","2025-03-18T00:00:00.000","2024-2025","514","2582"
"Mid-Hudson","REGION","2025-03-18T00:00:00.000","2024-2025","586","1881"
"Mohawk Valley","REGION","2025-03-18T00:00:00.000","2024-2025","153","386"
"New York City","REGION","2025-03-18T00:00:00.000","2024-2025","0","0"
"North Country","REGION","2025-03-18T00:00:00.000","2024-2025","75","397"
"Southern Tier","REGION","2025-03-18T00:00:00.000","2024-2025","244","522"
"Western New York","REGION","2025-03-18T00:00:00.000","2024-2025","433","1696"
"ROS","REST OF STATE","2025-03-18T00:00:00.000","2024-2025","3167","10235"
"Albany","COUNTY","2025-03-25T00:00:00.000","2024-2025","116","155"
"Allegany","COUNTY","2025-03-25T00:00:00.000","2024-2025","6","23"
"Bronx","COUNTY","2025-03-25T00:00:00.000","2024-2025","0","0"
"Broome","COUNTY","2025-03-25T00:00:00.000","2024-2025","51","144"
"Cattaraugus","COUNTY","2025-03-25T00:00:00.000","2024-2025","12","49"
"Cayuga","COUNTY","2025-03-25T00:00:00.000","2024-2025","22","53"
"Chautauqua","COUNTY","2025-03-25T00:00:00.000","2024-2025","29","88"
"Chemung","COUNTY","2025-03-25T00:00:00.000","2024-2025","17","38"
"Chenango","COUNTY","2025-03-25T00:00:00.000","2024-2025","9","46"
"Clinton","COUNTY","2025-03-25T00:00:00.000","2024-2025","18","76"
"Columbia","COUNTY","2025-03-25T00:00:00.000","2024-2025","15","35"
"Cortland","COUNTY","2025-03-25T00:00:00.000","2024-2025","29","51"
"Delaware","COUNTY","2025-03-25T00:00:00.000","2024-2025","16","25"
"Dutchess","COUNTY","2025-03-25T00:00:00.000","2024-2025","94","143"
"Erie","COUNTY","2025-03-25T00:00:00.000","2024-2025","285","1040"
"Essex","COUNTY","2025-03-25T00:00:00.000","2024-2025","7","23"
"Franklin","COUNTY","2025-03-25T00:00:00.000","2024-2025","10","29"
"Fulton","COUNTY","2025-03-25T00:00:00.000","2024-2025","13","32"
"Genesee","COUNTY","2025-03-25T00:00:00.000","2024-2025","4","35"
"Greene","COUNTY","2025-03-25T00:00:00.000","2024-2025","9","16"
"Hamilton","COUNTY","2025-03-25T00:00:00.000","2024-2025","1","1"
"Herkimer","COUNTY","2025-03-25T00:00:00.000","2024-2025","13","44"
"Jefferson","COUNTY","2025-03-25T00:00:00.000","2024-2025","18","125"
"Kings","COUNTY","2025-03-25T00:00:00.000","2024-2025","0","0"
"Lewis","COUNTY","2025-03-25T00:00:00.000","2024-2025","1","8"
"Livingston","COUNTY","2025-03-25T00:00:00.000","2024-2025","17","32"
"Madison","COUNTY","2025-03-25T00:00:00.000","2024-2025","8","44"
"Monroe","COUNTY","2025-03-25T00:00:00.000","2024-2025","314","594"
"Montgomery","COUNTY","2025-03-25T00:00:00.000","2024-2025","8","26"
"Nassau","COUNTY","2025-03-25T00:00:00.000","2024-2025","227","989"
"New York","COUNTY","2025-03-25T00:00:00.000","2024-2025","0","0"
"Niagara","COUNTY","2025-03-25T00:00:00.000","2024-2025","31","207"
"Oneida","COUNTY","2025-03-25T00:00:00.000","2024-2025","47","140"
"Onondaga","COUNTY","2025-03-25T00:00:00.000","2024-2025","169","371"
"Ontario","COUNTY","2025-03-25T00:00:00.000","2024-2025","50","59"
"Orange","COUNTY","2025-03-25T00:00:00.000","2024-2025","61","237"
"Orleans","COUNTY","2025-03-25T00:00:00.000","2024-2025","4","18"
"Oswego","COUNTY","2025-03-25T00:00:00.000","2024-2025","17","108"
"Otsego","COUNTY","2025-03-25T00:00:00.000","2024-2025","40","62"
"Putnam","COUNTY","2025-03-25T00:00:00.000","2024-2025","18","59"
"Queens","COUNTY","2025-03-25T00:00:00.000","2024-2025","0","0"
"Rensselaer","COUNTY","2025-03-25T00:00:00.000","2024-2025","57","62"
"Richmond","COUNTY","2025-03-25T00:00:00.000","2024-2025","0","0"
"Rockland","COUNTY","2025-03-25T00:00:00.000","2024-2025","53","315"
"Saratoga","COUNTY","2025-03-25T00:00:00.000","2024-2025","61","148"
"Schenectady","COUNTY","2025-03-25T00:00:00.000","2024-2025","43","91"
"Schoharie","COUNTY","2025-03-25T00:00:00.000","2024-2025","16","31"
"Schuyler","COUNTY","2025-03-25T00:00:00.000","2024-2025","4","8"
"Seneca","COUNTY","2025-03-25T00:00:00.000","2024-2025","11","28"
"St. Lawrence","COUNTY","2025-03-25T00:00:00.000","2024-2025","17","61"
"Steuben","COUNTY","2025-03-25T00:00:00.000","2024-2025","25","50"
"Suffolk","COUNTY","2025-03-25T00:00:00.000","2024-2025","236","1066"
"Sullivan","COUNTY","2025-03-25T00:00:00.000","2024-2025","16","47"
"Tioga","COUNTY","2025-03-25T00:00:00.000","2024-2025","18","24"
"Tompkins","COUNTY","2025-03-25T00:00:00.000","2024-2025","74","99"
"Ulster","COUNTY","2025-03-25T00:00:00.000","2024-2025","63","89"
"Warren","COUNTY","2025-03-25T00:00:00.000","2024-2025","21","61"
"Washington","COUNTY","2025-03-25T00:00:00.000","2024-2025","7","37"
"Wayne","COUNTY","2025-03-25T00:00:00.000","2024-2025","26","40"
"Westchester","COUNTY","2025-03-25T00:00:00.000","2024-2025","249","683"
"Wyoming","COUNTY","2025-03-25T00:00:00.000","2024-2025","8","40"
"Yates","COUNTY","2025-03-25T00:00:00.000","2024-2025","5","14"
"Capital Region","REGION","2025-03-25T00:00:00.000","2024-2025","329","605"
"Central New York","REGION","2025-03-25T00:00:00.000","2024-2025","245","627"
"Finger Lakes","REGION","2025-03-25T00:00:00.000","2024-2025","439","860"
"Long Island","REGION","2025-03-25T00:00:00.000","2024-2025","463","2055"
"Mid-Hudson","REGION","2025-03-25T00:00:00.000","2024-2025","554","1573"
"Mohawk Valley","REGION","2025-03-25T00:00:00.000","2024-2025","137","335"
"New York City","REGION","2025-03-25T00:00:00.000","2024-2025","0","0"
"North Country","REGION","2025-03-25T00:00:00.000","2024-2025","72","323"
"Southern Tier","REGION","2025-03-25T00:00:00.000","2024-2025","214","434"
"Western New York","REGION","2025-03-25T00:00:00.000","2024-2025","363","1407"
"ROS","REST OF STATE","2025-03-25T00:00:00.000","2024-2025","2816","8219"
"Albany","COUNTY","2025-04-01T00:00:00.000","2024-2025","81","129"
"Allegany","COUNTY","2025-04-01T00:00:00.000","2024-2025","8","22"
"Bronx","COUNTY","2025-04-01T00:00:00.000","2024-2025","0","0"
"Broome","COUNTY","2025-04-01T00:00:00.000","2024-2025","45","86"
"Cattaraugus","COUNTY","2025-04-01T00:00:00.000","2024-2025","16","33"
"Cayuga","COUNTY","2025-04-01T00:00:00.000","2024-2025","11","42"
"Chautauqua","COUNTY","2025-04-01T00:00:00.000","2024-2025","37","81"
"Chemung","COUNTY","2025-04-01T00:00:00.000","2024-2025","5","27"
"Chenango","COUNTY","2025-04-01T00:00:00.000","2024-2025","22","33"
"Clinton","COUNTY","2025-04-01T00:00:00.000","2024-2025","29","61"
"Columbia","COUNTY","2025-04-01T00:00:00.000","2024-2025","18","23"
"Cortland","COUNTY","2025-04-01T00:00:00.000","2024-2025","12","25"
"Delaware","COUNTY","2025-04-01T00:00:00.000","2024-2025","11","19"
"Dutchess","COUNTY","2025-04-01T00:00:00.000","2024-2025","57","118"
"Erie","COUNTY","2025-04-01T00:00:00.000","2024-2025","251","713"
"Essex","COUNTY","2025-04-01T00:00:00.000","2024-2025","7","18"
"Franklin","COUNTY","2025-04-01T00:00:00.000","2024-2025","11","22"
"Fulton","COUNTY","2025-04-01T00:00:00.000","2024-2025","7","17"
"Genesee","COUNTY","2025-04-01T00:00:00.000","2024-2025","13","35"
"Greene","COUNTY","2025-04-01T00:00:00.000","2024-2025","7","20"
"Hamilton","COUNTY","2025-04-01T00:00:00.000","2024-2025","2","0"
"Herkimer","COUNTY","2025-04-01T00:00:00.000","2024-2025","17","37"
"Jefferson","COUNTY","2025-04-01T00:00:00.000","2024-2025","16","106"
"Kings","COUNTY","2025-04-01T00:00:00.000","2024-2025","0","0"
"Lewis","COUNTY","2025-04-01T00:00:00.000","2024-2025","5","9"
"Livingston","COUNTY","2025-04-01T00:00:00.000","2024-2025","10","27"
"Madison","COUNTY","2025-04-01T00:00:00.000","2024-2025","5","27"
"Monroe","COUNTY","2025-04-01T00:00:00.000","2024-2025","303","515"
"Montgomery","COUNTY","2025-04-01T00:00:00.000","2024-2025","16","22"
"Nassau","COUNTY","2025-04-01T00:00:00.000","2024-2025","196","751"
"New York","COUNTY","2025-04-01T00:00:00.000","2024-2025","0","0"
"Niagara","COUNTY","2025-04-01T00:00:00.000","2024-2025","39","135"
"Oneida","COUNTY","2025-04-01T00:00:00.000","2024-2025","33","102"
"Onondaga","COUNTY","2025-04-01T00:00:00.000","2024-2025","137","344"
"Ontario","COUNTY","2025-04-01T00:00:00.000","2024-2025","37","71"
"Orange","COUNTY","2025-04-01T00:00:00.000","2024-2025","53","185"
"Orleans","COUNTY","2025-04-01T00:00:00.000","2024-2025","4","28"
"Oswego","COUNTY","2025-04-01T00:00:00.000","2024-2025","13","107"
"Otsego","COUNTY","2025-04-01T00:00:00.000","2024-2025","49","54"
"Putnam","COUNTY","2025-04-01T00:00:00.000","2024-2025","20","33"
"Queens","COUNTY","2025-04-01T00:00:00.000","2024-2025","0","0"
"Rensselaer","COUNTY","2025-04-01T00:00:00.000","2024-2025","38","63"
"Richmond","COUNTY","2025-04-01T00:00:00.000","2024-2025","0","0"
"Rockland","COUNTY","2025-04-01T00:00:00.000","2024-2025","38","239"
"Saratoga","COUNTY","2025-04-01T00:00:00.000","2024-2025","75","110"
"Schenectady","COUNTY","2025-04-01T00:00:00.000","2024-2025","41","68"
"Schoharie","COUNTY","2025-04-01T00:00:00.000","2024-2025","10","14"
"Schuyler","COUNTY","2025-04-01T00:00:00.000","2024-2025","2","6"
"Seneca","COUNTY","2025-04-01T00:00:00.000","2024-2025","3","16"
"St. Lawrence","COUNTY","2025-04-01T00:00:00.000","2024-2025","17","53"
"Steuben","COUNTY","2025-04-01T00:00:00.000","2024-2025","12","26"
"Suffolk","COUNTY","2025-04-01T00:00:00.000","2024-2025","192","1014"
"Sullivan","COUNTY","2025-04-01T00:00:00.000","2024-2025","14","26"
"Tioga","COUNTY","2025-04-01T00:00:00.000","2024-2025","23","11"
"Tompkins","COUNTY","2025-04-01T00:00:00.000","2024-2025","64","80"
"Ulster","COUNTY","2025-04-01T00:00:00.000","2024-2025","41","64"
"Warren","COUNTY","2025-04-01T00:00:00.000","2024-2025","9","41"
"Washington","COUNTY","2025-04-01T00:00:00.000","2024-2025","10","33"
"Wayne","COUNTY","2025-04-01T00:00:00.000","2024-2025","19","42"
"Westchester","COUNTY","2025-04-01T00:00:00.000","2024-2025","198","538"
"Wyoming","COUNTY","2025-04-01T00:00:00.000","2024-2025","13","23"
"Yates","COUNTY","2025-04-01T00:00:00.000","2024-2025","1","16"
"Capital Region","REGION","2025-04-01T00:00:00.000","2024-2025","279","487"
"Central New York","REGION","2025-04-01T00:00:00.000","2024-2025","178","545"
"Finger Lakes","REGION","2025-04-01T00:00:00.000","2024-2025","403","773"
"Long Island","REGION","2025-04-01T00:00:00.000","2024-2025","388","1765"
"Mid-Hudson","REGION","2025-04-01T00:00:00.000","2024-2025","421","1203"
"Mohawk Valley","REGION","2025-04-01T00:00:00.000","2024-2025","132","246"
"New York City","REGION","2025-04-01T00:00:00.000","2024-2025","0","0"
"North Country","REGION","2025-04-01T00:00:00.000","2024-2025","87","269"
"Southern Tier","REGION","2025-04-01T00:00:00.000","2024-2025","184","288"
"Western New York","REGION","2025-04-01T00:00:00.000","2024-2025","351","984"
"ROS","REST OF STATE","2025-04-01T00:00:00.000","2024-2025","2423","6560"
"Albany","COUNTY","2025-04-08T00:00:00.000","2024-2025","83","126"
"Allegany","COUNTY","2025-04-08T00:00:00.000","2024-2025","7","16"
"Bronx","COUNTY","2025-04-08T00:00:00.000","2024-2025","0","0"
"Broome","COUNTY","2025-04-08T00:00:00.000","2024-2025","37","74"
"Cattaraugus","COUNTY","2025-04-08T00:00:00.000","2024-2025","10","20"
"Cayuga","COUNTY","2025-04-08T00:00:00.000","2024-2025","9","26"
"Chautauqua","COUNTY","2025-04-08T00:00:00.000","2024-2025","24","47"
"Chemung","COUNTY","2025-04-08T00:00:00.000","2024-2025","12","22"
"Chenango","COUNTY","2025-04-08T00:00:00.000","2024-2025","9","21"
"Clinton","COUNTY","2025-04-08T00:00:00.000","2024-2025","28","58"
"Columbia","COUNTY","2025-04-08T00:00:00.000","2024-2025","14","10"
"Cortland","COUNTY","2025-04-08T00:00:00.000","2024-2025","12","15"
"Delaware","COUNTY","2025-04-08T00:00:00.000","2024-2025","6","12"
"Dutchess","COUNTY","2025-04-08T00:00:00.000","2024-2025","43","69"
"Erie","COUNTY","2025-04-08T00:00:00.000","2024-2025","237","587"
"Essex","COUNTY","2025-04-08T00:00:00.000","2024-2025","7","7"
"Franklin","COUNTY","2025-04-08T00:00:00.000","2024-2025","14","16"
"Fulton","COUNTY","2025-04-08T00:00:00.000","2024-2025","7","11"
"Genesee","COUNTY","2025-04-08T00:00:00.000","2024-2025","13","15"
"Greene","COUNTY","2025-04-08T00:00:00.000","2024-2025","6","11"
"Hamilton","COUNTY","2025-04-08T00:00:00.000","2024-2025","0","0"
"Herkimer","COUNTY","2025-04-08T00:00:00.000","2024-2025","11","16"
"Jefferson","COUNTY","2025-04-08T00:00:00.000","2024-2025","21","86"
"Kings","COUNTY","2025-04-08T00:00:00.000","2024-2025","0","0"
"Lewis","COUNTY","2025-04-08T00:00:00.000","2024-2025","7","9"
"Livingston","COUNTY","2025-04-08T00:00:00.000","2024-2025","8","10"
"Madison","COUNTY","2025-04-08T00:00:00.000","2024-2025","10","15"
"Monroe","COUNTY","2025-04-08T00:00:00.000","2024-2025","237","292"
"Montgomery","COUNTY","2025-04-08T00:00:00.000","2024-2025","23","6"
"Nassau","COUNTY","2025-04-08T00:00:00.000","2024-2025","189","560"
"New York","COUNTY","2025-04-08T00:00:00.000","2024-2025","0","0"
"Niagara","COUNTY","2025-04-08T00:00:00.000","2024-2025","38","89"
"Oneida","COUNTY","2025-04-08T00:00:00.000","2024-2025","43","67"
"Onondaga","COUNTY","2025-04-08T00:00:00.000","2024-2025","135","262"
"Ontario","COUNTY","2025-04-08T00:00:00.000","2024-2025","26","28"
"Orange","COUNTY","2025-04-08T00:00:00.000","2024-2025","47","148"
"Orleans","COUNTY","2025-04-08T00:00:00.000","2024-2025","5","14"
"Oswego","COUNTY","2025-04-08T00:00:00.000","2024-2025","13","68"
"Otsego","COUNTY","2025-04-08T00:00:00.000","2024-2025","33","34"
"Putnam","COUNTY","2025-04-08T00:00:00.000","2024-2025","13","23"
"Queens","COUNTY","2025-04-08T00:00:00.000","2024-2025","0","0"
"Rensselaer","COUNTY","2025-04-08T00:00:00.000","2024-2025","36","38"
"Richmond","COUNTY","2025-04-08T00:00:00.000","2024-2025","0","0"
"Rockland","COUNTY","2025-04-08T00:00:00.000","2024-2025","50","208"
"Saratoga","COUNTY","2025-04-08T00:00:00.000","2024-2025","40","47"
"Schenectady","COUNTY","2025-04-08T00:00:00.000","2024-2025","34","40"
"Schoharie","COUNTY","2025-04-08T00:00:00.000","2024-2025","17","13"
"Schuyler","COUNTY","2025-04-08T00:00:00.000","2024-2025","1","8"
"Seneca","COUNTY","2025-04-08T00:00:00.000","2024-2025","8","8"
"St. Lawrence","COUNTY","2025-04-08T00:00:00.000","2024-2025","36","43"
"Steuben","COUNTY","2025-04-08T00:00:00.000","2024-2025","16","20"
"Suffolk","COUNTY","2025-04-08T00:00:00.000","2024-2025","216","686"
"Sullivan","COUNTY","2025-04-08T00:00:00.000","2024-2025","15","25"
"Tioga","COUNTY","2025-04-08T00:00:00.000","2024-2025","9","11"
"Tompkins","COUNTY","2025-04-08T00:00:00.000","2024-2025","42","58"
"Ulster","COUNTY","2025-04-08T00:00:00.000","2024-2025","39","49"
"Warren","COUNTY","2025-04-08T00:00:00.000","2024-2025","11","25"
"Washington","COUNTY","2025-04-08T00:00:00.000","2024-2025","19","20"
"Wayne","COUNTY","2025-04-08T00:00:00.000","2024-2025","20","30"
"Westchester","COUNTY","2025-04-08T00:00:00.000","2024-2025","200","397"
"Wyoming","COUNTY","2025-04-08T00:00:00.000","2024-2025","5","12"
"Yates","COUNTY","2025-04-08T00:00:00.000","2024-2025","0","4"
"Capital Region","REGION","2025-04-08T00:00:00.000","2024-2025","243","317"
"Central New York","REGION","2025-04-08T00:00:00.000","2024-2025","179","386"
"Finger Lakes","REGION","2025-04-08T00:00:00.000","2024-2025","322","413"
"Long Island","REGION","2025-04-08T00:00:00.000","2024-2025","405","1246"
"Mid-Hudson","REGION","2025-04-08T00:00:00.000","2024-2025","407","919"
"Mohawk Valley","REGION","2025-04-08T00:00:00.000","2024-2025","134","147"
"New York City","REGION","2025-04-08T00:00:00.000","2024-2025","0","0"
"North Country","REGION","2025-04-08T00:00:00.000","2024-2025","113","219"
"Southern Tier","REGION","2025-04-08T00:00:00.000","2024-2025","132","226"
"Western New York","REGION","2025-04-08T00:00:00.000","2024-2025","316","759"
"ROS","REST OF STATE","2025-04-08T00:00:00.000","2024-2025","2251","4632"
"Albany","COUNTY","2025-04-15T00:00:00.000","2024-2025","68","76"
"Allegany","COUNTY","2025-04-15T00:00:00.000","2024-2025","4","6"
"Bronx","COUNTY","2025-04-15T00:00:00.000","2024-2025","0","0"
"Broome","COUNTY","2025-04-15T00:00:00.000","2024-2025","33","47"
"Cattaraugus","COUNTY","2025-04-15T00:00:00.000","2024-2025","4","16"
"Cayuga","COUNTY","2025-04-15T00:00:00.000","2024-2025","13","25"
"Chautauqua","COUNTY","2025-04-15T00:00:00.000","2024-2025","18","48"
"Chemung","COUNTY","2025-04-15T00:00:00.000","2024-2025","10","13"
"Chenango","COUNTY","2025-04-15T00:00:00.000","2024-2025","8","20"
"Clinton","COUNTY","2025-04-15T00:00:00.000","2024-2025","25","53"
"Columbia","COUNTY","2025-04-15T00:00:00.000","2024-2025","16","16"
"Cortland","COUNTY","2025-04-15T00:00:00.000","2024-2025","7","17"
"Delaware","COUNTY","2025-04-15T00:00:00.000","2024-2025","8","13"
"Dutchess","COUNTY","2025-04-15T00:00:00.000","2024-2025","37","73"
"Erie","COUNTY","2025-04-15T00:00:00.000","2024-2025","252","445"
"Essex","COUNTY","2025-04-15T00:00:00.000","2024-2025","11","7"
"Franklin","COUNTY","2025-04-15T00:00:00.000","2024-2025","11","7"
"Fulton","COUNTY","2025-04-15T00:00:00.000","2024-2025","5","14"
"Genesee","COUNTY","2025-04-15T00:00:00.000","2024-2025","8","9"
"Greene","COUNTY","2025-04-15T00:00:00.000","2024-2025","6","8"
"Hamilton","COUNTY","2025-04-15T00:00:00.000","2024-2025","0","0"
"Herkimer","COUNTY","2025-04-15T00:00:00.000","2024-2025","11","16"
"Jefferson","COUNTY","2025-04-15T00:00:00.000","2024-2025","12","61"
"Kings","COUNTY","2025-04-15T00:00:00.000","2024-2025","0","0"
"Lewis","COUNTY","2025-04-15T00:00:00.000","2024-2025","3","0"
"Livingston","COUNTY","2025-04-15T00:00:00.000","2024-2025","8","10"
"Madison","COUNTY","2025-04-15T00:00:00.000","2024-2025","13","19"
"Monroe","COUNTY","2025-04-15T00:00:00.000","2024-2025","215","215"
"Montgomery","COUNTY","2025-04-15T00:00:00.000","2024-2025","8","15"
"Nassau","COUNTY","2025-04-15T00:00:00.000","2024-2025","136","539"
"New York","COUNTY","2025-04-15T00:00:00.000","2024-2025","0","0"
"Niagara","COUNTY","2025-04-15T00:00:00.000","2024-2025","24","47"
"Oneida","COUNTY","2025-04-15T00:00:00.000","2024-2025","27","56"
"Onondaga","COUNTY","2025-04-15T00:00:00.000","2024-2025","91","201"
"Ontario","COUNTY","2025-04-15T00:00:00.000","2024-2025","21","26"
"Orange","COUNTY","2025-04-15T00:00:00.000","2024-2025","37","85"
"Orleans","COUNTY","2025-04-15T00:00:00.000","2024-2025","2","12"
"Oswego","COUNTY","2025-04-15T00:00:00.000","2024-2025","14","56"
"Otsego","COUNTY","2025-04-15T00:00:00.000","2024-2025","33","25"
"Putnam","COUNTY","2025-04-15T00:00:00.000","2024-2025","17","17"
"Queens","COUNTY","2025-04-15T00:00:00.000","2024-2025","0","0"
"Rensselaer","COUNTY","2025-04-15T00:00:00.000","2024-2025","16","17"
"Richmond","COUNTY","2025-04-15T00:00:00.000","2024-2025","0","0"
"Rockland","COUNTY","2025-04-15T00:00:00.000","2024-2025","24","161"
"Saratoga","COUNTY","2025-04-15T00:00:00.000","2024-2025","57","34"
"Schenectady","COUNTY","2025-04-15T00:00:00.000","2024-2025","24","35"
"Schoharie","COUNTY","2025-04-15T00:00:00.000","2024-2025","5","7"
"Schuyler","COUNTY","2025-04-15T00:00:00.000","2024-2025","7","0"
"Seneca","COUNTY","2025-04-15T00:00:00.000","2024-2025","6","9"
"St. Lawrence","COUNTY","2025-04-15T00:00:00.000","2024-2025","7","35"
"Steuben","COUNTY","2025-04-15T00:00:00.000","2024-2025","19","21"
"Suffolk","COUNTY","2025-04-15T00:00:00.000","2024-2025","189","580"
"Sullivan","COUNTY","2025-04-15T00:00:00.000","2024-2025","6","14"
"Tioga","COUNTY","2025-04-15T00:00:00.000","2024-2025","9","6"
"Tompkins","COUNTY","2025-04-15T00:00:00.000","2024-2025","44","57"
"Ulster","COUNTY","2025-04-15T00:00:00.000","2024-2025","50","37"
"Warren","COUNTY","2025-04-15T00:00:00.000","2024-2025","12","6"
"Washington","COUNTY","2025-04-15T00:00:00.000","2024-2025","11","12"
"Wayne","COUNTY","2025-04-15T00:00:00.000","2024-2025","23","24"
"Westchester","COUNTY","2025-04-15T00:00:00.000","2024-2025","200","342"
"Wyoming","COUNTY","2025-04-15T00:00:00.000","2024-2025","5","8"
"Yates","COUNTY","2025-04-15T00:00:00.000","2024-2025","4","4"
"Capital Region","REGION","2025-04-15T00:00:00.000","2024-2025","210","204"
"Central New York","REGION","2025-04-15T00:00:00.000","2024-2025","138","318"
"Finger Lakes","REGION","2025-04-15T00:00:00.000","2024-2025","292","317"
"Long Island","REGION","2025-04-15T00:00:00.000","2024-2025","325","1119"
"Mid-Hudson","REGION","2025-04-15T00:00:00.000","2024-2025","371","729"
"Mohawk Valley","REGION","2025-04-15T00:00:00.000","2024-2025","89","133"
"New York City","REGION","2025-04-15T00:00:00.000","2024-2025","0","0"
"North Country","REGION","2025-04-15T00:00:00.000","2024-2025","69","163"
"Southern Tier","REGION","2025-04-15T00:00:00.000","2024-2025","138","177"
"Western New York","REGION","2025-04-15T00:00:00.000","2024-2025","302","562"
"ROS","REST OF STATE","2025-04-15T00:00:00.000","2024-2025","1934","3722"
"Albany","COUNTY","2025-04-22T00:00:00.000","2024-2025","58","59"
"Allegany","COUNTY","2025-04-22T00:00:00.000","2024-2025","6","6"
"Bronx","COUNTY","2025-04-22T00:00:00.000","2024-2025","0","0"
"Broome","COUNTY","2025-04-22T00:00:00.000","2024-2025","19","31"
"Cattaraugus","COUNTY","2025-04-22T00:00:00.000","2024-2025","4","12"
"Cayuga","COUNTY","2025-04-22T00:00:00.000","2024-2025","4","10"
"Chautauqua","COUNTY","2025-04-22T00:00:00.000","2024-2025","16","15"
"Chemung","COUNTY","2025-04-22T00:00:00.000","2024-2025","22","13"
"Chenango","COUNTY","2025-04-22T00:00:00.000","2024-2025","11","11"
"Clinton","COUNTY","2025-04-22T00:00:00.000","2024-2025","19","19"
"Columbia","COUNTY","2025-04-22T00:00:00.000","2024-2025","30","4"
"Cortland","COUNTY","2025-04-22T00:00:00.000","2024-2025","9","6"
"Delaware","COUNTY","2025-04-22T00:00:00.000","2024-2025","8","6"
"Dutchess","COUNTY","2025-04-22T00:00:00.000","2024-2025","32","30"
"Erie","COUNTY","2025-04-22T00:00:00.000","2024-2025","184","312"
"Essex","COUNTY","2025-04-22T00:00:00.000","2024-2025","9","7"
"Franklin","COUNTY","2025-04-22T00:00:00.000","2024-2025","7","4"
"Fulton","COUNTY","2025-04-22T00:00:00.000","2024-2025","2","8"
"Genesee","COUNTY","2025-04-22T00:00:00.000","2024-2025","7","12"
"Greene","COUNTY","2025-04-22T00:00:00.000","2024-2025","10","0"
"Hamilton","COUNTY","2025-04-22T00:00:00.000","2024-2025","3","1"
"Herkimer","COUNTY","2025-04-22T00:00:00.000","2024-2025","11","15"
"Jefferson","COUNTY","2025-04-22T00:00:00.000","2024-2025","8","54"
"Kings","COUNTY","2025-04-22T00:00:00.000","2024-2025","0","0"
"Lewis","COUNTY","2025-04-22T00:00:00.000","2024-2025","1","1"
"Livingston","COUNTY","2025-04-22T00:00:00.000","2024-2025","9","8"
"Madison","COUNTY","2025-04-22T00:00:00.000","2024-2025","6","14"
"Monroe","COUNTY","2025-04-22T00:00:00.000","2024-2025","144","192"
"Montgomery","COUNTY","2025-04-22T00:00:00.000","2024-2025","5","1"
"Nassau","COUNTY","2025-04-22T00:00:00.000","2024-2025","139","371"
"New York","COUNTY","2025-04-22T00:00:00.000","2024-2025","0","0"
"Niagara","COUNTY","2025-04-22T00:00:00.000","2024-2025","19","44"
"Oneida","COUNTY","2025-04-22T00:00:00.000","2024-2025","22","51"
"Onondaga","COUNTY","2025-04-22T00:00:00.000","2024-2025","96","155"
"Ontario","COUNTY","2025-04-22T00:00:00.000","2024-2025","16","26"
"Orange","COUNTY","2025-04-22T00:00:00.000","2024-2025","30","49"
"Orleans","COUNTY","2025-04-22T00:00:00.000","2024-2025","2","8"
"Oswego","COUNTY","2025-04-22T00:00:00.000","2024-2025","18","45"
"Otsego","COUNTY","2025-04-22T00:00:00.000","2024-2025","28","23"
"Putnam","COUNTY","2025-04-22T00:00:00.000","2024-2025","7","12"
"Queens","COUNTY","2025-04-22T00:00:00.000","2024-2025","0","0"
"Rensselaer","COUNTY","2025-04-22T00:00:00.000","2024-2025","16","16"
"Richmond","COUNTY","2025-04-22T00:00:00.000","2024-2025","0","0"
"Rockland","COUNTY","2025-04-22T00:00:00.000","2024-2025","43","161"
"Saratoga","COUNTY","2025-04-22T00:00:00.000","2024-2025","46","36"
"Schenectady","COUNTY","2025-04-22T00:00:00.000","2024-2025","25","32"
"Schoharie","COUNTY","2025-04-22T00:00:00.000","2024-2025","4","7"
"Schuyler","COUNTY","2025-04-22T00:00:00.000","2024-2025","3","6"
"Seneca","COUNTY","2025-04-22T00:00:00.000","2024-2025","2","8"
"St. Lawrence","COUNTY","2025-04-22T00:00:00.000","2024-2025","12","39"
"Steuben","COUNTY","2025-04-22T00:00:00.000","2024-2025","10","10"
"Suffolk","COUNTY","2025-04-22T00:00:00.000","2024-2025","149","524"
"Sullivan","COUNTY","2025-04-22T00:00:00.000","2024-2025","6","10"
"Tioga","COUNTY","2025-04-22T00:00:00.000","2024-2025","10","9"
"Tompkins","COUNTY","2025-04-22T00:00:00.000","2024-2025","33","31"
"Ulster","COUNTY","2025-04-22T00:00:00.000","2024-2025","45","23"
"Warren","COUNTY","2025-04-22T00:00:00.000","2024-2025","20","3"
"Washington","COUNTY","2025-04-22T00:00:00.000","2024-2025","13","7"
"Wayne","COUNTY","2025-04-22T00:00:00.000","2024-2025","17","28"
"Westchester","COUNTY","2025-04-22T00:00:00.000","2024-2025","151","260"
"Wyoming","COUNTY","2025-04-22T00:00:00.000","2024-2025","4","4"
"Yates","COUNTY","2025-04-22T00:00:00.000","2024-2025","0","2"
"Capital Region","REGION","2025-04-22T00:00:00.000","2024-2025","218","157"
"Central New York","REGION","2025-04-22T00:00:00.000","2024-2025","133","230"
"Finger Lakes","REGION","2025-04-22T00:00:00.000","2024-2025","201","288"
"Long Island","REGION","2025-04-22T00:00:00.000","2024-2025","288","895"
"Mid-Hudson","REGION","2025-04-22T00:00:00.000","2024-2025","314","545"
"Mohawk Valley","REGION","2025-04-22T00:00:00.000","2024-2025","72","105"
"New York City","REGION","2025-04-22T00:00:00.000","2024-2025","0","0"
"North Country","REGION","2025-04-22T00:00:00.000","2024-2025","59","125"
"Southern Tier","REGION","2025-04-22T00:00:00.000","2024-2025","116","117"
"Western New York","REGION","2025-04-22T00:00:00.000","2024-2025","229","389"
"ROS","REST OF STATE","2025-04-22T00:00:00.000","2024-2025","1630","2851"
"Albany","COUNTY","2025-04-29T00:00:00.000","2024-2025","56","46"
"Allegany","COUNTY","2025-04-29T00:00:00.000","2024-2025","5","0"
"Bronx","COUNTY","2025-04-29T00:00:00.000","2024-2025","0","0"
"Broome","COUNTY","2025-04-29T00:00:00.000","2024-2025","42","32"
"Cattaraugus","COUNTY","2025-04-29T00:00:00.000","2024-2025","3","10"
"Cayuga","COUNTY","2025-04-29T00:00:00.000","2024-2025","10","13"
"Chautauqua","COUNTY","2025-04-29T00:00:00.000","2024-2025","14","29"
"Chemung","COUNTY","2025-04-29T00:00:00.000","2024-2025","8","15"
"Chenango","COUNTY","2025-04-29T00:00:00.000","2024-2025","5","14"
"Clinton","COUNTY","2025-04-29T00:00:00.000","2024-2025","10","9"
"Columbia","COUNTY","2025-04-29T00:00:00.000","2024-2025","7","11"
"Cortland","COUNTY","2025-04-29T00:00:00.000","2024-2025","2","8"
"Delaware","COUNTY","2025-04-29T00:00:00.000","2024-2025","5","5"
"Dutchess","COUNTY","2025-04-29T00:00:00.000","2024-2025","58","30"
"Erie","COUNTY","2025-04-29T00:00:00.000","2024-2025","140","253"
"Essex","COUNTY","2025-04-29T00:00:00.000","2024-2025","3","6"
"Franklin","COUNTY","2025-04-29T00:00:00.000","2024-2025","7","5"
"Fulton","COUNTY","2025-04-29T00:00:00.000","2024-2025","2","15"
"Genesee","COUNTY","2025-04-29T00:00:00.000","2024-2025","7","4"
"Greene","COUNTY","2025-04-29T00:00:00.000","2024-2025","6","5"
"Hamilton","COUNTY","2025-04-29T00:00:00.000","2024-2025","0","0"
"Herkimer","COUNTY","2025-04-29T00:00:00.000","2024-2025","6","8"
"Jefferson","COUNTY","2025-04-29T00:00:00.000","2024-2025","6","60"
"Kings","COUNTY","2025-04-29T00:00:00.000","2024-2025","0","0"
"Lewis","COUNTY","2025-04-29T00:00:00.000","2024-2025","1","0"
"Livingston","COUNTY","2025-04-29T00:00:00.000","2024-2025","10","3"
"Madison","COUNTY","2025-04-29T00:00:00.000","2024-2025","6","5"
"Monroe","COUNTY","2025-04-29T00:00:00.000","2024-2025","168","162"
"Montgomery","COUNTY","2025-04-29T00:00:00.000","2024-2025","10","4"
"Nassau","COUNTY","2025-04-29T00:00:00.000","2024-2025","122","315"
"New York","COUNTY","2025-04-29T00:00:00.000","2024-2025","0","0"
"Niagara","COUNTY","2025-04-29T00:00:00.000","2024-2025","19","37"
"Oneida","COUNTY","2025-04-29T00:00:00.000","2024-2025","33","35"
"Onondaga","COUNTY","2025-04-29T00:00:00.000","2024-2025","93","156"
"Ontario","COUNTY","2025-04-29T00:00:00.000","2024-2025","23","18"
"Orange","COUNTY","2025-04-29T00:00:00.000","2024-2025","22","48"
"Orleans","COUNTY","2025-04-29T00:00:00.000","2024-2025","9","7"
"Oswego","COUNTY","2025-04-29T00:00:00.000","2024-2025","13","26"
"Otsego","COUNTY","2025-04-29T00:00:00.000","2024-2025","29","21"
"Putnam","COUNTY","2025-04-29T00:00:00.000","2024-2025","12","6"
"Queens","COUNTY","2025-04-29T00:00:00.000","2024-2025","0","0"
"Rensselaer","COUNTY","2025-04-29T00:00:00.000","2024-2025","23","6"
"Richmond","COUNTY","2025-04-29T00:00:00.000","2024-2025","0","0"
"Rockland","COUNTY","2025-04-29T00:00:00.000","2024-2025","27","156"
"Saratoga","COUNTY","2025-04-29T00:00:00.000","2024-2025","38","30"
"Schenectady","COUNTY","2025-04-29T00:00:00.000","2024-2025","30","24"
"Schoharie","COUNTY","2025-04-29T00:00:00.000","2024-2025","5","3"
"Schuyler","COUNTY","2025-04-29T00:00:00.000","2024-2025","3","2"
"Seneca","COUNTY","2025-04-29T00:00:00.000","2024-2025","5","8"
"St. Lawrence","COUNTY","2025-04-29T00:00:00.000","2024-2025","9","23"
"Steuben","COUNTY","2025-04-29T00:00:00.000","2024-2025","16","10"
"Suffolk","COUNTY","2025-04-29T00:00:00.000","2024-2025","148","335"
"Sullivan","COUNTY","2025-04-29T00:00:00.000","2024-2025","13","11"
"Tioga","COUNTY","2025-04-29T00:00:00.000","2024-2025","6","1"
"Tompkins","COUNTY","2025-04-29T00:00:00.000","2024-2025","46","43"
"Ulster","COUNTY","2025-04-29T00:00:00.000","2024-2025","49","14"
"Warren","COUNTY","2025-04-29T00:00:00.000","2024-2025","7","2"
"Washington","COUNTY","2025-04-29T00:00:00.000","2024-2025","14","7"
"Wayne","COUNTY","2025-04-29T00:00:00.000","2024-2025","14","21"
"Westchester","COUNTY","2025-04-29T00:00:00.000","2024-2025","156","197"
"Wyoming","COUNTY","2025-04-29T00:00:00.000","2024-2025","4","6"
"Yates","COUNTY","2025-04-29T00:00:00.000","2024-2025","3","4"
"Capital Region","REGION","2025-04-29T00:00:00.000","2024-2025","181","131"
"Central New York","REGION","2025-04-29T00:00:00.000","2024-2025","124","208"
"Finger Lakes","REGION","2025-04-29T00:00:00.000","2024-2025","243","233"
"Long Island","REGION","2025-04-29T00:00:00.000","2024-2025","270","650"
"Mid-Hudson","REGION","2025-04-29T00:00:00.000","2024-2025","337","462"
"Mohawk Valley","REGION","2025-04-29T00:00:00.000","2024-2025","85","86"
"New York City","REGION","2025-04-29T00:00:00.000","2024-2025","0","0"
"North Country","REGION","2025-04-29T00:00:00.000","2024-2025","36","103"
"Southern Tier","REGION","2025-04-29T00:00:00.000","2024-2025","131","122"
"Western New York","REGION","2025-04-29T00:00:00.000","2024-2025","181","329"
"ROS","REST OF STATE","2025-04-29T00:00:00.000","2024-2025","1588","2324"
"Albany","COUNTY","2025-05-06T00:00:00.000","2024-2025","55","37"
"Allegany","COUNTY","2025-05-06T00:00:00.000","2024-2025","5","2"
"Bronx","COUNTY","2025-05-06T00:00:00.000","2024-2025","0","0"
"Broome","COUNTY","2025-05-06T00:00:00.000","2024-2025","20","20"
"Cattaraugus","COUNTY","2025-05-06T00:00:00.000","2024-2025","4","3"
"Cayuga","COUNTY","2025-05-06T00:00:00.000","2024-2025","3","11"
"Chautauqua","COUNTY","2025-05-06T00:00:00.000","2024-2025","17","5"
"Chemung","COUNTY","2025-05-06T00:00:00.000","2024-2025","8","6"
"Chenango","COUNTY","2025-05-06T00:00:00.000","2024-2025","12","3"
"Clinton","COUNTY","2025-05-06T00:00:00.000","2024-2025","9","13"
"Columbia","COUNTY","2025-05-06T00:00:00.000","2024-2025","7","5"
"Cortland","COUNTY","2025-05-06T00:00:00.000","2024-2025","5","6"
"Delaware","COUNTY","2025-05-06T00:00:00.000","2024-2025","5","3"
"Dutchess","COUNTY","2025-05-06T00:00:00.000","2024-2025","32","23"
"Erie","COUNTY","2025-05-06T00:00:00.000","2024-2025","132","142"
"Essex","COUNTY","2025-05-06T00:00:00.000","2024-2025","12","4"
"Franklin","COUNTY","2025-05-06T00:00:00.000","2024-2025","5","5"
"Fulton","COUNTY","2025-05-06T00:00:00.000","2024-2025","6","2"
"Genesee","COUNTY","2025-05-06T00:00:00.000","2024-2025","1","4"
"Greene","COUNTY","2025-05-06T00:00:00.000","2024-2025","2","4"
"Hamilton","COUNTY","2025-05-06T00:00:00.000","2024-2025","1","0"
"Herkimer","COUNTY","2025-05-06T00:00:00.000","2024-2025","9","4"
"Jefferson","COUNTY","2025-05-06T00:00:00.000","2024-2025","8","16"
"Kings","COUNTY","2025-05-06T00:00:00.000","2024-2025","0","0"
"Lewis","COUNTY","2025-05-06T00:00:00.000","2024-2025","0","1"
"Livingston","COUNTY","2025-05-06T00:00:00.000","2024-2025","11","5"
"Madison","COUNTY","2025-05-06T00:00:00.000","2024-2025","5","4"
"Monroe","COUNTY","2025-05-06T00:00:00.000","2024-2025","174","77"
"Montgomery","COUNTY","2025-05-06T00:00:00.000","2024-2025","10","3"
"Nassau","COUNTY","2025-05-06T00:00:00.000","2024-2025","132","289"
"New York","COUNTY","2025-05-06T00:00:00.000","2024-2025","0","0"
"Niagara","COUNTY","2025-05-06T00:00:00.000","2024-2025","20","15"
"Oneida","COUNTY","2025-05-06T00:00:00.000","2024-2025","14","16"
"Onondaga","COUNTY","2025-05-06T00:00:00.000","2024-2025","63","99"
"Ontario","COUNTY","2025-05-06T00:00:00.000","2024-2025","19","12"
"Orange","COUNTY","2025-05-06T00:00:00.000","2024-2025","23","42"
"Orleans","COUNTY","2025-05-06T00:00:00.000","2024-2025","3","3"
"Oswego","COUNTY","2025-05-06T00:00:00.000","2024-2025","8","15"
"Otsego","COUNTY","2025-05-06T00:00:00.000","2024-2025","10","5"
"Putnam","COUNTY","2025-05-06T00:00:00.000","2024-2025","17","10"
"Queens","COUNTY","2025-05-06T00:00:00.000","2024-2025","0","0"
"Rensselaer","COUNTY","2025-05-06T00:00:00.000","2024-2025","23","11"
"Richmond","COUNTY","2025-05-06T00:00:00.000","2024-2025","0","0"
"Rockland","COUNTY","2025-05-06T00:00:00.000","2024-2025","34","154"
"Saratoga","COUNTY","2025-05-06T00:00:00.000","2024-2025","26","19"
"Schenectady","COUNTY","2025-05-06T00:00:00.000","2024-2025","28","16"
"Schoharie","COUNTY","2025-05-06T00:00:00.000","2024-2025","5","1"
"Schuyler","COUNTY","2025-05-06T00:00:00.000","2024-2025","1","0"
"Seneca","COUNTY","2025-05-06T00:00:00.000","2024-2025","4","5"
"St. Lawrence","COUNTY","2025-05-06T00:00:00.000","2024-2025","6","11"
"Steuben","COUNTY","2025-05-06T00:00:00.000","2024-2025","16","12"
"Suffolk","COUNTY","2025-05-06T00:00:00.000","2024-2025","107","234"
"Sullivan","COUNTY","2025-05-06T00:00:00.000","2024-2025","14","5"
"Tioga","COUNTY","2025-05-06T00:00:00.000","2024-2025","14","1"
"Tompkins","COUNTY","2025-05-06T00:00:00.000","2024-2025","25","23"
"Ulster","COUNTY","2025-05-06T00:00:00.000","2024-2025","31","20"
"Warren","COUNTY","2025-05-06T00:00:00.000","2024-2025","12","9"
"Washington","COUNTY","2025-05-06T00:00:00.000","2024-2025","5","11"
"Wayne","COUNTY","2025-05-06T00:00:00.000","2024-2025","13","8"
"Westchester","COUNTY","2025-05-06T00:00:00.000","2024-2025","157","124"
"Wyoming","COUNTY","2025-05-06T00:00:00.000","2024-2025","4","3"
"Yates","COUNTY","2025-05-06T00:00:00.000","2024-2025","2","1"
"Capital Region","REGION","2025-05-06T00:00:00.000","2024-2025","158","112"
"Central New York","REGION","2025-05-06T00:00:00.000","2024-2025","84","135"
"Finger Lakes","REGION","2025-05-06T00:00:00.000","2024-2025","231","118"
"Long Island","REGION","2025-05-06T00:00:00.000","2024-2025","239","523"
"Mid-Hudson","REGION","2025-05-06T00:00:00.000","2024-2025","308","378"
"Mohawk Valley","REGION","2025-05-06T00:00:00.000","2024-2025","54","31"
"New York City","REGION","2025-05-06T00:00:00.000","2024-2025","0","0"
"North Country","REGION","2025-05-06T00:00:00.000","2024-2025","41","50"
"Southern Tier","REGION","2025-05-06T00:00:00.000","2024-2025","101","68"
"Western New York","REGION","2025-05-06T00:00:00.000","2024-2025","178","167"
"ROS","REST OF STATE","2025-05-06T00:00:00.000","2024-2025","1394","1582"
"Albany","COUNTY","2025-05-13T00:00:00.000","2024-2025","51","18"
"Allegany","COUNTY","2025-05-13T00:00:00.000","2024-2025","7","1"
"Bronx","COUNTY","2025-05-13T00:00:00.000","2024-2025","0","0"
"Broome","COUNTY","2025-05-13T00:00:00.000","2024-2025","21","4"
"Cattaraugus","COUNTY","2025-05-13T00:00:00.000","2024-2025","5","1"
"Cayuga","COUNTY","2025-05-13T00:00:00.000","2024-2025","1","2"
"Chautauqua","COUNTY","2025-05-13T00:00:00.000","2024-2025","13","4"
"Chemung","COUNTY","2025-05-13T00:00:00.000","2024-2025","8","2"
"Chenango","COUNTY","2025-05-13T00:00:00.000","2024-2025","6","5"
"Clinton","COUNTY","2025-05-13T00:00:00.000","2024-2025","9","4"
"Columbia","COUNTY","2025-05-13T00:00:00.000","2024-2025","5","7"
"Cortland","COUNTY","2025-05-13T00:00:00.000","2024-2025","3","1"
"Delaware","COUNTY","2025-05-13T00:00:00.000","2024-2025","5","3"
"Dutchess","COUNTY","2025-05-13T00:00:00.000","2024-2025","18","17"
"Erie","COUNTY","2025-05-13T00:00:00.000","2024-2025","88","112"
"Essex","COUNTY","2025-05-13T00:00:00.000","2024-2025","4","1"
"Franklin","COUNTY","2025-05-13T00:00:00.000","2024-2025","3","2"
"Fulton","COUNTY","2025-05-13T00:00:00.000","2024-2025","1","3"
"Genesee","COUNTY","2025-05-13T00:00:00.000","2024-2025","3","2"
"Greene","COUNTY","2025-05-13T00:00:00.000","2024-2025","2","0"
"Hamilton","COUNTY","2025-05-13T00:00:00.000","2024-2025","0","0"
"Herkimer","COUNTY","2025-05-13T00:00:00.000","2024-2025","1","0"
"Jefferson","COUNTY","2025-05-13T00:00:00.000","2024-2025","2","12"
"Kings","COUNTY","2025-05-13T00:00:00.000","2024-2025","0","0"
"Lewis","COUNTY","2025-05-13T00:00:00.000","2024-2025","1","1"
"Livingston","COUNTY","2025-05-13T00:00:00.000","2024-2025","12","2"
"Madison","COUNTY","2025-05-13T00:00:00.000","2024-2025","4","5"
"Monroe","COUNTY","2025-05-13T00:00:00.000","2024-2025","137","65"
"Montgomery","COUNTY","2025-05-13T00:00:00.000","2024-2025","8","0"
"Nassau","COUNTY","2025-05-13T00:00:00.000","2024-2025","88","137"
"New York","COUNTY","2025-05-13T00:00:00.000","2024-2025","0","0"
"Niagara","COUNTY","2025-05-13T00:00:00.000","2024-2025","11","9"
"Oneida","COUNTY","2025-05-13T00:00:00.000","2024-2025","10","14"
"Onondaga","COUNTY","2025-05-13T00:00:00.000","2024-2025","67","91"
"Ontario","COUNTY","2025-05-13T00:00:00.000","2024-2025","25","2"
"Orange","COUNTY","2025-05-13T00:00:00.000","2024-2025","20","14"
"Orleans","COUNTY","2025-05-13T00:00:00.000","2024-2025","0","1"
"Oswego","COUNTY","2025-05-13T00:00:00.000","2024-2025","3","9"
"Otsego","COUNTY","2025-05-13T00:00:00.000","2024-2025","3","3"
"Putnam","COUNTY","2025-05-13T00:00:00.000","2024-2025","6","1"
"Queens","COUNTY","2025-05-13T00:00:00.000","2024-2025","0","0"
"Rensselaer","COUNTY","2025-05-13T00:00:00.000","2024-2025","18","14"
"Richmond","COUNTY","2025-05-13T00:00:00.000","2024-2025","0","0"
"Rockland","COUNTY","2025-05-13T00:00:00.000","2024-2025","17","78"
"Saratoga","COUNTY","2025-05-13T00:00:00.000","2024-2025","27","20"
"Schenectady","COUNTY","2025-05-13T00:00:00.000","2024-2025","19","9"
"Schoharie","COUNTY","2025-05-13T00:00:00.000","2024-2025","3","0"
"Schuyler","COUNTY","2025-05-13T00:00:00.000","2024-2025","5","0"
"Seneca","COUNTY","2025-05-13T00:00:00.000","2024-2025","6","0"
"St. Lawrence","COUNTY","2025-05-13T00:00:00.000","2024-2025","5","5"
"Steuben","COUNTY","2025-05-13T00:00:00.000","2024-2025","10","3"
"Suffolk","COUNTY","2025-05-13T00:00:00.000","2024-2025","103","158"
"Sullivan","COUNTY","2025-05-13T00:00:00.000","2024-2025","14","2"
"Tioga","COUNTY","2025-05-13T00:00:00.000","2024-2025","6","0"
"Tompkins","COUNTY","2025-05-13T00:00:00.000","2024-2025","30","12"
"Ulster","COUNTY","2025-05-13T00:00:00.000","2024-2025","26","15"
"Warren","COUNTY","2025-05-13T00:00:00.000","2024-2025","5","2"
"Washington","COUNTY","2025-05-13T00:00:00.000","2024-2025","1","2"
"Wayne","COUNTY","2025-05-13T00:00:00.000","2024-2025","40","3"
"Westchester","COUNTY","2025-05-13T00:00:00.000","2024-2025","106","80"
"Wyoming","COUNTY","2025-05-13T00:00:00.000","2024-2025","7","2"
"Yates","COUNTY","2025-05-13T00:00:00.000","2024-2025","3","0"
"Capital Region","REGION","2025-05-13T00:00:00.000","2024-2025","128","72"
"Central New York","REGION","2025-05-13T00:00:00.000","2024-2025","78","108"
"Finger Lakes","REGION","2025-05-13T00:00:00.000","2024-2025","233","77"
"Long Island","REGION","2025-05-13T00:00:00.000","2024-2025","191","295"
"Mid-Hudson","REGION","2025-05-13T00:00:00.000","2024-2025","207","207"
"Mohawk Valley","REGION","2025-05-13T00:00:00.000","2024-2025","26","20"
"New York City","REGION","2025-05-13T00:00:00.000","2024-2025","0","0"
"North Country","REGION","2025-05-13T00:00:00.000","2024-2025","24","25"
"Southern Tier","REGION","2025-05-13T00:00:00.000","2024-2025","91","29"
"Western New York","REGION","2025-05-13T00:00:00.000","2024-2025","124","127"
"ROS","REST OF STATE","2025-05-13T00:00:00.000","2024-2025","1102","960"
